reject_rate,t1e_or_power,ci_cover,E_theta,bias,rmse,E_J,sd_J,q05_J,q50_J,q95_J,P_J_eq_Jmax,pJmax,mean_wall,family,rho,sigma_a,sigma_b,theta,design,J0,Jmax,alpha,alpha_adj,delta,power_target,gamma,correction,K,seed,R,reject_rate_mcse,ci_cover_mcse,pJmax_mcse,cell_index,module_cell,theta_mult,B,sigma_ratio,cell_id,module,projected_R,bootstrap_B,cell_seconds,alpha_plan,alpha_note
0.05,0.05,0.95,0.0034903486380434435,0.0034903486380434435,0.1731149851528173,84.0,0.0,84.0,84.0,84.0,0.0,0.0,0.007801527404785156,beta,-0.3,1.0,1.0,0.0,D6,50,1000,0.05,0.05,0.5,0.8,0.2,none,1,100485,5000,0.0030822070014844883,0.0030822070014844896,0.0,485,A,0.0,50,1.0,A_0485,A,5000,50,39.04,,
0.0574,0.0574,0.9426,-0.002803485896469294,-0.002803485896469294,0.18157188248453013,83.4828,17.410804236450424,58.0,82.0,114.0,0.0,0.0,0.0081590491771698,beta,-0.3,1.0,1.0,0.0,D1,50,1000,0.05,0.05,0.5,0.8,0.2,none,1,100480,5000,0.0032895361375124,0.0032895361375124004,0.0,480,A,0.0,50,1.0,A_0480,A,5000,50,40.865,,
0.7818,0.7818,0.9454,0.5023343049614066,0.0023343049614066302,0.1823799930397216,65.0472,13.318805207675348,45.0,64.0,88.0,0.0,0.0,0.00806540355682373,beta,0.0,1.0,1.0,0.5,D1,50,1000,0.05,0.05,0.5,0.8,0.2,none,1,100516,5000,0.005841040318299472,0.003213062090903317,0.0,516,A,1.0,50,1.0,A_0516,A,5000,50,40.356,,
0.9934,0.9934,1.0,0.5041454907730929,0.004145490773092897,0.06150386610125222,65.5258,12.40682611951985,50.0,64.0,89.0,0.0,0.0,0.007942079305648804,beta,0.9,1.0,1.0,0.5,D3,50,1000,0.05,0.05,0.5,0.8,0.2,none,1,100590,5000,0.0011451148414023853,0.0,0.0,590,A,1.0,50,1.0,A_0590,A,5000,50,39.742,,
0.2856,0.2856,0.9498,0.24867995714449406,-0.0013200428555059374,0.15468551016613896,12.0,0.0,12.0,12.0,12.0,0.0,0.0,0.0029762364864349363,gamma,0.9,1.0,1.0,0.25,D6,50,1000,0.05,0.05,0.5,0.8,0.2,none,1,100347,5000,0.006387998747651724,0.003088040155179334,0.0,347,A,0.5,50,1.0,A_0347,A,5000,50,14.913,,
0.466,0.466,0.9532,0.2516725593206059,0.001672559320605893,0.1297789554727984,50.2186,1.448866467277092,50.0,50.0,50.0,0.0,0.0,0.004169552278518677,gamma,0.6,1.0,1.0,0.25,D2,50,1000,0.05,0.05,0.5,0.8,0.2,none,1,100319,5000,0.00705470056061914,0.002986963675708158,0.0,319,A,0.5,50,1.0,A_0319,A,5000,50,20.899,,
0.796,0.796,0.9295,0.5026234445798515,0.0026234445798515305,0.16216143132206032,34.6525,10.23746764341651,20.0,34.0,53.0,0.0,0.0,0.0004068760871887207,empirical,,1.0,1.0,0.5,D4,50,1000,0.05,0.05,0.5,0.8,0.2,bonferroni,1,400607,2000,0.009010660353159472,0.005724061058374553,0.0,607,B,1.0,999,,B_0607,B,2000,999,0.829,0.05,plan every contrast at alpha/K = 0.05000/1
0.8676,0.8676,0.942,0.49026635787597306,-0.009733642124026942,0.16219708523001788,103.4126,21.48457961515654,71.0,102.0,142.0,0.0,0.0,0.004056505584716797,gamma,-0.3,1.0,1.0,0.5,D2,50,1000,0.05,0.05,0.5,0.8,0.2,none,1,300079,5000,0.004793125076607119,0.003305631558416638,0.0,79,D,1.0,50,1.0,D_0079,D,5000,50,20.308,,
0.9282,0.9282,0.9184,0.5017774642138757,0.0017774642138757013,0.1628244079003209,100.0002,0.014140721339450827,100.0,100.0,100.0,0.0,0.0,0.0033578866004943847,gamma,-0.3,1.0,1.0,0.5,D3,100,1000,0.05,0.05,0.5,0.8,0.2,none,1,200208,5000,0.0036508837286333834,0.003871471038248898,0.0,208,C,1.0,50,1.0,C_0208,C,5000,50,16.816,,
0.0206,0.0206,0.9802,-0.00448099382489817,-0.00448099382489817,0.14900865937454708,65.698,11.748616769645693,50.0,64.0,88.0,0.0,0.0,0.003169246578216553,gamma,0.3,1.0,1.0,0.0,D3,50,1000,0.05,0.05,0.5,0.8,0.2,none,1,100290,5000,0.002008762803319496,0.0019701756266891557,0.0,290,A,0.0,50,1.0,A_0290,A,5000,50,15.88,,
0.3494,0.3494,0.9454,0.24115215879689905,-0.008847841203100948,0.16100965914155804,103.0768,21.25550521065072,72.0,102.0,141.0,0.0,0.0,0.003520302104949951,gamma,-0.3,1.0,1.0,0.25,D2,50,1000,0.05,0.05,0.5,0.8,0.2,none,1,100247,5000,0.006742694416922659,0.003213062090903317,0.0,247,A,0.5,50,1.0,A_0247,A,5000,50,17.628,,
1.0,1.0,0.9484,0.5001085152588641,0.00010851525886412805,0.07924361062782513,999.8726,3.8756637160620637,1000.0,1000.0,1000.0,0.0,0.9986,0.003049310541152954,gamma,-0.3,2.0,1.0,0.5,D5,50,1000,0.05,0.05,0.5,0.8,0.2,none,1,300190,5000,0.0,0.003128496124338337,0.0,190,D,1.0,50,2.0,D_0190,D,5000,50,15.27,,
0.87,0.87,0.9466,0.5056894633999104,0.005689463399910388,0.16648303105406226,99.7538,23.217027922626098,66.0,98.0,141.0,0.0,0.0,0.0031850632667541506,gamma,-0.3,1.0,1.0,0.5,D4,50,1000,0.05,0.05,0.5,0.8,0.2,none,1,100255,5000,0.004756048780237646,0.0031795735563122296,0.0,255,A,1.0,50,1.0,A_0255,A,5000,50,15.952,,
1.0,1.0,0.9504,0.49978945907547767,-0.00021054092452232887,0.07646022198911617,50.0,0.0,50.0,50.0,50.0,0.0,0.0,0.0032503689765930174,gamma,0.9,1.0,1.0,0.5,D2,50,1000,0.05,0.05,0.5,0.8,0.2,none,1,200132,5000,0.0,0.0030704996336101387,0.0,132,C,1.0,50,1.0,C_0132,C,5000,50,16.282,,
0.8696,0.8696,0.9404,0.5006927601221363,0.00069276012213626,0.16647326869266282,109.1152,36.511679350038115,60.0,104.0,175.0,0.0,0.0,0.003085849666595459,gamma,-0.3,1.0,1.0,0.5,D4,25,1000,0.05,0.05,0.5,0.8,0.2,none,1,200020,5000,0.00476226500732582,0.0033480692943844512,0.0,20,C,1.0,25,1.0,C_0020,C,5000,25,15.456,,
0.8182,0.8182,0.9526,0.4999115178734777,-8.848212652229348e-05,0.1744783531458414,13.7962,32.77906443997449,8.0,10.0,25.0,0.0004,0.0004,0.014185042238235473,t3,0.9,1.0,1.0,0.5,D1,50,1000,0.05,0.05,0.5,0.8,0.2,none,1,100708,5000,0.005454333323147752,0.0030051036587778464,0.00028278613827413816,708,A,1.0,50,1.0,A_0708,A,5000,50,70.959,,
0.997,0.997,0.9442,0.49821556622717905,-0.001784433772820948,0.10927142336532415,25.7062,5.959251761756673,25.0,25.0,26.0,0.0,0.0,0.001463209295272827,lognormal,0.9,1.0,1.0,0.5,D2,25,1000,0.05,0.05,0.5,0.8,0.2,none,1,200069,5000,0.0007734339015067807,0.0032461164489278557,0.0,69,C,1.0,100,1.0,C_0069,C,5000,100,7.363,,
0.8486,0.8486,0.9804,0.4939697919855106,-0.006030208014489391,0.14847870814278324,65.5356,13.154783640942181,50.0,63.0,89.05000000000018,0.0,0.0,0.0008486102104187012,lognormal,0.3,1.0,1.0,0.5,D3,50,1000,0.05,0.05,0.5,0.8,0.2,none,1,100182,5000,0.005069083546362201,0.0019603999591919987,0.0,182,A,1.0,50,1.0,A_0182,A,5000,50,4.274,,
0.0824,0.0824,1.0,0.24343897022159877,-0.006561029778401228,0.06918870240762019,66.0982,15.660119947177927,50.0,63.0,96.0,0.0,0.0,0.000801172685623169,lognormal,0.9,1.0,1.0,0.25,D3,50,1000,0.05,0.05,0.5,0.8,0.2,none,1,100224,5000,0.0038887077545117737,0.0,0.0,224,A,0.5,50,1.0,A_0224,A,5000,50,4.037,,
0.9614,0.9614,0.9546,0.9964583680439256,-0.003541631956074376,0.2141983454029517,231.1754,236.40402753515008,76.0,127.0,935.0500000000002,0.043,0.0432,0.00038630576133728026,mix,-0.3,1.0,1.0,1.0,D4,50,1000,0.05,0.05,0.5,0.8,0.2,none,1,100381,5000,0.0027243362494376484,0.002944107334999864,0.0028688325151531584,381,A,2.0,50,1.0,A_0381,A,5000,50,1.959,,
0.0478,0.0478,0.9522,0.0002723471546840248,0.0002723471546840248,0.051992397087580855,125.0202,53.318655196469464,74.0,115.0,206.0,0.0,0.0002,0.0009767013549804688,lognormal,0.9,1.0,1.0,0.0,D5,50,1000,0.05,0.05,0.5,0.8,0.2,none,1,100220,5000,0.003017123133052412,0.0030171231330524103,0.0,220,A,0.0,50,1.0,A_0220,A,5000,50,4.934,,
0.874,0.874,0.9504,0.4991641444979357,-0.0008358555020642755,0.15530143247433423,13.6588,3.4228617500565224,10.0,13.0,19.0,0.0,0.0,0.0008355515003204345,lognormal,0.9,1.0,1.0,0.5,D4,100,1000,0.05,0.05,0.5,0.8,0.2,none,1,200206,5000,0.0046930587040862805,0.0030704996336101387,0.0,206,C,1.0,50,1.0,C_0206,C,5000,50,4.215,,
0.0568,0.0568,0.9432,0.0019561215749778677,0.0019561215749778677,0.18026886841238107,46.625,9.617274821902512,32.0,46.0,63.0,0.0,0.0,0.008050746631622314,beta,0.3,1.0,1.0,0.0,D1,50,1000,0.05,0.05,0.5,0.8,0.2,none,1,100528,5000,0.0032733395790843335,0.0032733395790843322,0.0,528,A,0.0,50,1.0,A_0528,A,5000,50,40.283,,
0.9862,0.9862,1.0,0.4923712715552847,-0.007628728444715294,0.06990781012284335,66.3434,16.288163691466266,50.0,63.0,96.0,0.0,0.0,0.0007688608169555664,lognormal,0.9,1.0,1.0,0.5,D3,50,1000,0.05,0.05,0.5,0.8,0.2,none,1,100230,5000,0.0016498218085599446,0.0,0.0,230,A,1.0,50,1.0,A_0230,A,5000,50,3.873,,
0.9996,0.9996,0.9514,0.9990697107262775,-0.0009302892737225177,0.16619861886853537,78.0634,19.987920863361452,51.0,75.0,115.0,0.0,0.0,0.0007791730403900147,lognormal,0.0,1.0,1.0,1.0,D4,50,1000,0.05,0.05,0.5,0.8,0.2,none,1,100165,5000,0.0002827861382741226,0.003040987997345599,0.0,165,A,2.0,50,1.0,A_0165,A,5000,50,3.931,,
0.0336,0.0336,0.9664,-0.0039332258732541515,-0.0039332258732541515,0.34342288503545637,131.5998,203.9690506914223,22.0,38.0,607.0,0.02,0.02,0.00043027982711791994,mix,0.6,1.0,1.0,0.0,D1,50,1000,0.05,0.05,0.5,0.8,0.2,none,1,100432,5000,0.002548373598984262,0.0025483735989842607,0.001979898987322333,432,A,0.0,50,1.0,A_0432,A,5000,50,2.21,,
0.9872,0.9872,0.9694,1.001087359449833,0.0010873594498330696,0.17755442909187164,172.0,0.0,172.0,172.0,172.0,0.0,0.0,0.0004341763973236084,mix,0.3,1.0,1.0,1.0,D6,50,1000,0.05,0.05,0.5,0.8,0.2,none,1,100431,5000,0.0015897270205919023,0.002435719195638116,0.0,431,A,2.0,50,1.0,A_0431,A,5000,50,2.216,,
0.359,0.359,0.9262,0.2518969873533974,0.0018969873533973836,0.21226330887730271,177.5432,213.98145091049363,54.0,80.0,716.1000000000004,0.027,0.027,0.0007487744331359863,mix,-0.3,1.0,1.0,0.25,D3,50,1000,0.05,0.05,0.5,0.8,0.2,none,1,100368,5000,0.006784084315513774,0.003697392594788927,0.002292204179387168,368,A,0.5,50,1.0,A_0368,A,5000,50,3.799,,
0.988,0.988,0.9936,1.0030538282892503,0.003053828289250271,0.15683637468425876,176.0728,213.27806708651502,53.0,80.0,708.0500000000002,0.0256,0.0256,0.0005448981761932373,mix,0.6,1.0,1.0,1.0,D3,50,1000,0.05,0.05,0.5,0.8,0.2,none,1,100452,5000,0.0015398701243936133,0.0011277446519491869,0.002233590830926739,452,A,2.0,50,1.0,A_0452,A,5000,50,2.754,,
0.811,0.811,0.9485,0.4989806929570088,-0.001019307042991191,0.17570882946273447,64.9665,8.75204991701944,51.0,65.0,80.0,0.0,0.0,0.0003432794809341431,normal,0.0,1.0,1.0,0.5,D3,50,1000,0.05,0.05,0.5,0.8,0.2,bonferroni,1,400050,2000,0.00875439889427024,0.004942051699446293,0.0,50,B,1.0,999,,B_0050,B,2000,999,0.7,0.05,plan every contrast at alpha/K = 0.05000/1
0.0236,0.0236,0.9778,-0.010836169602527314,-0.010836169602527314,0.14953899029532486,65.4854,13.247421894089431,50.0,63.0,90.0,0.0,0.0,0.0008586091995239258,lognormal,0.3,1.0,1.0,0.0,D3,50,1000,0.05,0.05,0.5,0.8,0.2,none,1,100170,5000,0.002146766871367266,0.002083610328252382,0.0,170,A,0.0,50,1.0,A_0170,A,5000,50,4.322,,
0.3042,0.3042,0.9518,0.25458635629532905,0.004586356295329053,0.17962938581247478,80.8158,19.141459462642864,52.0,79.0,116.0,0.0,0.0,0.0005139966487884522,empirical_copula,-0.3,1.0,1.0,0.25,D1,50,1000,0.05,0.05,0.5,0.8,0.2,none,1,100726,5000,0.00650634090714589,0.003029084350096577,0.0,726,A,0.5,50,1.0,A_0726,A,5000,50,2.599,,
1.0,1.0,0.9478,1.0029253802667386,0.0029253802667386086,0.17726737878082882,83.0,0.0,83.0,83.0,83.0,0.0,0.0,0.0005752440452575683,lognormal,-0.3,1.0,1.0,1.0,D6,50,1000,0.05,0.05,0.5,0.8,0.2,none,1,100143,5000,0.0,0.003145636978419475,0.0,143,A,2.0,50,1.0,A_0143,A,5000,50,2.906,,
0.7706,0.7706,0.9558,0.2515703897107029,0.0015703897107028908,0.10098916264560859,618.9802,314.8050498450748,246.0,482.5,1000.0,0.0,0.3506,0.000283258581161499,mix,0.6,1.0,1.0,0.25,D5,50,1000,0.05,0.05,0.5,0.8,0.2,none,1,100442,5000,0.005946017827083939,0.002906763148245829,0.0,442,A,0.5,50,1.0,A_0442,A,5000,50,1.439,,
1.0,1.0,0.9488,0.4997585097271149,-0.00024149027288511427,0.06337250744492169,50.0,0.0,50.0,50.0,50.0,0.0,0.0,0.0007669687747955322,normal,0.9,1.0,1.0,0.5,D2,50,1000,0.05,0.05,0.5,0.8,0.2,none,1,300031,5000,0.0,0.0031170036894427964,0.0,31,D,1.0,50,1.0,D_0031,D,5000,50,3.864,,
0.7954,0.7954,0.9472,0.5022983185560287,0.002298318556028689,0.17775003982683227,46.4752,8.979453488937954,33.0,46.0,62.0,0.0,0.0,0.0003409623146057129,normal,0.9,2.0,1.0,0.5,D1,50,1000,0.05,0.05,0.5,0.8,0.2,none,1,300138,5000,0.005705065117945631,0.003162662169755093,0.0,138,D,1.0,50,2.0,D_0138,D,5000,50,1.736,,
0.077,0.077,0.9238,0.0001708584359786082,0.0001708584359786082,0.19646273994610153,158.9342,26.41653781932826,118.0,157.0,205.0,0.0,0.0,0.0003220723628997803,normal,-0.3,2.0,1.0,0.0,D3,50,1000,0.05,0.05,0.5,0.8,0.2,none,1,300110,5000,0.0037701724098507753,0.003752160977356916,0.0,110,D,0.0,50,2.0,D_0110,D,5000,50,1.634,,
0.8498,0.8498,0.9454,0.502332074996269,0.0023320749962689735,0.16989993151382285,93.8256,14.944229141712196,71.0,93.0,121.0,0.0,0.0,0.003395630884170532,gamma,-0.3,1.0,1.0,0.5,D4,100,1000,0.05,0.05,0.5,0.8,0.2,none,1,200182,5000,0.005052523329980773,0.003213062090903317,0.0,182,C,1.0,25,1.0,C_0182,C,5000,25,17.005,,
0.8744,0.8744,0.9488,0.5018322877381305,0.0018322877381304892,0.1403624046915367,10.211,1.561434916991419,8.0,10.0,13.0,0.0,0.0,0.00037362022399902345,normal,0.9,1.0,1.0,0.5,D4,50,1000,0.05,0.05,0.5,0.8,0.2,none,1,100111,5000,0.004686675580835525,0.0031170036894427964,0.0,111,A,1.0,50,1.0,A_0111,A,5000,50,1.898,,
0.0492,0.0492,0.9508,2.9693575836458664e-05,2.9693575836458664e-05,0.17875805961819852,83.9434,16.34127891078296,58.0,83.0,112.0,0.0,0.0,0.0003685368537902832,normal,-0.3,1.0,1.0,0.0,D1,50,1000,0.05,0.05,0.5,0.8,0.2,none,1,100000,5000,0.0030587369942510585,0.0030587369942510594,0.0,0,A,0.0,50,1.0,A_0000,A,5000,50,1.871,,
0.0625,0.0625,0.9375,0.003375590170642299,0.003375590170642299,0.15134417550395005,16.8465,3.7646962360859875,11.0,16.0,23.0,0.0,0.0,0.0006174144744873046,empirical_copula,0.9,1.0,1.0,0.0,D4,50,1000,0.05,0.05,0.5,0.8,0.2,romano_wolf,1,400197,2000,0.005412658773652742,0.005412658773652742,0.0,197,B,0.0,999,,B_0197,B,2000,999,1.267,0.05,Romano-Wolf power is planned by simulation from Sigma_D (§4.4); use this alpha at the stepdown.
0.0515,0.0515,0.9485,-0.00041149783478759526,-0.00041149783478759526,0.16288416840475167,77.9805,18.096024970970834,51.0,77.0,108.04999999999995,0.0,0.0,0.000527265191078186,empirical_copula,0.0,1.0,1.0,0.0,D4,50,1000,0.05,0.05,0.5,0.8,0.2,none,3,400213,2000,0.004942051699446294,0.004942051699446293,0.0,213,B,0.0,999,,B_0213,B,2000,999,1.068,0.05,no multiplicity control (caller declared acceptance)
0.999,0.999,0.9478,0.9964117473132977,-0.0035882526867022646,0.17501446096053144,27.6358,5.092500207167399,20.0,27.0,36.0,0.0,0.0,0.00033449344635009767,normal,0.6,1.0,1.0,1.0,D1,50,1000,0.05,0.05,0.5,0.8,0.2,none,1,100090,5000,0.0004469899327725404,0.003145636978419475,0.0,90,A,2.0,50,1.0,A_0090,A,5000,50,1.708,,
0.7996,0.7996,0.949,0.49865887683078547,-0.001341123169214531,0.17850266338029977,197.0,0.0,197.0,197.0,197.0,0.0,0.0,0.0001519442081451416,normal,-0.3,2.0,1.0,0.5,D6,50,1000,0.05,0.05,0.5,0.8,0.2,none,1,300119,5000,0.0056610924740724735,0.0031112376958374634,0.0,119,D,1.0,50,2.0,D_0119,D,5000,50,0.783,,
0.8425,0.8425,0.98,0.49871443519131403,-0.0012855648086859683,0.14551035043030364,129.2885,30.53133255771847,84.0,126.0,184.0,0.0,0.0,0.0005868402719497681,empirical_copula,-0.3,1.0,1.0,0.5,D4,50,1000,0.05,0.016666666666666666,0.5,0.8,0.2,holm,3,400287,2000,0.00814535910810567,0.003130495168499707,0.0,287,B,1.0,999,,B_0287,B,2000,999,1.187,0.016666666666666666,plan every contrast at alpha/K = 0.05000/3
0.8395,0.8395,0.95,0.5008294729589311,0.000829472958931099,0.16007983663739164,58.7025,14.198309538462668,38.0,58.0,83.0,0.0,0.0,0.0005272387266159058,empirical_copula,0.3,1.0,1.0,0.5,D4,50,1000,0.05,0.05,0.5,0.8,0.2,romano_wolf,6,400583,2000,0.00820791538699078,0.004873397172404485,0.0,583,B,1.0,999,,B_0583,B,2000,999,1.071,0.05,Romano-Wolf power is planned by simulation from Sigma_D (§4.4); use this alpha at the stepdown.
0.87,0.87,1.0,0.5074284354686698,0.007428435468669781,0.0769425377928539,66.3835,15.427651400974808,50.0,63.0,96.0,0.0,0.0,0.0006637295484542846,empirical_copula,0.9,1.0,1.0,0.5,D3,50,1000,0.05,0.016666666666666666,0.5,0.8,0.2,bh,3,400358,2000,0.007519973404208289,0.0,0.0,358,B,1.0,999,,B_0358,B,2000,999,1.35,0.016666666666666666,BH: plan at alpha*r/K with r = 1 pre-declared expected rejections (r = 1 reduces to Bonferroni).
0.055,0.055,0.9475,0.012457801564704312,0.012457801564704312,0.1758739979862022,65.778,12.605701725806462,50.0,64.0,89.0,0.0,0.0,0.0007501604557037353,empirical_copula,0.0,1.0,1.0,0.0,D3,50,1000,0.05,0.05,0.5,0.8,0.2,bonferroni,1,400052,2000,0.005097793640389928,0.004987171041783106,0.0,52,B,0.0,999,,B_0052,B,2000,999,1.533,0.05,plan every contrast at alpha/K = 0.05000/1
0.003,0.003,0.9975,-0.00014948827246225526,-0.00014948827246225526,0.1498419766834877,66.7395,12.791662900108022,50.0,65.0,91.0,0.0,0.0,0.0011546385288238525,empirical_copula,0.3,1.0,1.0,0.0,D3,50,1000,0.05,0.008333333333333333,0.5,0.8,0.2,bonferroni,6,400460,2000,0.0012229063741758812,0.001116635571706353,0.0,460,B,0.0,999,,B_0460,B,2000,999,2.336,0.008333333333333333,plan every contrast at alpha/K = 0.05000/6
0.8335,0.8335,0.9425,0.5009236139283599,0.0009236139283599343,0.16038913926746728,37.845,9.31300032213035,24.0,37.0,54.049999999999955,0.0,0.0,0.000971220850944519,empirical_copula,0.6,1.0,1.0,0.5,D4,50,1000,0.05,0.05,0.5,0.8,0.2,none,1,400031,2000,0.008329998499399624,0.005205465877325487,0.0,31,B,1.0,999,,B_0031,B,2000,999,1.972,0.05,no multiplicity control (caller declared acceptance)
0.1015,0.1015,0.903,0.002593780022105338,0.002593780022105338,0.20435926399500015,65.6475,9.117304631852551,51.0,65.0,82.0,0.0,0.0,0.0006600683927536011,normal,-0.3,1.0,1.0,0.0,D3,50,1000,0.05,0.05,0.5,0.8,0.2,romano_wolf,3,400360,2000,0.006752693906878943,0.006617816860566631,0.0,360,B,0.0,999,,B_0360,B,2000,999,1.335,0.05,Romano-Wolf power is planned by simulation from Sigma_D (§4.4); use this alpha at the stepdown.
0.0595,0.0595,0.9405,0.0020612693920758086,0.0020612693920758086,0.1689297010475622,78.3415,18.516340830466476,50.0,77.0,111.0,0.0,0.0,0.0008433403968811035,empirical_copula,0.0,1.0,1.0,0.0,D4,50,1000,0.05,0.05,0.5,0.8,0.2,none,6,400413,2000,0.005289600646551685,0.005289600646551685,0.0,413,B,0.0,999,,B_0413,B,2000,999,1.7,0.05,no multiplicity control (caller declared acceptance)
0.0165,0.0165,0.9835,-0.002703636279892713,-0.002703636279892713,0.13939266532671704,74.5855,14.673400756130121,52.0,74.0,100.0,0.0,0.0,0.00036411261558532716,normal,0.3,1.0,1.0,0.0,D4,50,1000,0.05,0.016666666666666666,0.5,0.8,0.2,bonferroni,3,400257,2000,0.0028484864401994267,0.002848486440199423,0.0,257,B,0.0,999,,B_0257,B,2000,999,0.742,0.016666666666666666,plan every contrast at alpha/K = 0.05000/3
0.7875,0.7875,0.9155,0.4997580124794264,-0.0002419875205735833,0.20025851800907588,65.572,9.1749014163641,51.0,65.0,82.0,0.0,0.0,0.00035409975051879883,normal,-0.3,1.0,1.0,0.5,D3,50,1000,0.05,0.05,0.5,0.8,0.2,romano_wolf,3,400362,2000,0.009147233188237852,0.006219314672855845,0.0,362,B,1.0,999,,B_0362,B,2000,999,0.722,0.05,Romano-Wolf power is planned by simulation from Sigma_D (§4.4); use this alpha at the stepdown.
0.9135,0.9135,0.997,0.5010133607183012,0.0010133607183011595,0.11326890244152248,65.8575,10.319553951116298,50.0,65.0,85.0,0.0,0.0,0.0003271983861923218,normal,0.6,1.0,1.0,0.5,D3,50,1000,0.05,0.05,0.5,0.8,0.2,romano_wolf,1,400186,2000,0.006285608562422576,0.0012229063741758816,0.0,186,B,1.0,999,,B_0186,B,2000,999,0.668,0.05,Romano-Wolf power is planned by simulation from Sigma_D (§4.4); use this alpha at the stepdown.
0.884,0.884,0.9505,0.5021775737856299,0.0021775737856298827,0.14118349859797308,10.2325,1.5219867772093159,8.0,10.0,13.0,0.0,0.0,0.0004611308574676514,normal,0.9,1.0,1.0,0.5,D4,50,1000,0.05,0.05,0.5,0.8,0.2,bh,1,400155,2000,0.0071604469134265636,0.004850244839180801,0.0,155,B,1.0,999,,B_0155,B,2000,999,0.936,0.05,BH: plan at alpha*r/K with r = 1 pre-declared expected rejections (r = 1 reduces to Bonferroni).
0.013,0.013,0.987,0.005573890639022,0.005573890639022,0.13928614241405465,135.0505,25.577704153226886,96.0,134.0,179.0,0.0,0.0,0.00030048668384552,normal,-0.3,1.0,1.0,0.0,D4,50,1000,0.05,0.016666666666666666,0.5,0.8,0.2,bonferroni,3,400241,2000,0.0025328837320335094,0.0025328837320335107,0.0,241,B,0.0,999,,B_0241,B,2000,999,0.613,0.016666666666666666,plan every contrast at alpha/K = 0.05000/3
0.012,0.012,0.988,0.0015538995795192382,0.0015538995795192382,0.13387177226247676,85.707,16.45713070374055,61.0,85.0,115.0,0.0,0.0,0.0004504815340042114,normal,0.3,1.0,1.0,0.0,D4,50,1000,0.05,0.008333333333333333,0.5,0.8,0.2,bonferroni,6,400457,2000,0.002434748446965312,0.0024347484469653133,0.0,457,B,0.0,999,,B_0457,B,2000,999,0.914,0.008333333333333333,plan every contrast at alpha/K = 0.05000/6
0.0125,0.0125,0.9875,0.0017294335222700294,0.0017294335222700294,0.13586860547116247,121.0895,23.555476852528372,84.0,120.0,161.0,0.0,0.0,0.000332952618598938,normal,0.0,1.0,1.0,0.0,D4,50,1000,0.05,0.008333333333333333,0.5,0.8,0.2,bonferroni,6,400449,2000,0.002484325864293974,0.0024843258642939696,0.0,449,B,0.0,999,,B_0449,B,2000,999,0.687,0.008333333333333333,plan every contrast at alpha/K = 0.05000/6
0.0655,0.0655,0.9345,0.0002462844456967944,0.0002462844456967944,0.162438113910095,34.791,10.324355621538809,20.0,34.0,53.0,0.0,0.0,0.00030316483974456785,empirical,,1.0,1.0,0.0,D4,50,1000,0.05,0.05,0.5,0.8,0.2,holm,1,400609,2000,0.005532167296819575,0.005532167296819575,0.0,609,B,0.0,999,,B_0609,B,2000,999,0.623,0.05,plan every contrast at alpha/K = 0.05000/1
0.997,0.997,1.0,0.5008621748644172,0.0008621748644171978,0.05625999623974431,65.568,11.589278493504244,50.0,64.0,86.04999999999995,0.0,0.0,0.0003663593530654907,normal,0.9,1.0,1.0,0.5,D3,50,1000,0.05,0.05,0.5,0.8,0.2,none,6,400434,2000,0.0012229063741758816,0.0,0.0,434,B,1.0,999,,B_0434,B,2000,999,0.746,0.05,no multiplicity control (caller declared acceptance)
0.062,0.062,0.938,-0.002774064194165934,-0.002774064194165934,0.16109357452025982,35.0855,10.593214325689818,20.0,34.0,54.0,0.0,0.0,0.00019230616092681885,empirical,,1.0,1.0,0.0,D4,50,1000,0.05,0.05,0.5,0.8,0.2,bonferroni,1,400605,2000,0.005392402062161166,0.005392402062161169,0.0,605,B,0.0,999,,B_0605,B,2000,999,0.394,0.05,plan every contrast at alpha/K = 0.05000/1
