family,rho,J,test,type_I,mcse,R,skew_D,abs_skew,skew_mcse
normal,0.0,10,paired_t,0.049825,0.0010879162349992,40000,-0.000947950377876,0.000947950377876,0.0024494897427831
normal,0.0,15,paired_t,0.048025,0.0010690954047113,40000,-0.000947950377876,0.000947950377876,0.0024494897427831
normal,0.0,20,paired_t,0.050325,0.0010930735836964,40000,-0.000947950377876,0.000947950377876,0.0024494897427831
normal,0.0,25,paired_t,0.05015,0.0010912719356329,40000,-0.000947950377876,0.000947950377876,0.0024494897427831
normal,0.0,30,paired_t,0.049325,0.0010827285483328,40000,-0.000947950377876,0.000947950377876,0.0024494897427831
normal,0.0,40,paired_t,0.0498,0.0010876575747908,40000,-0.000947950377876,0.000947950377876,0.0024494897427831
normal,0.0,50,paired_t,0.050675,0.0010966659059964,40000,-0.000947950377876,0.000947950377876,0.0024494897427831
normal,0.0,75,paired_t,0.048425,0.0010733128548447,40000,-0.000947950377876,0.000947950377876,0.0024494897427831
normal,0.0,100,paired_t,0.0504,0.0010938445959093,40000,-0.000947950377876,0.000947950377876,0.0024494897427831
normal,0.0,150,paired_t,0.047925,0.0010680378548417,40000,-0.000947950377876,0.000947950377876,0.0024494897427831
normal,0.0,200,paired_t,0.04965,0.0010861040178086,40000,-0.000947950377876,0.000947950377876,0.0024494897427831
normal,0.0,400,paired_t,0.05005,0.0010902407704264,40000,-0.000947950377876,0.000947950377876,0.0024494897427831
normal,0.6,10,paired_t,0.049825,0.0010879162349992,40000,-0.0002568952991997,0.0002568952991997,0.0024494897427831
normal,0.6,15,paired_t,0.0509,0.0010989675836893,40000,-0.0002568952991997,0.0002568952991997,0.0024494897427831
normal,0.6,20,paired_t,0.051075,0.0011007536551722,40000,-0.0002568952991997,0.0002568952991997,0.0024494897427831
normal,0.6,25,paired_t,0.049875,0.001088433327942,40000,-0.0002568952991997,0.0002568952991997,0.0024494897427831
normal,0.6,30,paired_t,0.051375,0.0011038071545224,40000,-0.0002568952991997,0.0002568952991997,0.0024494897427831
normal,0.6,40,paired_t,0.051475,0.0011048226596947,40000,-0.0002568952991997,0.0002568952991997,0.0024494897427831
normal,0.6,50,paired_t,0.050525,0.0010951281246388,40000,-0.0002568952991997,0.0002568952991997,0.0024494897427831
normal,0.6,75,paired_t,0.049,0.0010793400761576,40000,-0.0002568952991997,0.0002568952991997,0.0024494897427831
normal,0.6,100,paired_t,0.052375,0.0011139104471971,40000,-0.0002568952991997,0.0002568952991997,0.0024494897427831
normal,0.6,150,paired_t,0.050975,0.0010997334833381,40000,-0.0002568952991997,0.0002568952991997,0.0024494897427831
normal,0.6,200,paired_t,0.051725,0.0011073563606061,40000,-0.0002568952991997,0.0002568952991997,0.0024494897427831
normal,0.6,400,paired_t,0.0486,0.0010751516172149,40000,-0.0002568952991997,0.0002568952991997,0.0024494897427831
lognormal,0.0,10,paired_t,0.052925,0.0011194188712787,40000,0.6184727929275666,0.6184727929275666,0.0024494897427831
lognormal,0.0,15,paired_t,0.0531,0.0011211644616201,40000,0.6184727929275666,0.6184727929275666,0.0024494897427831
lognormal,0.0,20,paired_t,0.05025,0.0010923018985152,40000,0.6184727929275666,0.6184727929275666,0.0024494897427831
lognormal,0.0,25,paired_t,0.052025,0.0011103873127764,40000,0.6184727929275666,0.6184727929275666,0.0024494897427831
lognormal,0.0,30,paired_t,0.0512,0.0011020272228942,40000,0.6184727929275666,0.6184727929275666,0.0024494897427831
lognormal,0.0,40,paired_t,0.049825,0.0010879162349992,40000,0.6184727929275666,0.6184727929275666,0.0024494897427831
lognormal,0.0,50,paired_t,0.050975,0.0010997334833381,40000,0.6184727929275666,0.6184727929275666,0.0024494897427831
lognormal,0.0,75,paired_t,0.049675,0.001086363134212,40000,0.6184727929275666,0.6184727929275666,0.0024494897427831
lognormal,0.0,100,paired_t,0.05095,0.0010994782569473,40000,0.6184727929275666,0.6184727929275666,0.0024494897427831
lognormal,0.0,150,paired_t,0.051475,0.0011048226596947,40000,0.6184727929275666,0.6184727929275666,0.0024494897427831
lognormal,0.0,200,paired_t,0.0505,0.0010948715678105,40000,0.6184727929275666,0.6184727929275666,0.0024494897427831
lognormal,0.0,400,paired_t,0.049125,0.0010806448812514,40000,0.6184727929275666,0.6184727929275666,0.0024494897427831
lognormal,0.6,10,paired_t,0.048375,0.0010727867842097,40000,0.5492380807537952,0.5492380807537952,0.0024494897427831
lognormal,0.6,15,paired_t,0.050325,0.0010930735836964,40000,0.5492380807537952,0.5492380807537952,0.0024494897427831
lognormal,0.6,20,paired_t,0.049375,0.0010832486946103,40000,0.5492380807537952,0.5492380807537952,0.0024494897427831
lognormal,0.6,25,paired_t,0.051,0.0010999886363049,40000,0.5492380807537952,0.5492380807537952,0.0024494897427831
lognormal,0.6,30,paired_t,0.050575,0.0010956410152851,40000,0.5492380807537952,0.5492380807537952,0.0024494897427831
lognormal,0.6,40,paired_t,0.050775,0.0010976896120374,40000,0.5492380807537952,0.5492380807537952,0.0024494897427831
lognormal,0.6,50,paired_t,0.052575,0.0011159174406626,40000,0.5492380807537952,0.5492380807537952,0.0024494897427831
lognormal,0.6,75,paired_t,0.051725,0.0011073563606061,40000,0.5492380807537952,0.5492380807537952,0.0024494897427831
lognormal,0.6,100,paired_t,0.051,0.0010999886363049,40000,0.5492380807537952,0.5492380807537952,0.0024494897427831
lognormal,0.6,150,paired_t,0.051,0.0010999886363049,40000,0.5492380807537952,0.5492380807537952,0.0024494897427831
lognormal,0.6,200,paired_t,0.04995,0.001089208399481,40000,0.5492380807537952,0.5492380807537952,0.0024494897427831
lognormal,0.6,400,paired_t,0.05095,0.0010994782569473,40000,0.5492380807537952,0.5492380807537952,0.0024494897427831
gamma,0.0,10,paired_t,0.05205,0.001110639427312,40000,0.4987864200353924,0.4987864200353924,0.0024494897427831
gamma,0.0,15,paired_t,0.052925,0.0011194188712787,40000,0.4987864200353924,0.4987864200353924,0.0024494897427831
gamma,0.0,20,paired_t,0.0513,0.0011030447633709,40000,0.4987864200353924,0.4987864200353924,0.0024494897427831
gamma,0.0,25,paired_t,0.050775,0.0010976896120374,40000,0.4987864200353924,0.4987864200353924,0.0024494897427831
gamma,0.0,30,paired_t,0.049675,0.001086363134212,40000,0.4987864200353924,0.4987864200353924,0.0024494897427831
gamma,0.0,40,paired_t,0.0523,0.0011131566601336,40000,0.4987864200353924,0.4987864200353924,0.0024494897427831
gamma,0.0,50,paired_t,0.0508,0.0010979453538314,40000,0.4987864200353924,0.4987864200353924,0.0024494897427831
gamma,0.0,75,paired_t,0.0508,0.0010979453538314,40000,0.4987864200353924,0.4987864200353924,0.0024494897427831
gamma,0.0,100,paired_t,0.052325,0.0011134079932239,40000,0.4987864200353924,0.4987864200353924,0.0024494897427831
gamma,0.0,150,paired_t,0.0511,0.0011010085149534,40000,0.4987864200353924,0.4987864200353924,0.0024494897427831
gamma,0.0,200,paired_t,0.0507,0.0010969219434399,40000,0.4987864200353924,0.4987864200353924,0.0024494897427831
gamma,0.0,400,paired_t,0.050275,0.0010925592017712,40000,0.4987864200353924,0.4987864200353924,0.0024494897427831
gamma,0.6,10,paired_t,0.0506,0.0010958973492074,40000,0.3663164142790885,0.3663164142790885,0.0024494897427831
gamma,0.6,15,paired_t,0.051,0.0010999886363049,40000,0.3663164142790885,0.3663164142790885,0.0024494897427831
gamma,0.6,20,paired_t,0.05145,0.0011045688921475,40000,0.3663164142790885,0.3663164142790885,0.0024494897427831
gamma,0.6,25,paired_t,0.05015,0.0010912719356329,40000,0.3663164142790885,0.3663164142790885,0.0024494897427831
gamma,0.6,30,paired_t,0.050475,0.0010946149365758,40000,0.3663164142790885,0.3663164142790885,0.0024494897427831
gamma,0.6,40,paired_t,0.05165,0.0011065970077223,40000,0.3663164142790885,0.3663164142790885,0.0024494897427831
gamma,0.6,50,paired_t,0.05155,0.001105583528052,40000,0.3663164142790885,0.3663164142790885,0.0024494897427831
gamma,0.6,75,paired_t,0.05105,0.0011004987221709,40000,0.3663164142790885,0.3663164142790885,0.0024494897427831
gamma,0.6,100,paired_t,0.051125,0.0011012633015655,40000,0.3663164142790885,0.3663164142790885,0.0024494897427831
gamma,0.6,150,paired_t,0.04945,0.0010840283379598,40000,0.3663164142790885,0.3663164142790885,0.0024494897427831
gamma,0.6,200,paired_t,0.050075,0.0010904986746323,40000,0.3663164142790885,0.3663164142790885,0.0024494897427831
gamma,0.6,400,paired_t,0.05115,0.0011015180150592,40000,0.3663164142790885,0.3663164142790885,0.0024494897427831
beta,0.0,10,paired_t,0.050925,0.0010992229570815,40000,-0.3347420154306855,0.3347420154306855,0.0024494897427831
beta,0.0,15,paired_t,0.0502,0.0010917870671518,40000,-0.3347420154306855,0.3347420154306855,0.0024494897427831
beta,0.0,20,paired_t,0.0505,0.0010948715678105,40000,-0.3347420154306855,0.3347420154306855,0.0024494897427831
beta,0.0,25,paired_t,0.050675,0.0010966659059964,40000,-0.3347420154306855,0.3347420154306855,0.0024494897427831
beta,0.0,30,paired_t,0.0515,0.001105076354828,40000,-0.3347420154306855,0.3347420154306855,0.0024494897427831
beta,0.0,40,paired_t,0.04895,0.0010788176108592,40000,-0.3347420154306855,0.3347420154306855,0.0024494897427831
beta,0.0,50,paired_t,0.051575,0.0011058370062423,40000,-0.3347420154306855,0.3347420154306855,0.0024494897427831
beta,0.0,75,paired_t,0.04955,0.0010850667894189,40000,-0.3347420154306855,0.3347420154306855,0.0024494897427831
beta,0.0,100,paired_t,0.05145,0.0011045688921475,40000,-0.3347420154306855,0.3347420154306855,0.0024494897427831
beta,0.0,150,paired_t,0.05025,0.0010923018985152,40000,-0.3347420154306855,0.3347420154306855,0.0024494897427831
beta,0.0,200,paired_t,0.051475,0.0011048226596947,40000,-0.3347420154306855,0.3347420154306855,0.0024494897427831
beta,0.0,400,paired_t,0.051725,0.0011073563606061,40000,-0.3347420154306855,0.3347420154306855,0.0024494897427831
beta,0.6,10,paired_t,0.05065,0.0010964097945111,40000,-0.2276883351072847,0.2276883351072847,0.0024494897427831
beta,0.6,15,paired_t,0.049475,0.0010842880656795,40000,-0.2276883351072847,0.2276883351072847,0.0024494897427831
beta,0.6,20,paired_t,0.04925,0.0010819477517421,40000,-0.2276883351072847,0.2276883351072847,0.0024494897427831
beta,0.6,25,paired_t,0.049425,0.0010837685335785,40000,-0.2276883351072847,0.2276883351072847,0.0024494897427831
beta,0.6,30,paired_t,0.050025,0.0010899827908618,40000,-0.2276883351072847,0.2276883351072847,0.0024494897427831
beta,0.6,40,paired_t,0.050425,0.0010941014506776,40000,-0.2276883351072847,0.2276883351072847,0.0024494897427831
beta,0.6,50,paired_t,0.048075,0.001069623699894,40000,-0.2276883351072847,0.2276883351072847,0.0024494897427831
beta,0.6,75,paired_t,0.048875,0.001078033329436,40000,-0.2276883351072847,0.2276883351072847,0.0024494897427831
beta,0.6,100,paired_t,0.049575,0.001085326211042,40000,-0.2276883351072847,0.2276883351072847,0.0024494897427831
beta,0.6,150,paired_t,0.0511,0.0011010085149534,40000,-0.2276883351072847,0.2276883351072847,0.0024494897427831
beta,0.6,200,paired_t,0.05025,0.0010923018985152,40000,-0.2276883351072847,0.2276883351072847,0.0024494897427831
beta,0.6,400,paired_t,0.0495,0.0010845477167925,40000,-0.2276883351072847,0.2276883351072847,0.0024494897427831
t3,0.0,10,paired_t,0.046725,0.0010552461131769,40000,0.2920488740566378,0.2920488740566378,0.0024494897427831
t3,0.0,15,paired_t,0.0486,0.0010751516172149,40000,0.2920488740566378,0.2920488740566378,0.0024494897427831
t3,0.0,20,paired_t,0.04635,0.0010512097495267,40000,0.2920488740566378,0.2920488740566378,0.0024494897427831
t3,0.0,25,paired_t,0.048525,0.0010743640488098,40000,0.2920488740566378,0.2920488740566378,0.0024494897427831
t3,0.0,30,paired_t,0.049225,0.0010816873320766,40000,0.2920488740566378,0.2920488740566378,0.0024494897427831
t3,0.0,40,paired_t,0.047125,0.0010595309619709,40000,0.2920488740566378,0.2920488740566378,0.0024494897427831
t3,0.0,50,paired_t,0.0477,0.0010656536726347,40000,0.2920488740566378,0.2920488740566378,0.0024494897427831
t3,0.0,75,paired_t,0.04855,0.0010746266502837,40000,0.2920488740566378,0.2920488740566378,0.0024494897427831
t3,0.0,100,paired_t,0.046875,0.0010568554108178,40000,0.2920488740566378,0.2920488740566378,0.0024494897427831
t3,0.0,150,paired_t,0.04925,0.0010819477517421,40000,0.2920488740566378,0.2920488740566378,0.0024494897427831
t3,0.0,200,paired_t,0.051075,0.0011007536551722,40000,0.2920488740566378,0.2920488740566378,0.0024494897427831
t3,0.0,400,paired_t,0.048625,0.0010754139827875,40000,0.2920488740566378,0.2920488740566378,0.0024494897427831
t3,0.6,10,paired_t,0.048275,0.0010717336933095,40000,-0.3026943265199377,0.3026943265199377,0.0024494897427831
t3,0.6,15,paired_t,0.046675,0.0010547090164471,40000,-0.3026943265199377,0.3026943265199377,0.0024494897427831
t3,0.6,20,paired_t,0.0461,0.0010485083452219,40000,-0.3026943265199377,0.3026943265199377,0.0024494897427831
t3,0.6,25,paired_t,0.04885,0.0010777717464751,40000,-0.3026943265199377,0.3026943265199377,0.0024494897427831
t3,0.6,30,paired_t,0.04885,0.0010777717464751,40000,-0.3026943265199377,0.3026943265199377,0.0024494897427831
t3,0.6,40,paired_t,0.048425,0.0010733128548447,40000,-0.3026943265199377,0.3026943265199377,0.0024494897427831
t3,0.6,50,paired_t,0.047175,0.0010600650849712,40000,-0.3026943265199377,0.3026943265199377,0.0024494897427831
t3,0.6,75,paired_t,0.047,0.0010581942165784,40000,-0.3026943265199377,0.3026943265199377,0.0024494897427831
t3,0.6,100,paired_t,0.049275,0.001082208094303,40000,-0.3026943265199377,0.3026943265199377,0.0024494897427831
t3,0.6,150,paired_t,0.048,0.0010688311372709,40000,-0.3026943265199377,0.3026943265199377,0.0024494897427831
t3,0.6,200,paired_t,0.05,0.0010897247358851,40000,-0.3026943265199377,0.3026943265199377,0.0024494897427831
t3,0.6,400,paired_t,0.0481,0.0010698877277546,40000,-0.3026943265199377,0.3026943265199377,0.0024494897427831
mix,0.0,10,paired_t,0.04475,0.0010337726720609,40000,0.0971819162318424,0.0971819162318424,0.0024494897427831
mix,0.0,15,paired_t,0.0419,0.0010018032491462,40000,0.0971819162318424,0.0971819162318424,0.0024494897427831
mix,0.0,20,paired_t,0.04285,0.0010125941622881,40000,0.0971819162318424,0.0971819162318424,0.0024494897427831
mix,0.0,25,paired_t,0.03995,0.0009792088324254,40000,0.0971819162318424,0.0971819162318424,0.0024494897427831
mix,0.0,30,paired_t,0.03975,0.0009768564057731,40000,0.0971819162318424,0.0971819162318424,0.0024494897427831
mix,0.0,40,paired_t,0.03955,0.0009744972742393,40000,0.0971819162318424,0.0971819162318424,0.0024494897427831
mix,0.0,50,paired_t,0.0401,0.0009809687813585,40000,0.0971819162318424,0.0971819162318424,0.0024494897427831
mix,0.0,75,paired_t,0.038475,0.0009616999840776,40000,0.0971819162318424,0.0971819162318424,0.0024494897427831
mix,0.0,100,paired_t,0.040775,0.0009888427500745,40000,0.0971819162318424,0.0971819162318424,0.0024494897427831
mix,0.0,150,paired_t,0.0398,0.0009774451391254,40000,0.0971819162318424,0.0971819162318424,0.0024494897427831
mix,0.0,200,paired_t,0.041275,0.0009946277491478,40000,0.0971819162318424,0.0971819162318424,0.0024494897427831
mix,0.0,400,paired_t,0.0436,0.0010210171399148,40000,0.0971819162318424,0.0971819162318424,0.0024494897427831
mix,0.6,10,paired_t,0.04295,0.0010137220711319,40000,0.1339109582420315,0.1339109582420315,0.0024494897427831
mix,0.6,15,paired_t,0.041375,0.0009957799628306,40000,0.1339109582420315,0.1339109582420315,0.0024494897427831
mix,0.6,20,paired_t,0.03995,0.0009792088324254,40000,0.1339109582420315,0.1339109582420315,0.0024494897427831
mix,0.6,25,paired_t,0.03745,0.0009493089262721,40000,0.1339109582420315,0.1339109582420315,0.0024494897427831
mix,0.6,30,paired_t,0.03925,0.0009709458983383,40000,0.1339109582420315,0.1339109582420315,0.0024494897427831
mix,0.6,40,paired_t,0.035775,0.0009286434915375,40000,0.1339109582420315,0.1339109582420315,0.0024494897427831
mix,0.6,50,paired_t,0.033825,0.0009038925458122,40000,0.1339109582420315,0.1339109582420315,0.0024494897427831
mix,0.6,75,paired_t,0.031875,0.0008783362735165,40000,0.1339109582420315,0.1339109582420315,0.0024494897427831
mix,0.6,100,paired_t,0.031675,0.0008756668084237,40000,0.1339109582420315,0.1339109582420315,0.0024494897427831
mix,0.6,150,paired_t,0.0323,0.0008839783651198,40000,0.1339109582420315,0.1339109582420315,0.0024494897427831
mix,0.6,200,paired_t,0.03525,0.0009220552789827,40000,0.1339109582420315,0.1339109582420315,0.0024494897427831
mix,0.6,400,paired_t,0.04015,0.0009815546024037,40000,0.1339109582420315,0.1339109582420315,0.0024494897427831
empirical_copula,0.0,10,paired_t,0.053675,0.001126876150859,40000,-0.4282912916521935,0.4282912916521935,0.0024494897427831
empirical_copula,0.0,15,paired_t,0.052675,0.0011169192492633,40000,-0.4282912916521935,0.4282912916521935,0.0024494897427831
empirical_copula,0.0,20,paired_t,0.050825,0.001098201021842,40000,-0.4282912916521935,0.4282912916521935,0.0024494897427831
empirical_copula,0.0,25,paired_t,0.0523,0.0011131566601336,40000,-0.4282912916521935,0.4282912916521935,0.0024494897427831
empirical_copula,0.0,30,paired_t,0.050625,0.0010961536089321,40000,-0.4282912916521935,0.4282912916521935,0.0024494897427831
empirical_copula,0.0,40,paired_t,0.0508,0.0010979453538314,40000,-0.4282912916521935,0.4282912916521935,0.0024494897427831
empirical_copula,0.0,50,paired_t,0.04985,0.0010881748193649,40000,-0.4282912916521935,0.4282912916521935,0.0024494897427831
empirical_copula,0.0,75,paired_t,0.049925,0.0010889501179461,40000,-0.4282912916521935,0.4282912916521935,0.0024494897427831
empirical_copula,0.0,100,paired_t,0.05195,0.001109630540991,40000,-0.4282912916521935,0.4282912916521935,0.0024494897427831
empirical_copula,0.0,150,paired_t,0.0516,0.0011060904122177,40000,-0.4282912916521935,0.4282912916521935,0.0024494897427831
empirical_copula,0.0,200,paired_t,0.05195,0.001109630540991,40000,-0.4282912916521935,0.4282912916521935,0.0024494897427831
empirical_copula,0.0,400,paired_t,0.049975,0.0010894666054427,40000,-0.4282912916521935,0.4282912916521935,0.0024494897427831
empirical_copula,0.6,10,paired_t,0.05945,0.0011823250134797,40000,-0.7512544111964936,0.7512544111964936,0.0024494897427831
empirical_copula,0.6,15,paired_t,0.05785,0.0011672979214836,40000,-0.7512544111964936,0.7512544111964936,0.0024494897427831
empirical_copula,0.6,20,paired_t,0.056525,0.001154663634733,40000,-0.7512544111964936,0.7512544111964936,0.0024494897427831
empirical_copula,0.6,25,paired_t,0.0553,0.0011428244615862,40000,-0.7512544111964936,0.7512544111964936,0.0024494897427831
empirical_copula,0.6,30,paired_t,0.052325,0.0011134079932239,40000,-0.7512544111964936,0.7512544111964936,0.0024494897427831
empirical_copula,0.6,40,paired_t,0.05225,0.0011126537815061,40000,-0.7512544111964936,0.7512544111964936,0.0024494897427831
empirical_copula,0.6,50,paired_t,0.053075,0.0011209152998219,40000,-0.7512544111964936,0.7512544111964936,0.0024494897427831
empirical_copula,0.6,75,paired_t,0.05445,0.0011345174910507,40000,-0.7512544111964936,0.7512544111964936,0.0024494897427831
empirical_copula,0.6,100,paired_t,0.052275,0.0011129052562437,40000,-0.7512544111964936,0.7512544111964936,0.0024494897427831
empirical_copula,0.6,150,paired_t,0.050925,0.0010992229570815,40000,-0.7512544111964936,0.7512544111964936,0.0024494897427831
empirical_copula,0.6,200,paired_t,0.0503,0.0010928164301473,40000,-0.7512544111964936,0.7512544111964936,0.0024494897427831
empirical_copula,0.6,400,paired_t,0.0499,0.0010886917607844,40000,-0.7512544111964936,0.7512544111964936,0.0024494897427831
empirical,,10,paired_t,0.088925,0.0014231772937252,40000,-1.5484123623102657,1.5484123623102657,0.0024494897427831
empirical,,15,paired_t,0.079075,0.0013492789220079,40000,-1.5484123623102657,1.5484123623102657,0.0024494897427831
empirical,,20,paired_t,0.071425,0.0012876671675456,40000,-1.5484123623102657,1.5484123623102657,0.0024494897427831
empirical,,25,paired_t,0.0694,0.0012706655736266,40000,-1.5484123623102657,1.5484123623102657,0.0024494897427831
empirical,,30,paired_t,0.068675,0.0012645033054029,40000,-1.5484123623102657,1.5484123623102657,0.0024494897427831
empirical,,40,paired_t,0.065025,0.0012328498425903,40000,-1.5484123623102657,1.5484123623102657,0.0024494897427831
empirical,,50,paired_t,0.059625,0.0011839537509442,40000,-1.5484123623102657,1.5484123623102657,0.0024494897427831
empirical,,75,paired_t,0.05635,0.001152981759396,40000,-1.5484123623102657,1.5484123623102657,0.0024494897427831
empirical,,100,paired_t,0.056275,0.0011522600007702,40000,-1.5484123623102657,1.5484123623102657,0.0024494897427831
empirical,,150,paired_t,0.05355,0.0011256375693357,40000,-1.5484123623102657,1.5484123623102657,0.0024494897427831
empirical,,200,paired_t,0.050975,0.0010997334833381,40000,-1.5484123623102657,1.5484123623102657,0.0024494897427831
empirical,,400,paired_t,0.050275,0.0010925592017712,40000,-1.5484123623102657,1.5484123623102657,0.0024494897427831
normal,0.0,10,studentized_bootstrap,0.0508,0.0043917814153256,2500,-0.000947950377876,0.000947950377876,0.0024494897427831
normal,0.0,15,studentized_bootstrap,0.0536,0.0045045328281632,2500,-0.000947950377876,0.000947950377876,0.0024494897427831
normal,0.0,20,studentized_bootstrap,0.06,0.0047497368348151,2500,-0.000947950377876,0.000947950377876,0.0024494897427831
normal,0.0,25,studentized_bootstrap,0.054,0.0045203539684409,2500,-0.000947950377876,0.000947950377876,0.0024494897427831
normal,0.0,30,studentized_bootstrap,0.058,0.0046748689821213,2500,-0.000947950377876,0.000947950377876,0.0024494897427831
normal,0.0,40,studentized_bootstrap,0.0544,0.0045361058188715,2500,-0.000947950377876,0.000947950377876,0.0024494897427831
normal,0.0,50,studentized_bootstrap,0.052,0.0044405405076409,2500,-0.000947950377876,0.000947950377876,0.0024494897427831
normal,0.0,75,studentized_bootstrap,0.0528,0.0044726797336719,2500,-0.000947950377876,0.000947950377876,0.0024494897427831
normal,0.0,100,studentized_bootstrap,0.0576,0.0046597098622124,2500,-0.000947950377876,0.000947950377876,0.0024494897427831
normal,0.0,150,studentized_bootstrap,0.0568,0.0046292012269937,2500,-0.000947950377876,0.000947950377876,0.0024494897427831
normal,0.0,200,studentized_bootstrap,0.0448,0.0041372918678768,2500,-0.000947950377876,0.000947950377876,0.0024494897427831
normal,0.0,400,studentized_bootstrap,0.0588,0.00470499989373,2500,-0.000947950377876,0.000947950377876,0.0024494897427831
normal,0.6,10,studentized_bootstrap,0.0552,0.0045674045146012,2500,-0.0002568952991997,0.0002568952991997,0.0024494897427831
normal,0.6,15,studentized_bootstrap,0.0512,0.0044081088915769,2500,-0.0002568952991997,0.0002568952991997,0.0024494897427831
normal,0.6,20,studentized_bootstrap,0.0516,0.0044243616488709,2500,-0.0002568952991997,0.0002568952991997,0.0024494897427831
normal,0.6,25,studentized_bootstrap,0.0532,0.0044886416653593,2500,-0.0002568952991997,0.0002568952991997,0.0024494897427831
normal,0.6,30,studentized_bootstrap,0.054,0.0045203539684409,2500,-0.0002568952991997,0.0002568952991997,0.0024494897427831
normal,0.6,40,studentized_bootstrap,0.058,0.0046748689821213,2500,-0.0002568952991997,0.0002568952991997,0.0024494897427831
normal,0.6,50,studentized_bootstrap,0.0532,0.0044886416653593,2500,-0.0002568952991997,0.0002568952991997,0.0024494897427831
normal,0.6,75,studentized_bootstrap,0.0568,0.0046292012269937,2500,-0.0002568952991997,0.0002568952991997,0.0024494897427831
normal,0.6,100,studentized_bootstrap,0.052,0.0044405405076409,2500,-0.0002568952991997,0.0002568952991997,0.0024494897427831
normal,0.6,150,studentized_bootstrap,0.0524,0.0044566462727032,2500,-0.0002568952991997,0.0002568952991997,0.0024494897427831
normal,0.6,200,studentized_bootstrap,0.05,0.0043588989435406,2500,-0.0002568952991997,0.0002568952991997,0.0024494897427831
normal,0.6,400,studentized_bootstrap,0.0552,0.0045674045146012,2500,-0.0002568952991997,0.0002568952991997,0.0024494897427831
lognormal,0.0,10,studentized_bootstrap,0.062,0.0048231110292009,2500,0.6184727929275666,0.6184727929275666,0.0024494897427831
lognormal,0.0,15,studentized_bootstrap,0.0564,0.004613850452713,2500,0.6184727929275666,0.6184727929275666,0.0024494897427831
lognormal,0.0,20,studentized_bootstrap,0.0604,0.0047645289378909,2500,0.6184727929275666,0.6184727929275666,0.0024494897427831
lognormal,0.0,25,studentized_bootstrap,0.06,0.0047497368348151,2500,0.6184727929275666,0.6184727929275666,0.0024494897427831
lognormal,0.0,30,studentized_bootstrap,0.0584,0.0046899654582949,2500,0.6184727929275666,0.6184727929275666,0.0024494897427831
lognormal,0.0,40,studentized_bootstrap,0.06,0.0047497368348151,2500,0.6184727929275666,0.6184727929275666,0.0024494897427831
lognormal,0.0,50,studentized_bootstrap,0.0548,0.0045517890988049,2500,0.6184727929275666,0.6184727929275666,0.0024494897427831
lognormal,0.0,75,studentized_bootstrap,0.0604,0.0047645289378909,2500,0.6184727929275666,0.6184727929275666,0.0024494897427831
lognormal,0.0,100,studentized_bootstrap,0.0596,0.0047348850038834,2500,0.6184727929275666,0.6184727929275666,0.0024494897427831
lognormal,0.0,150,studentized_bootstrap,0.0536,0.0045045328281632,2500,0.6184727929275666,0.6184727929275666,0.0024494897427831
lognormal,0.0,200,studentized_bootstrap,0.0568,0.0046292012269937,2500,0.6184727929275666,0.6184727929275666,0.0024494897427831
lognormal,0.0,400,studentized_bootstrap,0.0532,0.0044886416653593,2500,0.6184727929275666,0.6184727929275666,0.0024494897427831
lognormal,0.6,10,studentized_bootstrap,0.064,0.004895058733049,2500,0.5492380807537952,0.5492380807537952,0.0024494897427831
lognormal,0.6,15,studentized_bootstrap,0.0704,0.0051163987334843,2500,0.5492380807537952,0.5492380807537952,0.0024494897427831
lognormal,0.6,20,studentized_bootstrap,0.06,0.0047497368348151,2500,0.5492380807537952,0.5492380807537952,0.0024494897427831
lognormal,0.6,25,studentized_bootstrap,0.0436,0.0040840685596595,2500,0.5492380807537952,0.5492380807537952,0.0024494897427831
lognormal,0.6,30,studentized_bootstrap,0.0628,0.0048520577078184,2500,0.5492380807537952,0.5492380807537952,0.0024494897427831
lognormal,0.6,40,studentized_bootstrap,0.0636,0.0048807802654903,2500,0.5492380807537952,0.5492380807537952,0.0024494897427831
lognormal,0.6,50,studentized_bootstrap,0.0588,0.00470499989373,2500,0.5492380807537952,0.5492380807537952,0.0024494897427831
lognormal,0.6,75,studentized_bootstrap,0.0612,0.0047939361697878,2500,0.5492380807537952,0.5492380807537952,0.0024494897427831
lognormal,0.6,100,studentized_bootstrap,0.0624,0.0048376126343476,2500,0.5492380807537952,0.5492380807537952,0.0024494897427831
lognormal,0.6,150,studentized_bootstrap,0.0644,0.0049092826359866,2500,0.5492380807537952,0.5492380807537952,0.0024494897427831
lognormal,0.6,200,studentized_bootstrap,0.0584,0.0046899654582949,2500,0.5492380807537952,0.5492380807537952,0.0024494897427831
lognormal,0.6,400,studentized_bootstrap,0.0544,0.0045361058188715,2500,0.5492380807537952,0.5492380807537952,0.0024494897427831
gamma,0.0,10,studentized_bootstrap,0.0476,0.0042583677624178,2500,0.4987864200353924,0.4987864200353924,0.0024494897427831
gamma,0.0,15,studentized_bootstrap,0.0664,0.0049795999839344,2500,0.4987864200353924,0.4987864200353924,0.0024494897427831
gamma,0.0,20,studentized_bootstrap,0.0504,0.0043753783836372,2500,0.4987864200353924,0.4987864200353924,0.0024494897427831
gamma,0.0,25,studentized_bootstrap,0.0544,0.0045361058188715,2500,0.4987864200353924,0.4987864200353924,0.0024494897427831
gamma,0.0,30,studentized_bootstrap,0.0476,0.0042583677624178,2500,0.4987864200353924,0.4987864200353924,0.0024494897427831
gamma,0.0,40,studentized_bootstrap,0.0588,0.00470499989373,2500,0.4987864200353924,0.4987864200353924,0.0024494897427831
gamma,0.0,50,studentized_bootstrap,0.052,0.0044405405076409,2500,0.4987864200353924,0.4987864200353924,0.0024494897427831
gamma,0.0,75,studentized_bootstrap,0.0556,0.0045829527599572,2500,0.4987864200353924,0.4987864200353924,0.0024494897427831
gamma,0.0,100,studentized_bootstrap,0.0572,0.0046444874851806,2500,0.4987864200353924,0.4987864200353924,0.0024494897427831
gamma,0.0,150,studentized_bootstrap,0.046,0.004189701660023,2500,0.4987864200353924,0.4987864200353924,0.0024494897427831
gamma,0.0,200,studentized_bootstrap,0.0568,0.0046292012269937,2500,0.4987864200353924,0.4987864200353924,0.0024494897427831
gamma,0.0,400,studentized_bootstrap,0.056,0.0045984345162239,2500,0.4987864200353924,0.4987864200353924,0.0024494897427831
gamma,0.6,10,studentized_bootstrap,0.0644,0.0049092826359866,2500,0.3663164142790885,0.3663164142790885,0.0024494897427831
gamma,0.6,15,studentized_bootstrap,0.0588,0.00470499989373,2500,0.3663164142790885,0.3663164142790885,0.0024494897427831
gamma,0.6,20,studentized_bootstrap,0.056,0.0045984345162239,2500,0.3663164142790885,0.3663164142790885,0.0024494897427831
gamma,0.6,25,studentized_bootstrap,0.0552,0.0045674045146012,2500,0.3663164142790885,0.3663164142790885,0.0024494897427831
gamma,0.6,30,studentized_bootstrap,0.068,0.005034918072819,2500,0.3663164142790885,0.3663164142790885,0.0024494897427831
gamma,0.6,40,studentized_bootstrap,0.0612,0.0047939361697878,2500,0.3663164142790885,0.3663164142790885,0.0024494897427831
gamma,0.6,50,studentized_bootstrap,0.0552,0.0045674045146012,2500,0.3663164142790885,0.3663164142790885,0.0024494897427831
gamma,0.6,75,studentized_bootstrap,0.0556,0.0045829527599572,2500,0.3663164142790885,0.3663164142790885,0.0024494897427831
gamma,0.6,100,studentized_bootstrap,0.0644,0.0049092826359866,2500,0.3663164142790885,0.3663164142790885,0.0024494897427831
gamma,0.6,150,studentized_bootstrap,0.0564,0.004613850452713,2500,0.3663164142790885,0.3663164142790885,0.0024494897427831
gamma,0.6,200,studentized_bootstrap,0.0512,0.0044081088915769,2500,0.3663164142790885,0.3663164142790885,0.0024494897427831
gamma,0.6,400,studentized_bootstrap,0.0584,0.0046899654582949,2500,0.3663164142790885,0.3663164142790885,0.0024494897427831
beta,0.0,10,studentized_bootstrap,0.0604,0.0047645289378909,2500,-0.3347420154306855,0.3347420154306855,0.0024494897427831
beta,0.0,15,studentized_bootstrap,0.0568,0.0046292012269937,2500,-0.3347420154306855,0.3347420154306855,0.0024494897427831
beta,0.0,20,studentized_bootstrap,0.0504,0.0043753783836372,2500,-0.3347420154306855,0.3347420154306855,0.0024494897427831
beta,0.0,25,studentized_bootstrap,0.056,0.0045984345162239,2500,-0.3347420154306855,0.3347420154306855,0.0024494897427831
beta,0.0,30,studentized_bootstrap,0.0548,0.0045517890988049,2500,-0.3347420154306855,0.3347420154306855,0.0024494897427831
beta,0.0,40,studentized_bootstrap,0.0508,0.0043917814153256,2500,-0.3347420154306855,0.3347420154306855,0.0024494897427831
beta,0.0,50,studentized_bootstrap,0.0568,0.0046292012269937,2500,-0.3347420154306855,0.3347420154306855,0.0024494897427831
beta,0.0,75,studentized_bootstrap,0.058,0.0046748689821213,2500,-0.3347420154306855,0.3347420154306855,0.0024494897427831
beta,0.0,100,studentized_bootstrap,0.052,0.0044405405076409,2500,-0.3347420154306855,0.3347420154306855,0.0024494897427831
beta,0.0,150,studentized_bootstrap,0.0624,0.0048376126343476,2500,-0.3347420154306855,0.3347420154306855,0.0024494897427831
beta,0.0,200,studentized_bootstrap,0.0592,0.004719972881278,2500,-0.3347420154306855,0.3347420154306855,0.0024494897427831
beta,0.0,400,studentized_bootstrap,0.0588,0.00470499989373,2500,-0.3347420154306855,0.3347420154306855,0.0024494897427831
beta,0.6,10,studentized_bootstrap,0.0476,0.0042583677624178,2500,-0.2276883351072847,0.2276883351072847,0.0024494897427831
beta,0.6,15,studentized_bootstrap,0.0532,0.0044886416653593,2500,-0.2276883351072847,0.2276883351072847,0.0024494897427831
beta,0.6,20,studentized_bootstrap,0.0652,0.0049375686324343,2500,-0.2276883351072847,0.2276883351072847,0.0024494897427831
beta,0.6,25,studentized_bootstrap,0.0516,0.0044243616488709,2500,-0.2276883351072847,0.2276883351072847,0.0024494897427831
beta,0.6,30,studentized_bootstrap,0.05,0.0043588989435406,2500,-0.2276883351072847,0.2276883351072847,0.0024494897427831
beta,0.6,40,studentized_bootstrap,0.05,0.0043588989435406,2500,-0.2276883351072847,0.2276883351072847,0.0024494897427831
beta,0.6,50,studentized_bootstrap,0.056,0.0045984345162239,2500,-0.2276883351072847,0.2276883351072847,0.0024494897427831
beta,0.6,75,studentized_bootstrap,0.0548,0.0045517890988049,2500,-0.2276883351072847,0.2276883351072847,0.0024494897427831
beta,0.6,100,studentized_bootstrap,0.0532,0.0044886416653593,2500,-0.2276883351072847,0.2276883351072847,0.0024494897427831
beta,0.6,150,studentized_bootstrap,0.056,0.0045984345162239,2500,-0.2276883351072847,0.2276883351072847,0.0024494897427831
beta,0.6,200,studentized_bootstrap,0.0524,0.0044566462727032,2500,-0.2276883351072847,0.2276883351072847,0.0024494897427831
beta,0.6,400,studentized_bootstrap,0.0492,0.0043257073410021,2500,-0.2276883351072847,0.2276883351072847,0.0024494897427831
t3,0.0,10,studentized_bootstrap,0.0664,0.0049795999839344,2500,0.2920488740566378,0.2920488740566378,0.0024494897427831
t3,0.0,15,studentized_bootstrap,0.0568,0.0046292012269937,2500,0.2920488740566378,0.2920488740566378,0.0024494897427831
t3,0.0,20,studentized_bootstrap,0.0612,0.0047939361697878,2500,0.2920488740566378,0.2920488740566378,0.0024494897427831
t3,0.0,25,studentized_bootstrap,0.064,0.004895058733049,2500,0.2920488740566378,0.2920488740566378,0.0024494897427831
t3,0.0,30,studentized_bootstrap,0.0532,0.0044886416653593,2500,0.2920488740566378,0.2920488740566378,0.0024494897427831
t3,0.0,40,studentized_bootstrap,0.0552,0.0045674045146012,2500,0.2920488740566378,0.2920488740566378,0.0024494897427831
t3,0.0,50,studentized_bootstrap,0.0696,0.0050894337602527,2500,0.2920488740566378,0.2920488740566378,0.0024494897427831
t3,0.0,75,studentized_bootstrap,0.0536,0.0045045328281632,2500,0.2920488740566378,0.2920488740566378,0.0024494897427831
t3,0.0,100,studentized_bootstrap,0.0596,0.0047348850038834,2500,0.2920488740566378,0.2920488740566378,0.0024494897427831
t3,0.0,150,studentized_bootstrap,0.0608,0.0047792618676946,2500,0.2920488740566378,0.2920488740566378,0.0024494897427831
t3,0.0,200,studentized_bootstrap,0.0648,0.0049234524472162,2500,0.2920488740566378,0.2920488740566378,0.0024494897427831
t3,0.0,400,studentized_bootstrap,0.0576,0.0046597098622124,2500,0.2920488740566378,0.2920488740566378,0.0024494897427831
t3,0.6,10,studentized_bootstrap,0.052,0.0044405405076409,2500,-0.3026943265199377,0.3026943265199377,0.0024494897427831
t3,0.6,15,studentized_bootstrap,0.0556,0.0045829527599572,2500,-0.3026943265199377,0.3026943265199377,0.0024494897427831
t3,0.6,20,studentized_bootstrap,0.058,0.0046748689821213,2500,-0.3026943265199377,0.3026943265199377,0.0024494897427831
t3,0.6,25,studentized_bootstrap,0.0656,0.0049516316502744,2500,-0.3026943265199377,0.3026943265199377,0.0024494897427831
t3,0.6,30,studentized_bootstrap,0.0592,0.004719972881278,2500,-0.3026943265199377,0.3026943265199377,0.0024494897427831
t3,0.6,40,studentized_bootstrap,0.0692,0.0050758786431513,2500,-0.3026943265199377,0.3026943265199377,0.0024494897427831
t3,0.6,50,studentized_bootstrap,0.064,0.004895058733049,2500,-0.3026943265199377,0.3026943265199377,0.0024494897427831
t3,0.6,75,studentized_bootstrap,0.0576,0.0046597098622124,2500,-0.3026943265199377,0.3026943265199377,0.0024494897427831
t3,0.6,100,studentized_bootstrap,0.0636,0.0048807802654903,2500,-0.3026943265199377,0.3026943265199377,0.0024494897427831
t3,0.6,150,studentized_bootstrap,0.0564,0.004613850452713,2500,-0.3026943265199377,0.3026943265199377,0.0024494897427831
t3,0.6,200,studentized_bootstrap,0.0656,0.0049516316502744,2500,-0.3026943265199377,0.3026943265199377,0.0024494897427831
t3,0.6,400,studentized_bootstrap,0.0544,0.0045361058188715,2500,-0.3026943265199377,0.3026943265199377,0.0024494897427831
mix,0.0,10,studentized_bootstrap,0.0548,0.0045517890988049,2500,0.0971819162318424,0.0971819162318424,0.0024494897427831
mix,0.0,15,studentized_bootstrap,0.06,0.0047497368348151,2500,0.0971819162318424,0.0971819162318424,0.0024494897427831
mix,0.0,20,studentized_bootstrap,0.0636,0.0048807802654903,2500,0.0971819162318424,0.0971819162318424,0.0024494897427831
mix,0.0,25,studentized_bootstrap,0.0696,0.0050894337602527,2500,0.0971819162318424,0.0971819162318424,0.0024494897427831
mix,0.0,30,studentized_bootstrap,0.0688,0.0050622745875742,2500,0.0971819162318424,0.0971819162318424,0.0024494897427831
mix,0.0,40,studentized_bootstrap,0.0708,0.0051298093531826,2500,0.0971819162318424,0.0971819162318424,0.0024494897427831
mix,0.0,50,studentized_bootstrap,0.0792,0.0054010132382729,2500,0.0971819162318424,0.0971819162318424,0.0024494897427831
mix,0.0,75,studentized_bootstrap,0.094,0.0058365743377429,2500,0.0971819162318424,0.0971819162318424,0.0024494897427831
mix,0.0,100,studentized_bootstrap,0.0912,0.0057578662714585,2500,0.0971819162318424,0.0971819162318424,0.0024494897427831
mix,0.0,150,studentized_bootstrap,0.0928,0.0058030392037276,2500,0.0971819162318424,0.0971819162318424,0.0024494897427831
mix,0.0,200,studentized_bootstrap,0.0864,0.0056190760806381,2500,0.0971819162318424,0.0971819162318424,0.0024494897427831
mix,0.0,400,studentized_bootstrap,0.0924,0.005791795576503,2500,0.0971819162318424,0.0971819162318424,0.0024494897427831
mix,0.6,10,studentized_bootstrap,0.0464,0.0042069960779634,2500,0.1339109582420315,0.1339109582420315,0.0024494897427831
mix,0.6,15,studentized_bootstrap,0.0576,0.0046597098622124,2500,0.1339109582420315,0.1339109582420315,0.0024494897427831
mix,0.6,20,studentized_bootstrap,0.0684,0.0050486211979113,2500,0.1339109582420315,0.1339109582420315,0.0024494897427831
mix,0.6,25,studentized_bootstrap,0.0756,0.0052871406260851,2500,0.1339109582420315,0.1339109582420315,0.0024494897427831
mix,0.6,30,studentized_bootstrap,0.0784,0.005376,2500,0.1339109582420315,0.1339109582420315,0.0024494897427831
mix,0.6,40,studentized_bootstrap,0.0708,0.0051298093531826,2500,0.1339109582420315,0.1339109582420315,0.0024494897427831
mix,0.6,50,studentized_bootstrap,0.0996,0.0059893184921157,2500,0.1339109582420315,0.1339109582420315,0.0024494897427831
mix,0.6,75,studentized_bootstrap,0.0948,0.005858769836749,2500,0.1339109582420315,0.1339109582420315,0.0024494897427831
mix,0.6,100,studentized_bootstrap,0.1148,0.0063756085199767,2500,0.1339109582420315,0.1339109582420315,0.0024494897427831
mix,0.6,150,studentized_bootstrap,0.1128,0.0063269632526196,2500,0.1339109582420315,0.1339109582420315,0.0024494897427831
mix,0.6,200,studentized_bootstrap,0.1148,0.0063756085199767,2500,0.1339109582420315,0.1339109582420315,0.0024494897427831
mix,0.6,400,studentized_bootstrap,0.1156,0.0063948929623567,2500,0.1339109582420315,0.1339109582420315,0.0024494897427831
empirical_copula,0.0,10,studentized_bootstrap,0.0684,0.0050486211979113,2500,-0.4282912916521935,0.4282912916521935,0.0024494897427831
empirical_copula,0.0,15,studentized_bootstrap,0.0652,0.0049375686324343,2500,-0.4282912916521935,0.4282912916521935,0.0024494897427831
empirical_copula,0.0,20,studentized_bootstrap,0.0524,0.0044566462727032,2500,-0.4282912916521935,0.4282912916521935,0.0024494897427831
empirical_copula,0.0,25,studentized_bootstrap,0.0612,0.0047939361697878,2500,-0.4282912916521935,0.4282912916521935,0.0024494897427831
empirical_copula,0.0,30,studentized_bootstrap,0.0564,0.004613850452713,2500,-0.4282912916521935,0.4282912916521935,0.0024494897427831
empirical_copula,0.0,40,studentized_bootstrap,0.06,0.0047497368348151,2500,-0.4282912916521935,0.4282912916521935,0.0024494897427831
empirical_copula,0.0,50,studentized_bootstrap,0.052,0.0044405405076409,2500,-0.4282912916521935,0.4282912916521935,0.0024494897427831
empirical_copula,0.0,75,studentized_bootstrap,0.0684,0.0050486211979113,2500,-0.4282912916521935,0.4282912916521935,0.0024494897427831
empirical_copula,0.0,100,studentized_bootstrap,0.0576,0.0046597098622124,2500,-0.4282912916521935,0.4282912916521935,0.0024494897427831
empirical_copula,0.0,150,studentized_bootstrap,0.0516,0.0044243616488709,2500,-0.4282912916521935,0.4282912916521935,0.0024494897427831
empirical_copula,0.0,200,studentized_bootstrap,0.06,0.0047497368348151,2500,-0.4282912916521935,0.4282912916521935,0.0024494897427831
empirical_copula,0.0,400,studentized_bootstrap,0.0536,0.0045045328281632,2500,-0.4282912916521935,0.4282912916521935,0.0024494897427831
empirical_copula,0.6,10,studentized_bootstrap,0.066,0.0049656419524569,2500,-0.7512544111964936,0.7512544111964936,0.0024494897427831
empirical_copula,0.6,15,studentized_bootstrap,0.0712,0.005143172561756,2500,-0.7512544111964936,0.7512544111964936,0.0024494897427831
empirical_copula,0.6,20,studentized_bootstrap,0.056,0.0045984345162239,2500,-0.7512544111964936,0.7512544111964936,0.0024494897427831
empirical_copula,0.6,25,studentized_bootstrap,0.064,0.004895058733049,2500,-0.7512544111964936,0.7512544111964936,0.0024494897427831
empirical_copula,0.6,30,studentized_bootstrap,0.0632,0.0048664467530221,2500,-0.7512544111964936,0.7512544111964936,0.0024494897427831
empirical_copula,0.6,40,studentized_bootstrap,0.0612,0.0047939361697878,2500,-0.7512544111964936,0.7512544111964936,0.0024494897427831
empirical_copula,0.6,50,studentized_bootstrap,0.0548,0.0045517890988049,2500,-0.7512544111964936,0.7512544111964936,0.0024494897427831
empirical_copula,0.6,75,studentized_bootstrap,0.06,0.0047497368348151,2500,-0.7512544111964936,0.7512544111964936,0.0024494897427831
empirical_copula,0.6,100,studentized_bootstrap,0.056,0.0045984345162239,2500,-0.7512544111964936,0.7512544111964936,0.0024494897427831
empirical_copula,0.6,150,studentized_bootstrap,0.0524,0.0044566462727032,2500,-0.7512544111964936,0.7512544111964936,0.0024494897427831
empirical_copula,0.6,200,studentized_bootstrap,0.0548,0.0045517890988049,2500,-0.7512544111964936,0.7512544111964936,0.0024494897427831
empirical_copula,0.6,400,studentized_bootstrap,0.0468,0.0042242045405022,2500,-0.7512544111964936,0.7512544111964936,0.0024494897427831
empirical,,10,studentized_bootstrap,0.07,0.0051029403288692,2500,-1.5484123623102657,1.5484123623102657,0.0024494897427831
empirical,,15,studentized_bootstrap,0.0548,0.0045517890988049,2500,-1.5484123623102657,1.5484123623102657,0.0024494897427831
empirical,,20,studentized_bootstrap,0.0532,0.0044886416653593,2500,-1.5484123623102657,1.5484123623102657,0.0024494897427831
empirical,,25,studentized_bootstrap,0.0508,0.0043917814153256,2500,-1.5484123623102657,1.5484123623102657,0.0024494897427831
empirical,,30,studentized_bootstrap,0.0532,0.0044886416653593,2500,-1.5484123623102657,1.5484123623102657,0.0024494897427831
empirical,,40,studentized_bootstrap,0.0612,0.0047939361697878,2500,-1.5484123623102657,1.5484123623102657,0.0024494897427831
empirical,,50,studentized_bootstrap,0.0536,0.0045045328281632,2500,-1.5484123623102657,1.5484123623102657,0.0024494897427831
empirical,,75,studentized_bootstrap,0.0516,0.0044243616488709,2500,-1.5484123623102657,1.5484123623102657,0.0024494897427831
empirical,,100,studentized_bootstrap,0.0524,0.0044566462727032,2500,-1.5484123623102657,1.5484123623102657,0.0024494897427831
empirical,,150,studentized_bootstrap,0.0468,0.0042242045405022,2500,-1.5484123623102657,1.5484123623102657,0.0024494897427831
empirical,,200,studentized_bootstrap,0.0584,0.0046899654582949,2500,-1.5484123623102657,1.5484123623102657,0.0024494897427831
empirical,,400,studentized_bootstrap,0.0568,0.0046292012269937,2500,-1.5484123623102657,1.5484123623102657,0.0024494897427831
