dgp,n,contrast,label,test,J_min,direction,type_I_at_max_J,skew_D,abs_skew,rho_pearson,rho_spearman,sd_ratio_A_over_B,observed_mean_D,observed_sd_D
3,500,C2,"MVBCF vs BCF, PEHE Y2",paired_t,10.0,calibrated,0.050025,-0.025987186987837637,0.025987186987837637,0.8896308566084382,0.8611705281940677,0.9450204155875275,-0.12891526224582084,1.137757346437696
3,500,C1,"MVBCF vs BCF, PEHE Y1",paired_t,10.0,calibrated,0.049625,0.032736735765180755,0.032736735765180755,0.8737536557271606,0.8354194346741992,0.9264059022022861,-0.34323057199601703,1.3365902221378507
2,500,C1,"MVBCF vs BCF, PEHE Y1",paired_t,10.0,calibrated,0.051775,0.07841121169133403,0.07841121169133403,0.979806276521742,0.97736148645451,0.9875917997773902,-1.3480014910479454,1.086104384917061
1,500,C1,"MVBCF vs BCF, PEHE Y1",paired_t,10.0,calibrated,0.050125,-0.19992938067674598,0.19992938067674598,0.8727688836159543,0.8372748772940872,0.9681258078072663,-0.5041595600076312,1.2160072362823133
1,500,C2,"MVBCF vs BCF, PEHE Y2",paired_t,10.0,calibrated,0.0509,-0.20300382024626445,0.20300382024626445,0.886982521385911,0.845567035679468,0.9604006894924756,-0.36910286340920984,1.151277565716438
2,500,C2,"MVBCF vs BCF, PEHE Y2",paired_t,10.0,calibrated,0.048875,-0.241963967047231,0.241963967047231,0.9179779601299255,0.892971192968551,0.9169990069867797,-0.3259414644968642,0.7874063677319295
2,500,C5,"MVBCF vs MVBART, PEHE Y1",paired_t,10.0,calibrated,0.04965,-0.26449136459734224,0.26449136459734224,0.979930396133305,0.9773008114824834,0.99084185407568,-1.4359519860175776,1.0800408663783359
2,500,C3,"MVBCF vs BART, PEHE Y1",paired_t,10.0,calibrated,0.04965,-0.4375647731704342,0.4375647731704342,0.9734559183904283,0.9712786641300379,0.9860695771292324,-1.438066983006294,1.2460890078827371
1,100,C6,"MVBCF vs MVBART, PEHE Y2",paired_t,10.0,calibrated,0.0502,-0.4698787549201209,0.4698787549201209,0.911491835161158,0.8514088535911774,0.8507851029553446,-2.437429064419084,2.6041892980134698
1,100,C4,"MVBCF vs BART, PEHE Y2",paired_t,10.0,calibrated,0.050975,-0.4741401712579995,0.4741401712579995,0.9386041330066129,0.8884408993097522,0.8885421316000963,-1.4470969109359173,2.090721636094909
1,100,C1,"MVBCF vs BCF, PEHE Y1",paired_t,20.0,calibrated,0.051025,-0.5625758763953445,0.5625758763953445,0.8844368014803871,0.8122457435132636,0.7766990183589181,-1.8031244805163709,3.329829520042825
1,100,C2,"MVBCF vs BCF, PEHE Y2",paired_t,25.0,calibrated,0.05045,-0.5631643753048291,0.5631643753048291,0.8793756651052027,0.8025540936881815,0.742969753989396,-2.093769537735536,3.552362468641305
1,100,C3,"MVBCF vs BART, PEHE Y1",paired_t,30.0,calibrated,0.049925,-0.7572261691394614,0.7572261691394614,0.92175800789822,0.874790660235383,0.8841697170306532,-1.8808123815174975,2.3793729225562132
1,100,C5,"MVBCF vs MVBART, PEHE Y1",paired_t,40.0,calibrated,0.050625,-0.919302882793196,0.919302882793196,0.884911872167839,0.8271071116548704,0.814715072200059,-3.182641471402285,3.1219813584076355
2,500,C4,"MVBCF vs BART, PEHE Y2",paired_t,75.0,calibrated,0.049125,-1.070881715311936,1.070881715311936,0.76226888184668,0.7434799796049131,0.7683506790995208,-1.117761805637822,1.533621435964942
3,500,C5,"MVBCF vs MVBART, PEHE Y1",paired_t,50.0,calibrated,0.0511,-1.094192869110967,1.094192869110967,0.7586279821108879,0.7201551771463092,0.7835548705682207,-1.5101996468943917,2.10611740518515
3,500,C6,"MVBCF vs MVBART, PEHE Y2",paired_t,50.0,calibrated,0.051875,-1.1937255105792592,1.1937255105792592,0.8023579270475079,0.7594974644001619,0.8756602907239546,-1.020219732527871,1.6050292872061096
2,500,C6,"MVBCF vs MVBART, PEHE Y2",paired_t,50.0,calibrated,0.051025,-1.2102783468803138,1.2102783468803138,0.7980995012022107,0.7825515010923882,0.8045845498513339,-1.0536398239597624,1.3633532488764002
1,500,C5,"MVBCF vs MVBART, PEHE Y1",paired_t,40.0,calibrated,0.050275,-1.2302447778387873,1.2302447778387873,0.7792029748092556,0.7555520932741893,0.8520540116273614,-1.1911762183325896,1.7528830494573515
1,500,C4,"MVBCF vs BART, PEHE Y2",paired_t,75.0,calibrated,0.05,-1.2527612429242807,1.2527612429242807,0.7415789400410804,0.6989763855675543,0.8322418619130488,-1.5443974896239054,1.9234090251955678
1,500,C6,"MVBCF vs MVBART, PEHE Y2",paired_t,100.0,calibrated,0.0517,-1.263468299713089,1.263468299713089,0.7994122736474361,0.7667538519594882,0.9155212641497888,-1.3242446892398634,1.5804013478838552
3,500,C4,"MVBCF vs BART, PEHE Y2",paired_t,50.0,calibrated,0.04985,-1.2747558686379243,1.2747558686379243,0.7437954206796203,0.7080132197694071,0.8140905734190713,-1.2122728665386118,1.9295873091590086
1,500,C3,"MVBCF vs BART, PEHE Y1",paired_t,75.0,calibrated,0.051,-1.4475497585136472,1.4475497585136472,0.7480249762619995,0.740734000906174,0.8118502526300986,-1.578039502620935,1.9438933752038818
3,500,C3,"MVBCF vs BART, PEHE Y1",paired_t,75.0,calibrated,0.052,-1.4684317067975405,1.4684317067975405,0.7424118514663076,0.7344593264929957,0.7791488553646166,-1.5391292646298604,2.1795849809661196
3,500,C2,"MVBCF vs BCF, PEHE Y2",studentized_bootstrap,,liberal,0.0553,-0.025987186987837637,0.025987186987837637,0.8896308566084382,0.8611705281940677,0.9450204155875275,-0.12891526224582084,1.137757346437696
3,500,C1,"MVBCF vs BCF, PEHE Y1",studentized_bootstrap,100.0,calibrated,0.0539,0.032736735765180755,0.032736735765180755,0.8737536557271606,0.8354194346741992,0.9264059022022861,-0.34323057199601703,1.3365902221378507
2,500,C1,"MVBCF vs BCF, PEHE Y1",studentized_bootstrap,,liberal,0.0552,0.07841121169133403,0.07841121169133403,0.979806276521742,0.97736148645451,0.9875917997773902,-1.3480014910479454,1.086104384917061
1,500,C1,"MVBCF vs BCF, PEHE Y1",studentized_bootstrap,400.0,calibrated,0.0525,-0.19992938067674598,0.19992938067674598,0.8727688836159543,0.8372748772940872,0.9681258078072663,-0.5041595600076312,1.2160072362823133
1,500,C2,"MVBCF vs BCF, PEHE Y2",studentized_bootstrap,,liberal,0.0564,-0.20300382024626445,0.20300382024626445,0.886982521385911,0.845567035679468,0.9604006894924756,-0.36910286340920984,1.151277565716438
2,500,C2,"MVBCF vs BCF, PEHE Y2",studentized_bootstrap,200.0,calibrated,0.0539,-0.241963967047231,0.241963967047231,0.9179779601299255,0.892971192968551,0.9169990069867797,-0.3259414644968642,0.7874063677319295
2,500,C5,"MVBCF vs MVBART, PEHE Y1",studentized_bootstrap,,liberal,0.0565,-0.26449136459734224,0.26449136459734224,0.979930396133305,0.9773008114824834,0.99084185407568,-1.4359519860175776,1.0800408663783359
2,500,C3,"MVBCF vs BART, PEHE Y1",studentized_bootstrap,400.0,calibrated,0.0549,-0.4375647731704342,0.4375647731704342,0.9734559183904283,0.9712786641300379,0.9860695771292324,-1.438066983006294,1.2460890078827371
1,100,C6,"MVBCF vs MVBART, PEHE Y2",studentized_bootstrap,,liberal,0.0558,-0.4698787549201209,0.4698787549201209,0.911491835161158,0.8514088535911774,0.8507851029553446,-2.437429064419084,2.6041892980134698
1,100,C4,"MVBCF vs BART, PEHE Y2",studentized_bootstrap,,liberal,0.0562,-0.4741401712579995,0.4741401712579995,0.9386041330066129,0.8884408993097522,0.8885421316000963,-1.4470969109359173,2.090721636094909
1,100,C1,"MVBCF vs BCF, PEHE Y1",studentized_bootstrap,,liberal,0.0561,-0.5625758763953445,0.5625758763953445,0.8844368014803871,0.8122457435132636,0.7766990183589181,-1.8031244805163709,3.329829520042825
1,100,C2,"MVBCF vs BCF, PEHE Y2",studentized_bootstrap,10.0,calibrated,0.0548,-0.5631643753048291,0.5631643753048291,0.8793756651052027,0.8025540936881815,0.742969753989396,-2.093769537735536,3.552362468641305
1,100,C3,"MVBCF vs BART, PEHE Y1",studentized_bootstrap,150.0,calibrated,0.0526,-0.7572261691394614,0.7572261691394614,0.92175800789822,0.874790660235383,0.8841697170306532,-1.8808123815174975,2.3793729225562132
1,100,C5,"MVBCF vs MVBART, PEHE Y1",studentized_bootstrap,,liberal,0.0556,-0.919302882793196,0.919302882793196,0.884911872167839,0.8271071116548704,0.814715072200059,-3.182641471402285,3.1219813584076355
2,500,C4,"MVBCF vs BART, PEHE Y2",studentized_bootstrap,200.0,calibrated,0.0532,-1.070881715311936,1.070881715311936,0.76226888184668,0.7434799796049131,0.7683506790995208,-1.117761805637822,1.533621435964942
3,500,C5,"MVBCF vs MVBART, PEHE Y1",studentized_bootstrap,75.0,calibrated,0.0527,-1.094192869110967,1.094192869110967,0.7586279821108879,0.7201551771463092,0.7835548705682207,-1.5101996468943917,2.10611740518515
3,500,C6,"MVBCF vs MVBART, PEHE Y2",studentized_bootstrap,,liberal,0.0551,-1.1937255105792592,1.1937255105792592,0.8023579270475079,0.7594974644001619,0.8756602907239546,-1.020219732527871,1.6050292872061096
2,500,C6,"MVBCF vs MVBART, PEHE Y2",studentized_bootstrap,400.0,calibrated,0.0534,-1.2102783468803138,1.2102783468803138,0.7980995012022107,0.7825515010923882,0.8045845498513339,-1.0536398239597624,1.3633532488764002
1,500,C5,"MVBCF vs MVBART, PEHE Y1",studentized_bootstrap,,liberal,0.0581,-1.2302447778387873,1.2302447778387873,0.7792029748092556,0.7555520932741893,0.8520540116273614,-1.1911762183325896,1.7528830494573515
1,500,C4,"MVBCF vs BART, PEHE Y2",studentized_bootstrap,,liberal,0.0578,-1.2527612429242807,1.2527612429242807,0.7415789400410804,0.6989763855675543,0.8322418619130488,-1.5443974896239054,1.9234090251955678
1,500,C6,"MVBCF vs MVBART, PEHE Y2",studentized_bootstrap,,liberal,0.0581,-1.263468299713089,1.263468299713089,0.7994122736474361,0.7667538519594882,0.9155212641497888,-1.3242446892398634,1.5804013478838552
3,500,C4,"MVBCF vs BART, PEHE Y2",studentized_bootstrap,200.0,calibrated,0.0533,-1.2747558686379243,1.2747558686379243,0.7437954206796203,0.7080132197694071,0.8140905734190713,-1.2122728665386118,1.9295873091590086
1,500,C3,"MVBCF vs BART, PEHE Y1",studentized_bootstrap,400.0,calibrated,0.0539,-1.4475497585136472,1.4475497585136472,0.7480249762619995,0.740734000906174,0.8118502526300986,-1.578039502620935,1.9438933752038818
3,500,C3,"MVBCF vs BART, PEHE Y1",studentized_bootstrap,,liberal,0.0568,-1.4684317067975405,1.4684317067975405,0.7424118514663076,0.7344593264929957,0.7791488553646166,-1.5391292646298604,2.1795849809661196
