corpus_row,paper_id,title,authors,J_numeric,local_PDF_filename,source_version,replication_unit,reported_count_scope,other_counts_reported,J_is_outer_replication,confounded_with,justification_class,justification_status,justification_criterion,source_cited,justification_quote,source_location,sensitivity_to_J,sensitivity_evidence,coding_notes
3,Wager2018,"Estimation and Inference of Heterogeneous Treatment Effects using Random Forests","Wager, Stefan and Athey, Susan",500,1510.04342v4.pdf,"arXiv v4, 10 Jul 2017","outer simulated data sets","per simulation setup; primary setup (27)","25 replications in setup (28); 40 in setup (29); 10 and 20 in supplementary tables; B=500, 2000, or 10000 trees are inner forest counts",Y,"inner forest-tree count B and training/test sample sizes are not outer J","unjustified","missing_justification","none",none,"aggregating performance over 500 simulation replications","PDF p. 20, Table 1 caption, Sections 5.1-5.2",no,"Other replication counts are not a direct J sensitivity analysis.","The caption reports 500 outer replications and a sampling-error summary, but no count-specific precision, power, pilot-variance, precedent, or computational-budget rationale."
12,Abrevaya2015,"Estimating Conditional Average Treatment Effects","Abrevaya, Jason and Hsu, Yu-Chin and Lieli, Robert P.",1000,2015AbrevayaHsuandLieliJBES2015.pdf,"accepted author version of the 2015 journal article","outer Monte Carlo samples","fully nonparametric case; per DGP and sample-size setting","5000 Monte Carlo repetitions in the semiparametric case; sample sizes n=500 and n=5000",Y,"semiparametric comparator uses a different outer count","unjustified","missing_justification","none",none,"The number of Monte Carlo repetitions is 1000 in the fully nonparametric case and 5000 in the semiparametric case.","PDF pp. 491-492, Section 3.1, Data-Generating Process and the Exercise",no,"Different estimator-specific counts are not a direct J sensitivity analysis.","Finite-sample and bandwidth discussions do not justify 1000."
23,Wang2023,"Local Gaussian Process Extrapolation for BART Models with Applications to Causal Inference","Wang, Meijia and He, Jingyu and Hahn, P. Richard",20,2204.10963v2.pdf,"arXiv v2, 24 Feb 2023","outer simulated data sets","per scenario with n=500","10 independent trials for runtime figures; 100 XBART iterations and model tree counts are inner quantities",Y,"training size, runtime trials, iterations, and tree counts are not outer J","unjustified","missing_justification","none",none,"We average the results from 20 independent replications for each scenario with n = 500 samples.","PDF p. 24, simulation evaluation paragraph; Figures 4 and 7",no,"No direct variation of 20 or MC-error study.","Method and runtime comparisons do not justify 20."
24,Nie2020,"Quasi-oracle estimation of heterogeneous treatment effects","Nie, X and Wager, S",500,1712.04912v4.pdf,"arXiv v4, 6 Aug 2020","outer simulated data sets","per simulation setup; primary setups A-D","50 replications in Figure 2; 200 runs for kernel-ridge and boosting results; independent test sets and cross-validation are separate",Y,"test-set size, cross-validation, and method-specific 50/200-run summaries are separate from primary 500 outer runs","unjustified","missing_justification","none",none,"All mean-squared error numbers are aggregated over 500 runs and reported on an independent test set.","PDF p. 18, Figure 3 caption, Section 6; Appendix B Tables 1-4",no,"The different component counts are not a direct J sensitivity analysis.","The primary 500-run mapping is clear, but its selection is not justified."
36,Feng2019,"Estimation of Heterogeneous Individual Treatment Effects With Endogenous Treatments","Feng, Qian and Vuong, Quang and Xu, Haiqing",200,1610.08899v1.pdf,"arXiv v1, 27 Oct 2016; accessible version predates the 2019 journal article","outer resampled data sets used to estimate ITE and compare LATE","corpus J=200 maps to LATE comparator and interval summaries; main ITE calculation uses 2000","2000 resampled datasets for ITE estimation; 200 repetitions for LATE RMSE and 90% confidence intervals; sample sizes n=1000, 2000, 4000",REVIEW_REQUIRED,"accessible source has both 2000 outer ITE resamples and 200 LATE repetitions; corpus J cannot be assigned uniquely","unclear_report","unclear_reporting","unclear",none,"For r = 1, ..., 2000, these are used to repeatedly estimate the ITEs; for comparison, we provide the RMSE of the LATE over the 200 replications/samples.","PDF pp. 11-12, Monte Carlo study, Table 1, Figures 1-2",unclear,"The corpus-to-source mapping is unclear, so J sensitivity is unclear.","Author verification is required before treating J=200 as the primary outer count."
41,nie2021nonparametric,"Nonparametric heterogeneous treatment effect estimation in repeated cross sectional designs","Nie, Xinkun and Lu, Chen and Wager, Stefan",200,1905.11622v2.pdf,"arXiv v2, 22 Aug 2021","outer simulated training/test data-set pairs","per simulation setup and sample size","Each run has separate training and independent testing sets; sample sizes vary",Y,"training and testing samples are within each outer run","unjustified","missing_justification","none",none,"We run the experiments 200 times, and the mean squared error of each algorithm is shown below.","PDF p. 11, Section 6, Simulation Study, and Table 1 caption",no,"No alternative J or direct MC-error analysis.","DGP and sample-size comparisons do not justify 200."
48,Park2023,"A groupwise approach for inferring heterogeneous treatment effects in causal inference","Park, Chan and Kang, Hyunseung",500,1908.04427v6.pdf,"arXiv v6, 11 Sep 2023","outer simulated data sets","per simulation scenario; 16 scenarios","five cross-fitting repetitions; N=2000 units; C=200 clusters in clustered scenario; machine-learning fits are inner",Y,"cross-fitting and study-unit/cluster counts are not outer J","unjustified","missing_justification","none",none,"For each simulation scenario, we repeat the simulation 500 times.","PDF p. 15, Section 5.1, Simulation Setup; Supplementary Material Section A.3",no,"DGP, clustering, and heterogeneity changes are not J sensitivity.","The five cross-fitting repetitions and design factors do not justify 500."
53,Daz2021,"Nonparametric Causal Effects Based on Longitudinal Modified Treatment Policies","Díaz, Iván and Williams, Nicholas and Hoffman, Katherine L. and Schenck, Edward J.",1000,2006.01366v4.pdf,"arXiv v4, 6 Jul 2021, with appended supplementary simulation material","outer generated data sets","per sample-size setting in Supplementary Material Section 1","sample sizes n=200, 800, 1800, 3200, 5000; longitudinal time points and cross-fitting partitions are design quantities",Y,"sample size and cross-fitting partitions are not outer J","unjustified","missing_justification","none",none,"For each sample size n in {200, 800, 1800, 3200, 5000} and tau=4, we generated 1000 datasets.","Supplementary Material, Section 1, Simulation Study, p. 1",no,"No variation of 1000 or direct MC-error analysis.","The supplement gives the count and DGP but no count-specific rationale."
55,Heiler2024,"Heterogeneous treatment effect bounds under sample selection with an application to the effects of social media on political polarization","Heiler, Phillip",1000,1-s2.0-S030440762400201X-main.pdf,"published open-access Journal of Econometrics 244 (2024), article 105856","outer Monte Carlo data sets","per parameter/sample-size configuration","999 multiplier-bootstrap replications for application confidence band; sample sizes n=400 and n=2000; two-fold cross-fitting",Y,"bootstrap replications, cross-fitting folds, and sample sizes are not outer J","unjustified","missing_justification","none",none,"Coverage rates for varying parameter and sample sizes with nominal level 95%. Results are based on 1,000 replications.","PDF pp. 13-14, Section 5, Figures 5.1-5.2",no,"Coverage/power across design parameters is not J sensitivity.","The power analysis concerns the procedure and design parameters, not choosing 1000 replications."
56,Shin2023,"Improved Inference for Doubly Robust Estimators of Heterogeneous Treatment Effects","Shin, Heejun and Antonelli, Joseph",500,2111.03594v2.pdf,"arXiv v2, 19 Jul 2022","outer simulated data sets","per nonlinear-nuisance scenario and sample-size setting","100 randomly drawn evaluation locations; sample sizes 200, 500, 1000, 3000; posterior/model quantities are inner",Y,"evaluation locations, sample size, posterior draws, and model fitting are not outer J","unjustified","missing_justification","none",none,"the values are averaged over the 100 locations for V and 500 simulations.","PDF p. 9, Section 4.1, Figure 1 caption and surrounding text",no,"No alternative outer count or direct MC-error analysis.","MC standard errors are an evaluation metric, not a target used to choose 500."
59,10.1214/20-AOAS1438,"Targeted Smooth Bayesian Causal Forests: An analysis of heterogeneous treatment effects for simultaneous vs. interval medical abortion regimens over gestation","Jennifer E. Starling and Jared S. Murray and Patricia A. Lohr and Abigail R. A. Aiken and Carlos M. Carvalho and James G. Scott",50,20-AOAS1438.pdf,"published Annals of Applied Statistics article PDF, 2021","outer simulated data sets","per one of five clinically plausible scenarios","50 treatment-effect trees, 200 prognostic trees, posterior MCMC draws, and held-out observations are separate",Y,"model trees and MCMC draws are inner Bayesian quantities","unjustified","missing_justification","none",none,"For 50 replicates of each scenario, we generate a dataset and fit all models for each scenario.","PDF p. 1209, Section 5, Figure 9 and Table 3",no,"No alternative outer count or direct MC-error analysis.","Clinical scenarios and model settings do not justify 50."
61,10.1214/21-AOAS1579,"Heterogeneous causal effects with imperfect compliance: A Bayesian machine learning approach","Falco J. Bargagli-Stoffi and Kristof De Witte and Giorgio Gnecco",500,21-AOAS1579.pdf,"published Annals of Applied Statistics article PDF, 2022; supplementary material referenced but not bundled locally","outer generated data sets","per Monte Carlo scenario and effect/sample-size configuration","sample sizes 1000 and 4000; discovery/inference half-sample split; supplementary robustness simulations are separate",Y,"sample size and discovery/inference split are within-data-set design quantities","unjustified","missing_justification","none",none,"The performance of the BCF-IV algorithm is evaluated using goodness-of-fit measures, averaged over M = 500 generated data sets.","PDF p. 1998, Section 3; supplementary-material reference on p. 2007",no,"Effect, compliance, and sample-size changes are not J sensitivity.","The empirical-application motivation does not justify 500."
63,Pang2016,"Effect Estimation in Point-Exposure Studies with Binary Outcomes and High-Dimensional Covariate Data – A Comparison of Targeted Maximum Likelihood Estimation and Inverse Probability of Treatment Weighting","Pang, Menglan and Schuster, Tibor and Filion, Kristian B. and Schnitzer, Mireille E. and Eberg, Maria and Platt, Robert W.",1000,10.1515_ijb-2015-0034.pdf,"published International Journal of Biostatistics article PDF, 2016","outer simulated datasets","Simulation Study A, per data scenario","Study B is limited to 500 generated datasets due to computational intensity; 100000 subjects derive truth in Study A; 443 of 500 plasmode runs converged",Y,"the 500-dataset plasmode limit is separate from corpus J=1000","unjustified","missing_justification","none",none,"Simulation of each data scenario was repeated 1,000 times and analyzed accordingly.","Section 5.1, Simulation Study A; Section 6.2, Plasmode Simulation Study B",no,"The 1000 and 500 studies are not direct J sensitivity.","The computational-budget statement applies to separate J=500 plasmode study, not corpus J=1000."
64,Mayer2020,"Doubly robust treatment effect estimation with missing attributes","Mayer, Imke and Sverdrup, Erik and Gauss, Tobias and Moyer, Jean-Denis and Wager, Stefan and Josse, Julie",100,20-AOAS1356.pdf,"published Annals of Applied Statistics article PDF, 2020","outer simulated data sets","per setting in Figures 3-5","bootstrap inference is used without a local numeric draw count; sample sizes n=100, 500, 1000, 5000",Y,"bootstrap and sample-size values are not outer J","unjustified","missing_justification","none",none,"Results are displayed for 100 runs of every setting.","PDF pp. 1420-1422, Section 5.2, Figures 3-5; supplementary-material reference",no,"No variation of 100 or direct MC-error analysis.","Missingness and estimator comparisons do not justify 100."
67,sloczynski2022doubly,"Doubly robust estimation of local average treatment effects using inverse probability weighted regression adjustment","Słoczyński, Tymon and Uysal, S Derya and Wooldridge, Jeffrey M",1000,2208.01300v2.pdf,"arXiv v2, 15 Nov 2022","outer Monte Carlo samples","per sample-size and misspecification configuration","1000 samples for N=1000 and another 1000 for N=4000; 500 bootstrap replications in empirical application; nominal 95% CIs",Y,"bootstrap replications and sample sizes are separate from outer J","unjustified","missing_justification","none",none,"Results are based on 1,000 replications.","PDF pp. 39-40, Section 7, Tables 4-5 and notes",no,"Sample-size and model-specification changes are not J sensitivity.","Bias and precision are assessed, but no reason is given for 1000."
68,Scotina2019,"Matching estimators for causal effects of multiple treatments","Scotina, Anthony D and Beaudoin, Francesca L and Gutman, Roee",500,1809.00268v2.pdf,"arXiv v2, 25 Apr 2019; duplicate local copy ignored","outer simulated data sets","per factorial simulation configuration","m=1 match; J=1 is used for estimating conditional outcome variance; factorial design 2^6 × 3^3 × 5",Y,"internal J=1 variance notation and m=1 are not outer J","unjustified","missing_justification","none",none,"For each configuration, 500 replications were produced.","PDF p. 12, Table 1, Simulation Design",no,"Factorial design changes do not study J sensitivity.","The outer 500 count is clear but not count-specifically justified."
79,Liu2023,"Joint evaluation of placebo and treatment effects in cluster randomized trials by causal inference models","Liu, Wei and Zhang, Bo",200,1-s2.0-S1551714423002318-main.pdf,"published Contemporary Clinical Trials 132 (2023) article PDF","outer synthetic cluster-randomized-trial data sets","per simulation setting; source also varies M, the number of clusters","M=100 or M=200 clusters; 200 synthetic data sets; cluster sizes Uniform[2,5] or Uniform[5,10]; 500 bootstrap samples in application",REVIEW_REQUIRED,"same value 200 is used for outer synthetic data sets and M=200 clusters; corpus J cannot be mapped uniquely","unclear_report","unclear_reporting","unclear",none,"We consider M = 100 or 200; following the simulation study plan, we repeatedly generate 200 synthetic data sets.","PDF pp. 3-6, Section 3, Tables 1-3",unclear,"The two 200 quantities prevent a clean J sensitivity assessment.","Author verification is required before coding 200 as the primary outer count."
81,Liu2024,"Causal inference for treatment effects in partially nested designs.","Liu, Xiao and Liu, Fang and Miller-Graff, Laura and Howell, Kathryn H. and Wang, Lijuan",500,2023-63337-001.pdf,"manuscript version, 2023; explicitly not the copy of record","outer replications of partially nested-design data sets","per condition; 500 replications for 864 conditions","number of clusters J=10,20,40; cluster size m=5,10,20,40; total sample size 50-1600; 12 methods",Y,"source uses J for cluster count, while corpus J=500 maps to separate outer-replication statement","unjustified","missing_justification","none",none,"For each condition, 500 replications were run.","PDF p. 32, simulation-study summary",no,"Cluster-count and cluster-size changes are not J sensitivity.","Prior studies motivate cluster-count choices and a general Monte Carlo power reference is cited, but neither is tied to choosing 500 replications."
84,Heiler2021,"Efficient Covariate Balancing for the Local Average Treatment Effect","Heiler, Phillip",20000,2007.04346v1.pdf,"arXiv v1, 8 Jul 2020","outer Monte Carlo data sets","per design, overlap parameter, and sample-size configuration","500 bootstrap replications for application standard errors; expected complier counts 250 and 500 at n=500 and n=1000",Y,"bootstrap repetitions and expected complier counts are not outer J","unjustified","missing_justification","none",none,"Results are obtained from an experiment using 20000 Monte Carlo replications.","PDF p. 32, Section 6.2, Tables 6.4-6.6",no,"No alternative outer count or direct MC-error analysis.","Bias, variance, overlap, and estimator comparisons do not justify 20000."
87,Zhao2004,"Using Matching to Estimate Treatment Effects: Data Requirements, Matching Metrics, and Monte Carlo Evidence","Zhao, Zhong",200,003465304323023705.pdf,"published Review of Economics and Statistics 86 (2004) PDF","outer Monte Carlo data sets","per design and estimator configuration","sample sizes n=500, 1000, 2000; Appendix A no-replacement tables; matching and covariate counts are design factors",Y,"sample sizes, matching metrics, and estimator configurations are not outer J","unjustified","missing_justification","none",none,"Notes: 1. Replications: 200.","PDF pp. 97-98, Monte Carlo Design I and Table 1; Appendix A Tables A1-A4",no,"Repeated 200-run tables are not direct J sensitivity.","DGP and matching-metric motivations do not justify 200."
88,Abadie2002,"Bias-Corrected Matching Estimators for Average Treatment Effects","Abadie, Alberto and Imbens, Guido W.",10000,Bias-Corrected Matching Estimators for.pdf,"published Journal of Business & Economic Statistics 29 (2011) PDF","outer simulated data sets","Lalonde-like simulation per matching estimator and design","185 treated and 2490 control observations per data set; M=1,4,16,64,2490; 21 estimators",Y,"sample composition and matches M are within-data-set quantities, not outer J","unjustified","missing_justification","none",none,"Table 4. Simulation results Lalonde design (10,000 replications).","PDF pp. 7-8, Section 5, Table 4 and following paragraph",no,"No alternative outer count or direct MC-error analysis.","The realistic-data design does not provide a count-specific rationale for 10000."
95,Scotina2019,"Matching estimators for causal effects of multiple treatments","Scotina, Anthony D and Beaudoin, Francesca L and Gutman, Roee",500,1809.00268v2.pdf,"arXiv v2, 25 Apr 2019; duplicate local copy ignored","outer simulated data sets","per factorial simulation configuration","m=1 match; J=1 is used for estimating conditional outcome variance; factorial design 2^6 × 3^3 × 5",Y,"internal J=1 variance notation and m=1 are not outer J","unjustified","missing_justification","none",none,"For each configuration, 500 replications were produced.","PDF p. 12, Table 1, Simulation Design",no,"Factorial design changes do not study J sensitivity.","Duplicate corpus row retained separately with the same evidence and classification as row 68."
