AR(1),AR(2),naive,mean,seed
1.2304358458532987,1.2278718092321248,1.2462246120098166,2.742319015148163,0
0.9163967854395261,0.9166945553461823,1.0787909108346951,1.8580765330951832,1
0.9235929082418926,0.9328294310866951,1.0981642555496285,1.6931847052555293,2
1.0013866800581368,0.9967321084129775,1.1810017235834953,2.0487873205143905,3
1.15745853723618,1.154434360441794,1.353776603213357,2.3293251429777064,4
0.9254777734079482,0.9321007511378341,1.0847794526505694,1.8378417537619964,5
0.8771047582362692,0.8773268581572639,1.0051097520643097,1.8656865729977468,6
0.8973015983169759,0.8948536083310944,1.0389339054923798,1.8464519859373412,7
1.080058133624168,1.0837998787382928,1.2847229395708677,1.9723386269976908,8
1.000217061198898,0.997684554752089,1.1982915494935422,1.7729698965951604,9
1.012903131926668,1.0150141223032703,1.2350088763924065,1.642472071444245,10
0.9594532759034962,0.9583593551303865,1.1232065710175991,2.0852944658409474,11
1.0486753366074897,1.0370168128286865,1.2283069248514626,2.035583051216134,12
1.1021598177469376,1.1083125995232255,1.2267297373712223,2.6948723355503756,13
1.0017501747249415,1.0137279773279093,1.174812742445115,1.9705184404880192,14
0.8708323619811924,0.8714344023761317,1.0226692840175227,1.716010754866926,15
0.7397987177813163,0.7687324575755659,0.8759853186238652,1.3264638810964449,16
1.0009672668290597,1.003845779767614,1.1615155880429713,2.149333021567517,17
1.0680345616360893,1.069354364163354,1.207830224256961,2.38237773986404,18
0.8701062333584264,0.8662300471907326,1.0093433445081272,1.8312584458097034,19
1.0384220179971535,1.0508807398178508,1.2450501364899478,1.256205902380278,20
1.0124063721744825,1.0119203131461958,1.1327329041115863,2.552446598556971,21
0.9264312716663778,0.921621243463963,1.0849612308269427,1.7786724687329158,22
0.9650219394246068,0.9580457127216353,1.129189138476647,1.8595809883379912,23
1.003368922499463,1.003211550874338,1.207721745999808,1.616401420867333,24
1.0169315302417987,1.020075518059638,1.2376733846685595,1.7390630138274685,25
0.9106566242094993,0.912221427456478,1.1255064330688098,1.4602981969584845,26
1.0692273454173848,1.0662726739840618,1.20542021863547,2.406238152981592,27
0.908388666229348,0.9114305182798774,1.0871960485748795,1.5354702351040095,28
0.9195192693690112,0.9090549345775925,1.0979797281237615,1.5253116364054045,29
1.220103531807163,1.2188057344225836,1.4348739365079148,2.3900865504521818,30
0.8793678136692481,0.8774101137529914,1.0110826820114858,1.8875214912347393,31
1.0796433743952223,1.0766691977396798,1.2802070636643736,2.0595429238665592,32
1.0030490600861062,1.0074292635126552,1.1945983196548409,1.8407152017322161,33
0.8672187667778138,0.8679001771128528,0.995283087309972,1.866180604187707,34
0.88049384340097,0.880686257386953,1.0459605003968269,1.5963307819485457,35
0.9733496096528804,0.971877166683515,1.1257954006525452,2.0861893945120062,36
0.8197842631853303,0.8252336134039328,0.9677478838130077,1.5783337256541956,37
1.046578068482659,1.0505187794423017,1.2004758302583276,2.1005032497031215,38
1.0030584719346713,0.9933987412889923,1.189544741415554,1.9226234229558832,39
1.1456034939986324,1.1336313332337318,1.4069347917379145,1.8332975079657803,40
1.0598052697610072,1.0537497516353949,1.265394517400174,1.9388681693843404,41
1.001584667065834,0.9998486640031585,1.1820321235559812,1.897333636957073,42
0.855324964101158,0.8529817309739554,1.0472825609243608,1.436880933922568,43
1.1090289134674216,1.1124792830608812,1.3159669957911495,2.0842932510790555,44
0.9742848167142175,0.9726323678997258,1.1642856216067705,1.7210213288701073,45
0.8835625030082751,0.8828094905758757,1.028110024269837,1.7414251794536808,46
1.0384829621339546,1.0397643295521528,1.1667732838764726,2.3867546372560313,47
0.9458675131120606,0.9453636513724972,1.133302291305568,1.6777463908516979,48
1.0038418277678236,1.0020380361720385,1.139588374931529,2.2428938167061996,49
1.116204658135002,1.114650866040491,1.3064765072826552,2.1419505931132052,50
1.0281719386843764,1.0594791445369358,1.2341376193989921,1.9647672273322923,51
1.103741645130348,1.1048495340546092,1.2767201396660735,2.195892389574467,52
0.8511883482689164,0.8514885394128444,0.9787015879856196,1.7234214292338508,53
1.1193595890996177,1.1166680295655655,1.4223908137856256,1.5274093543454808,54
0.9829918899727056,0.9875904857888029,1.1574929800167788,1.8587817372469886,55
0.9713191725452661,0.9871630783601174,1.160673550866715,1.693593361138507,56
1.123267010771468,1.124313430205013,1.3795230956263538,1.8241175581597515,57
1.047287719554406,1.0478865654373766,1.2011806932266254,2.2971400269838385,58
1.047871921638197,1.051083446889624,1.1779654681582505,2.3272704483728415,59
0.9214954062092037,0.9114080952344136,1.0436567573123954,2.051663475615092,60
1.075495903006894,1.0743794865903067,1.2540815598843331,2.1896701183365996,61
1.0354764453526355,1.0356062439707148,1.2131907184427202,2.0847657639379564,62
1.0563489712332292,1.0670922706235617,1.2287298815210272,1.9975012301828208,63
1.3414789144088757,1.3431225965930085,1.5700603537690896,2.647116978471753,64
0.8203383745178057,0.8167474336700263,0.937571156452498,1.9399114296089472,65
0.9829483865250535,0.9957557657067408,1.19194225494107,1.3186279786862425,66
1.0323606761280146,1.03314432405488,1.2660859803090496,1.557988010507369,67
0.9928343058441973,0.9999371950145155,1.2095441624086027,1.6567694904993449,68
1.0258886692429883,1.0316734216288423,1.2235707008469878,1.907891725929524,69
0.989968452648556,0.991559919867881,1.151449707264565,2.0145745514198388,70
0.9004611221054293,0.9036136485189411,1.0646587469220485,1.709220380304516,71
0.8085591283002793,0.8071927363835982,0.9385436543546875,1.723328398711872,72
1.007164771598613,1.0067142260785258,1.18792475376111,1.9070823776904557,73
1.0093661829967742,1.015317686984108,1.233600584958759,1.6567088055023431,74
0.9198015456752503,0.9199347617846978,1.091552292558189,1.7072786561654134,75
0.9658758074492598,0.9696883213436358,1.1505493931564303,1.773894529703175,76
1.0203174234638563,1.0243465973782113,1.1642888198021581,2.2151349894010126,77
1.0714581054638916,1.0538648898373812,1.083487366275088,2.9288430675333283,78
0.9770506385873974,0.9771885080774535,1.1453583571089723,1.8973641986081264,79
1.0630304498136087,1.0632114191087243,1.2057707151445447,2.523267801918206,80
0.9728189088984649,0.9740509195506425,1.1610254979094004,1.7616430474282523,81
0.9111521256791676,0.905505152778791,1.118377179623613,1.5033866156725781,82
1.2604148265468338,1.2733268793074932,1.4412796815895765,2.8024472136884913,83
0.9084020698853605,0.9294294141815199,1.0995915308161188,1.5924734250533774,84
1.00940347543437,1.009471640122408,1.1482327509890133,2.305023928021353,85
0.9321256325560191,0.9336146320897035,1.1575736554727003,1.3557511714572186,86
1.031605218317046,1.0320907231406766,1.2566609121359196,1.4348779285413027,87
1.0025766305647184,0.9994254131101412,1.1987432318666509,1.8338982670073054,88
1.0203860259680793,1.027751435153386,1.208069454902171,1.8941584789910264,89
0.9978283304960862,0.9993843580905404,1.2034187933451321,1.7646214205202115,90
0.9306248293948562,0.928344749452735,1.1287109691513486,1.6090555388782455,91
0.9839041258860013,0.9831324644064864,1.1493940634400308,1.9677438924635942,92
0.9063464040588787,0.9121743858257025,1.0625446890154604,1.7941878359536747,93
1.0448024685875956,1.045798157398076,1.2217055175996412,1.9354030765205197,94
0.8274927377951754,0.8320219844356558,0.9790833303007713,1.5511864331966467,95
0.9969236519578771,1.014267821950662,1.1786837315176752,1.9966689407031535,96
0.8647150135510725,0.8617179960849348,1.0147639344891652,1.814456213324234,97
0.9403231542004212,0.9488185246138844,1.0614078836530805,2.2521732583628076,98
1.1365966627255222,1.1294976673433967,1.3489420301375328,2.0986513095161694,99
0.9883339021147733,0.9852812399331554,1.0915899625560395,2.1655066216950276,100
0.9711123080046892,0.9757629484421397,1.1531795952817872,1.78302594432155,101
0.9729563261807587,0.985992512328902,1.1802729688123106,1.620800333983955,102
1.1934138362637527,1.1937240198599286,1.3682659766162397,2.5474203074518975,103
1.0842669430862566,1.088148126174364,1.2143904393978677,2.589898766245179,104
0.8100708369351577,0.8016152554541768,0.9644886992371275,1.3999333346262688,105
0.9412682964167866,0.9436449964299399,1.0954644485225729,1.8243399200495936,106
0.9104439114638447,0.9114051312121373,1.026121629468809,2.1335491242155604,107
0.9962906785073382,1.0069050438368605,1.1456687516528168,2.067006904262296,108
1.119298513844119,1.1368189419654309,1.3359649514670542,2.044506883661356,109
1.1496942060744646,1.1507764876842441,1.3016347874647463,2.578728304497439,110
0.9870786685255581,0.9906562498888069,1.1544287816365448,1.9621006384129294,111
0.9744109383440158,0.9730734650193037,1.1383574152570275,2.001905446697746,112
0.9730691499448929,0.9721954727665804,1.113641922145268,2.089115271137385,113
1.0395869683480106,1.031994134230286,1.248550973864809,1.8596582072537666,114
0.8843018592880125,0.8832214184665358,1.0245827228515985,1.8134544784058557,115
0.9770715792741714,0.9801093316194579,1.1277705010908263,2.0606030497839054,116
1.1381669750015049,1.1395796207687723,1.2740394963396329,2.8455090810052126,117
1.1366046897803777,1.1581253120645303,1.346076215326714,2.096540760204426,118
1.077725097574114,1.0745886094041683,1.2618475251085857,2.134872096668516,119
1.2019306390391653,1.2025544336876366,1.381058641876191,2.4978131164627912,120
1.1984980333645945,1.1929350378950299,1.431041950136168,2.1903716726122986,121
1.0927300878755495,1.0838712268064046,1.2568935348487473,2.284896407258208,122
0.8755679877025816,0.8746153144576158,1.0382478640739696,1.6967173502942006,123
1.0106438494535357,1.0090111201335497,1.1547042737256208,2.2844709853898113,124
0.8116509477129894,0.8103394432086969,0.944384331368199,1.6906644475113939,125
0.9367675332623862,0.9336283520343825,1.083190719154024,1.8744379110810143,126
1.2669879108425912,1.2848018631651654,1.460661701875328,2.7776120117531797,127
1.0473034366081486,1.0361015854917222,1.2377948444049223,1.9715632775318244,128
1.0529614299076373,1.0693389058594,1.2278117855189603,2.118006391841395,129
0.8477788148187898,0.8441455838580745,0.9495922548014281,1.796436266962263,130
1.1585789815545087,1.1589745871771093,1.2741676557865729,2.9886631483494353,131
0.9214291417382426,0.9323462824537869,1.066450874122298,1.9582858327490664,132
1.0013427084580497,0.999357725702352,1.2049866660340098,1.7303045695627872,133
1.0178598952373492,1.0363619196025136,1.1729097809516613,2.0975790602637012,134
0.8926645634328129,0.8955118758107332,1.0390580825569324,1.8101108570088473,135
1.105994627209743,1.1084806500553819,1.3060251113621613,2.047728269887938,136
1.0226691985285945,1.0239594224869435,1.1726845475979593,2.2460907645358708,137
0.8667238576650749,0.868361852725894,0.9979070781487783,1.7878185951763002,138
1.0326197409085303,1.0523546376246333,1.2247533436386444,1.9595634520201828,139
1.0054116493715128,1.0041913703019218,1.190321714868374,1.8992062816157906,140
1.0298335428252436,1.0437904198002061,1.2770064036312863,1.6506942148303592,141
0.927534257455364,0.9273884539524002,1.042845562470106,2.154287965022289,142
0.9147036442100712,0.9282972621443812,1.099182283976901,1.548484861964151,143
1.082721347885875,1.0909602963195655,1.323952802665187,1.7607850509574947,144
0.9758959117766043,0.976011977178436,1.1436021195314754,2.032991359416112,145
0.9526320632557198,0.9622273574987618,1.099777750266633,2.049951509003426,146
0.8248467956581044,0.820219213153641,0.9847110827590684,1.5190400819591705,147
0.9348006485652539,0.935167993202838,1.1242282363870038,1.6027333708141152,148
1.045424274267471,1.0463721815648335,1.1913848400724913,2.231906518602875,149
0.9776546129043108,0.979398719790311,1.1321938204156718,2.0679665789441173,150
1.1726728176092622,1.16670167758153,1.3710355822805556,2.3462473915292192,151
1.0456034112116648,1.0731267544217769,1.1999334933948982,2.2352619372574853,152
1.068925189377201,1.0730723906206379,1.2545210057443095,2.096881842072832,153
1.0839351004795836,1.084156197348944,1.2958644924841534,1.992849351209208,154
1.0771762817914015,1.081602726155623,1.2548488880540374,1.9971829106163759,155
0.8581382348499672,0.8584306858800599,1.0135656258986687,1.5880473505108677,156
1.048568895014518,1.0486378365228715,1.204868636608597,2.0883969399647095,157
1.0577515079396078,1.0575344042433246,1.3286502569340022,1.6083944523778302,158
0.9639444192461696,0.9621296076113566,1.1257494391393081,1.8809630490573,159
1.0366415446139208,1.0361241978842792,1.1663790212783172,2.43682445188042,160
1.134425861566003,1.136942485569358,1.2459534669978476,2.7992671267575897,161
0.7975961706184275,0.7989049430286661,0.9834277913599507,1.097096249294723,162
0.8504852892291166,0.8527095565407654,0.9995878049968852,1.7591876713643506,163
1.0165487001230915,1.0213711354439736,1.1869793604247456,1.9909064002644512,164
1.0457304782228618,1.0457467883910774,1.2241086818032603,2.0971532973025675,165
0.9093918178305507,0.9122814855268153,1.1309934694946522,1.3854970272183322,166
0.9809622085473967,0.9800017393152328,1.1421477097755008,2.006289135373136,167
0.916767117082474,0.9146421992422027,1.1058727174353873,1.5411027327914462,168
0.8939673666961829,0.8992365177112583,1.0840771229470954,1.5606701891140944,169
0.8940744195929514,0.9011241261692678,1.083018340408418,1.5478378744720944,170
1.0054311737680393,0.990594914826214,1.186299270183086,1.920720184030412,171
0.8697509649048815,0.870501112760173,1.0145564470093067,1.6880608608398682,172
0.8866542001558311,0.8885878631263893,1.0222118645339031,1.756159986316017,173
0.8132946488147796,0.8136824867407788,0.9840818307503258,1.3745509353794736,174
0.9771341906835249,0.9720658513738577,1.1510719816638195,1.8541598175588931,175
1.0225252243614282,1.0257920912323808,1.1835792395339377,2.1470556861321466,176
0.9360468497512806,0.9313339772946004,1.0995047682447234,1.8278647292952255,177
1.2556565297097788,1.256040847020473,1.4651159638340636,2.53748074981362,178
0.966901731426168,0.9628398082658941,1.0667977649654232,2.177873646224383,179
1.1545727610478083,1.1582220015791764,1.3301443742131727,2.528295353813296,180
0.8734220105143463,0.8765808044860467,1.0013888975619167,1.8666671682269862,181
0.8840673366669685,0.8859446439455607,0.9988008425154479,2.1501208892716464,182
1.0152960545081238,1.015432288766875,1.1830133749884246,2.0390008488405837,183
0.9447606768632179,0.9570303413339611,1.0915486143661461,1.828648344636369,184
1.0807636160320933,1.070674566039776,1.2933502481539305,1.9139705418495976,185
0.9709115440732312,0.9716847969983405,1.1410623866029594,1.8159521139557748,186
1.0284690648067427,1.0320077778212648,1.2494776663410179,1.6916166360833989,187
1.1034185653071622,1.1036090993783652,1.3337896722912654,1.8996120684639715,188
1.0930128329227902,1.0965364254538479,1.2461095668349806,2.190214723940899,189
0.9312729168002878,0.9305833919043127,1.1087853798052545,1.7497303819231569,190
0.9637513996102323,0.9632588212517169,1.0958693172340062,2.025228963856197,191
1.021875204048941,1.0194863483457133,1.1280858155561502,2.336396946669195,192
0.948396450006203,0.9489102668524158,1.0863939898011292,2.0553642294179575,193
1.012679626161751,1.020169283955296,1.2306471626262776,1.6227741576601655,194
1.1346328162194905,1.1338064141834543,1.259219577269045,2.53357904743962,195
1.1961652813712478,1.1907237641469144,1.355434596448589,2.5564107349656564,196
1.2779517937626548,1.2775562009804111,1.4773813038774768,2.6931785252988347,197
0.9363032907178045,0.9642459710919893,1.111984226838423,1.6334583881270177,198
1.1781668714075955,1.1873508957183483,1.3957717788275699,2.2585744241899817,199
1.102180161719274,1.1107767730654812,1.3345502797230997,1.8096215356380605,200
1.004969072830558,1.0085451128857446,1.1816888349396135,1.9433261784605538,201
0.8728736322998083,0.8697261148655957,1.0277425754505414,1.649579580276601,202
1.012005913696535,1.023930017600829,1.2175189350438942,1.7122377262951076,203
1.1129103317880402,1.1266303754451163,1.3084445028880765,2.165320842954159,204
1.0910397057989203,1.1054226431729504,1.3013457368952766,2.060313343961383,205
1.0028415968450428,1.0048761617421027,1.142461309060919,2.1942283276278256,206
0.8238276587323763,0.8245543491191313,0.9742101821193504,1.5697932607112397,207
1.1044096690763814,1.1155178560367545,1.2927653163928197,2.133328942263573,208
0.9985990026380047,0.9979690640136147,1.1413758159038954,2.16082394318208,209
0.8213215453732959,0.8242126286948125,0.9638291667360184,1.6788599826937456,210
0.8674420436201102,0.8705861814638572,1.0242402433614353,1.6314132510861301,211
1.0633362443881287,1.0558546495673395,1.2715668827986206,1.9477697401010101,212
0.8872819672274336,0.8864295122994386,1.04623958588321,1.8202040274300626,213
0.9998962905153863,0.9973574162863641,1.1498953324229912,2.216749806736594,214
1.0628891219522165,1.0712897483196606,1.2310210081045725,2.3431192550083035,215
0.944534694750501,0.9402135088460281,1.171092852293732,1.429676187825109,216
0.9674896499288138,0.9680192885256257,1.1803799901382206,1.599512134126913,217
1.1040267775358499,1.10458190287152,1.2956166964899654,2.0146516842586375,218
0.9239278311016939,0.921794661959341,1.03492682023807,2.0882974139830965,219
1.135544042549796,1.1290981743622686,1.2602360785155573,3.0370798530565275,220
0.9219974296097501,0.9209382968356167,1.0952955119711738,1.7006736314887063,221
0.8962525208933291,0.9030569175729896,1.0562198267328964,1.7154298970480248,222
0.9226707426806129,0.9255419105671576,1.0635113787991775,1.978421936399443,223
1.119570557610331,1.1213739324613845,1.3167348609839866,2.1759107592041866,224
0.9812263497593209,0.9786199887124701,1.1238999272387566,2.0553588039786566,225
0.9852522292995676,0.9653980955294078,1.1535574710994776,2.034154429905951,226
0.8815993924161305,0.8810420540216035,1.0193703773816294,1.8489493144615818,227
1.042778229803008,1.0571544829856967,1.2260180490914434,2.043516309965395,228
1.0957294294007205,1.099773677838619,1.281459250647685,2.216720617005815,229
1.0798482224814996,1.080644196216027,1.2569450460963711,2.268550514448694,230
1.0321122656427997,1.0226031650418748,1.201139571487086,2.1351162073941525,231
0.9015137992773964,0.9015542867194134,1.0493189368888842,1.8326511829737349,232
1.0982661172968275,1.0989818283699182,1.3143057030078367,1.9865514135027718,233
1.0539817375185703,1.054438402954579,1.291310044906889,1.7275503538304406,234
1.1467514505866427,1.1843157103019397,1.3341111262280818,2.4165261695931117,235
0.8424901464749567,0.850402177208743,0.9935625693131506,1.5696783973149553,236
1.0974836819325053,1.0993189092780795,1.2703263088875254,2.2351402071302857,237
0.9335125809233581,0.9425237047009091,1.1630718781425387,1.3722797324184695,238
1.087068165457588,1.1140653378199976,1.3457676448408602,1.6057784022799786,239
0.9932424128783083,0.992709829050522,1.1481090428459557,2.1093737770995196,240
0.8634343874375802,0.8615351053466324,1.007769538681923,1.8086634542111484,241
1.0987756133266182,1.0934360893943778,1.2724750139690988,2.399079719766381,242
1.0821458415237564,1.0819632257412666,1.2434819572805131,2.3749881496268195,243
0.9421420855979972,0.9417522655506464,1.1259490249556912,1.7507412172609624,244
0.9909094582304381,1.0000151727390272,1.1750927809330691,1.8666244214680228,245
0.9154294341241169,0.9202629061097528,1.0568965351969681,1.9738371755688424,246
1.058914875195165,1.0589230557387046,1.2673675579462547,1.8143626712644252,247
0.9492140988856146,0.9498083673042796,1.0797158343036535,1.9728250198532427,248
1.1816243740509318,1.1820733981690799,1.4132916222111793,2.0774834675674327,249
1.0742471974581003,1.0738332384133487,1.2628901731925017,2.1492880047728486,250
0.9242745435974219,0.9266075176084986,1.0283496412083317,2.228444856151061,251
0.983453627587761,0.973385734122718,1.159527857017602,1.8240526430812105,252
1.0068616298086392,1.0124718674995286,1.156756711763595,2.1513069603700914,253
1.0148151599392827,1.013006369491984,1.1663890283477174,2.188446595050148,254
0.8432540388375801,0.8343557989186331,0.9944940657598067,1.6118701091677925,255
1.2628309067549859,1.2690349215527181,1.4568170698384022,2.5930884686794853,256
0.9151006341302312,0.9091088070277302,1.0340426235286244,2.247363832890749,257
1.259534818293046,1.2596792309576772,1.4506985185800136,2.4955594386784052,258
0.8914360621099869,0.8915912095584272,1.0680075617926752,1.5849892152847136,259
0.9421313242063902,0.9487312298663345,1.116114138107347,1.8342911895054743,260
1.0193066754024147,1.017457656585468,1.2008916106124075,1.9296106229829206,261
1.1025691814486591,1.128385074372819,1.2774472814224171,2.2890938682909505,262
1.13285382757291,1.1341212890058878,1.3519065320073906,1.6428603084614721,263
1.0256433455449168,1.0274152799262461,1.211066608378659,1.8736078557082778,264
0.9957427750170473,0.9928636021632579,1.1779415297049436,1.9138130318833613,265
0.9614986744508642,0.9696743045320634,1.1385747121219247,1.846148198623512,266
1.0338408513817992,1.0346971194350818,1.2643267085492291,1.7523656227023219,267
0.9458608106907463,0.9514797239453313,1.1172460962645656,1.8338580918097989,268
0.8993676993743924,0.8993490140506375,0.9973508381950539,2.2660278108636853,269
0.9267439184335677,0.9258135945894815,1.0656690702452252,1.9227759331897243,270
1.065712871297612,1.0673071909374052,1.2111731222684308,2.378195382489774,271
1.0511572487954037,1.0535080860987471,1.2706033905173546,1.8042072820369845,272
0.9485027787257294,0.9483441912801573,1.1314425579975813,1.6737041140900464,273
0.8775140215434082,0.8773087357849343,1.1244152289985128,1.16548836831557,274
1.1749085129486354,1.1778819836259777,1.4131968638237649,2.033319571859867,275
1.0132630769638025,1.0076994825074446,1.2174184334978237,1.8358441838224417,276
0.9815192723020769,0.980191803839966,1.1065991687768177,2.3718044337723465,277
1.113938004414096,1.109480229437797,1.3670179600660535,1.795547971955989,278
0.917493474695998,0.9197701459941583,1.0794455834688,1.869502613518904,279
0.9042338918968948,0.9023652123721523,1.0624273299558025,1.7200901782850813,280
1.0846380689779531,1.0929973420038908,1.348981671709531,1.7213070224529445,281
1.0217189451842932,1.0220448559154118,1.1975407317508664,2.0210621690095656,282
1.0782961366420587,1.0793203110859482,1.2435945008456424,2.26906578267268,283
1.2095844886035723,1.256111854600374,1.4041346338405736,2.457106886996426,284
1.0503564418967783,1.049495594138772,1.2621127782095474,1.8501674419315792,285
0.8094624250262271,0.8078997536290761,0.9639610012848668,1.4952114520829531,286
0.9149895884058846,0.924172928482775,1.0879856771005592,1.7218249435348572,287
1.1491634971539773,1.1562316189790636,1.1849277103103297,2.704009705643615,288
0.8998547778386157,0.8972094193679361,1.0923739923328695,1.449258902017678,289
1.0639081471676957,1.0673289985221834,1.2368497373083716,2.1900480600001146,290
1.0716627123289788,1.0830426570848715,1.27737155082713,2.0074385878271515,291
0.8408539213641284,0.8411624177723581,0.9659126108196997,1.8853838621657928,292
1.11121876777363,1.111955466858168,1.3107032586831793,1.9755743864504816,293
1.2175640943163055,1.2352381836747317,1.4071848802421496,2.6162299896353023,294
1.1269110321284024,1.1266055215038668,1.2869100841372159,2.3674805252252806,295
1.0496067785812448,1.0511291255945168,1.2232977730359829,2.1659119603817656,296
1.030322197655899,1.0299246085188443,1.2123803485958782,2.028930148310708,297
1.092647824382173,1.1044558004692109,1.2756654088039001,2.232831692370098,298
0.9800224166820171,0.9898978628424832,1.1480107721149295,2.130946719931801,299
0.8572436969029628,0.8616790350728633,1.0393469820928232,1.4357002845385365,300
1.109984120365364,1.104254345937708,1.298724506475221,2.306615554600233,301
0.8947606523072444,0.8988310905638863,1.077742405755123,1.6064465821247733,302
0.8595141030536508,0.8633029438418751,1.0057380751240481,1.7069260197210931,303
1.0721238980854313,1.0720317965040131,1.260001153420187,2.1497969298308877,304
1.0991019903473356,1.0956207875594026,1.318787231447264,1.9336761003667327,305
1.2816184671172248,1.280446825185428,1.5341478568304245,2.2183480587269546,306
1.2175597930643531,1.2189933352497053,1.3107990953650406,3.3540090708292736,307
1.0262596227187704,1.0430604205207141,1.2400625864692778,1.7626156248521219,308
1.024991462960336,1.01327264437547,1.1591805274484823,2.411212632649238,309
1.2333568423839645,1.2581664947574511,1.2880895007068958,3.1007680420375014,310
1.1537690904486755,1.1514425784435716,1.3745597388524669,2.0930335237272852,311
0.8731740268466109,0.8931849022884077,1.0094406533488942,1.8559378566542184,312
0.8832531573048226,0.8882035228604884,1.0292492281160275,1.843399735943372,313
1.1208863418242037,1.1032496116742732,1.2958184002490307,2.2427930872739004,314
1.1071420398499212,1.1055734861792568,1.2797782807141251,2.302978667098632,315
0.9528286017783653,0.9532816444791687,1.11801243860597,1.8730963235669542,316
0.9277101399135157,0.9197286638583164,1.1331928475692523,1.4327501350991907,317
0.8877099147316924,0.8858164456151214,1.0599438091959374,1.6324622371393662,318
0.9859132880216257,0.9867500318218352,1.2149563846724225,1.5551633386175,319
1.056321708651835,1.0720935531902391,1.233951950215805,2.1274054097418387,320
0.9118179737506135,0.9095817467736623,1.0869129662274326,1.7537927562653544,321
0.9029163239885162,0.9409636481158966,1.1063730182582894,1.4908933919884404,322
0.891532197734826,0.8948190815677401,1.040314886482281,1.7513173657862822,323
0.9192354143119368,0.9207609287551887,1.1165564983920608,1.582461787037297,324
1.1138953145173667,1.1149596656408074,1.2889105757696222,2.311179083703817,325
1.0676185853100613,1.1039708323665218,1.2407080090432643,2.17919248398587,326
1.0874100235440722,1.1015004122717393,1.3137094503002664,1.7947378068267716,327
1.0465242561952328,1.0460372996752723,1.2516053598811592,1.9068676134809406,328
1.012721000997662,1.018758463815861,1.1523984914684493,2.25111187196159,329
1.050328774737297,1.0474132151063302,1.219985434017639,2.0904379876169674,330
1.0082215143544695,1.009267730813339,1.1194324127485056,2.5746179255621007,331
1.2087370230065628,1.2147423886587696,1.4467038369413334,2.064103682274005,332
0.9344266997787264,0.9341908580924158,1.0948423766913216,1.8507308361407613,333
0.8173981787866273,0.8014204026735573,0.9241198449810929,1.8595164547315994,334
0.9790442424177529,0.9801502961232933,1.2035151521514977,1.4811291300826468,335
0.8593097697936044,0.8669117217982741,1.0229067934604543,1.5780191294601658,336
0.9645945587990647,0.9630623895046166,1.156388216292356,1.7293123491480398,337
1.1576685044264223,1.1554331533513804,1.3561868200339626,2.2468394463858483,338
1.051018256308671,1.0804483954611441,1.2634874074112694,1.826181418880087,339
1.124159308784059,1.1124743046468397,1.2996021672301787,2.392708543199319,340
1.1199999317415752,1.1315773946018388,1.335276415186353,2.069250685325088,341
0.9155657814244867,0.9089049707373005,1.0628690815202058,1.8428735400489002,342
0.9710617158476534,0.9717133756808769,1.1674684070269574,1.688958055467289,343
1.1574290247166839,1.1548422334666995,1.35340041902521,2.1742282143156975,344
0.9069912631878434,0.9047488474451363,1.027721807745885,2.0503265210616552,345
0.9012150960264497,0.9003797347086565,1.0279934871824443,1.9507148901757416,346
0.8524956707691771,0.8600061629095973,1.0803990805462411,1.1637984199269251,347
1.0036800052278447,1.002859029931374,1.1571713771729142,2.1377785061953105,348
1.0676360950022308,1.0748343572554748,1.3066656821495746,1.7282135974949124,349
0.8032138788327765,0.8091274165498344,0.9683569383019708,1.4304721696102463,350
1.032070928661548,1.0234209082817438,1.2678463079109765,1.5919003241397263,351
1.1251466411521,1.1286583818527607,1.3333628360369065,2.149000680330426,352
0.9782105143219222,0.9830227918867225,1.1147606450513887,2.1653544243122913,353
1.0783432021724377,1.06833522743943,1.11954690727006,2.9775380496731816,354
1.041393632510173,1.0436851193609402,1.192103079651908,2.352347601753688,355
1.0248066090952128,1.0354902366019005,1.198182921087544,1.908036351562323,356
0.9859680319606602,0.986515271686555,1.1877487615952185,1.752238803195621,357
0.9598721835533349,0.9609228040793616,1.1309225531056173,1.7677638824055841,358
1.0717949825589086,1.0672475092151061,1.2746616932045527,2.00840850355048,359
0.9750197682480742,0.9720263815796057,1.1659517707415443,1.748985478898294,360
0.9112092043814815,0.9112081004377705,1.027273592847378,2.2947841931353206,361
0.9895540665025321,0.99012145899744,1.1766586266620365,1.813022027615519,362
0.8648216913776756,0.8762735962114394,1.0386627395215455,1.5443612593212293,363
0.7417838267481096,0.7418206900544484,0.8664002196935919,1.4569799685124585,364
0.9585473378151211,0.9783729271294866,1.112416896812244,1.9620747028881167,365
0.9347845966529643,0.9349857774653456,1.0313088910589578,2.401552892851116,366
1.0819980779387448,1.0818651968850548,1.2861756334406167,1.9662405456970848,367
0.9505618665606973,0.9545442422542115,1.108996322669663,1.9185204121247537,368
1.0393743210141773,1.0282638394990469,1.177592346553154,2.2258034224469947,369
1.0228352675953079,1.0202537959799032,1.1714331618008453,2.2490340007364886,370
0.9198259558668166,0.9177862864411108,1.125075026996961,1.4515955063781598,371
1.0969325223869724,1.09706860205794,1.1986907891491372,2.7034351365072653,372
0.9813501342061066,0.9853697542751284,1.1330436153134813,2.006884312189351,373
1.021451631592701,1.015402692327544,1.1895507158790546,2.159791915740098,374
1.0683184470413258,1.0598375977274266,1.264421927857619,1.9799782779347745,375
1.150338690090858,1.1582837761638258,1.3092837284088472,2.6297033022548875,376
0.9569418469853158,0.9578280350264171,1.1278000019123278,1.8999020659217092,377
0.9192852979952819,0.9345440160225733,1.0692465784435012,1.8420927766931754,378
1.012126703981455,1.042270258730677,1.2116327972047491,1.749057083276798,379
1.0434247689453762,1.0426661100762018,1.2496260920881062,1.8749402243694246,380
0.97100173197583,0.9837682922271381,1.1008460082964362,2.0315400598009448,381
0.8336295971050628,0.8348408298577132,1.0218994105027364,1.286211255396287,382
0.962789307692417,0.9809599647821795,1.0609104747364022,2.385501084038329,383
1.0054502520954915,0.9993384745897833,1.2075494766310881,1.8221753058459627,384
0.8265857571757355,0.8254985428501951,0.9195218260175702,1.9134580593758421,385
0.8980578475035257,0.9192477212891634,1.0925652363695995,1.4968053721608388,386
0.9061253345633261,0.9039619356313904,1.124566824846301,1.2521477521504272,387
1.02628084327012,1.025908593975829,1.1569263810970893,2.2531769256349485,388
1.0154974107684354,1.0159905098322606,1.2128521877250238,1.8469095934629336,389
0.8684611354117513,0.867229565856829,1.0089501285940115,1.7848898164147988,390
0.9491653355507742,0.9485399093249092,1.1024650673180998,1.9560773895092312,391
1.1239879621316131,1.1266235664476505,1.2472922162866955,2.8296910052965654,392
0.8153412960549329,0.8319576735162948,0.9245521899389587,1.7769843305347615,393
0.9396470778766597,0.9561938206407428,1.1132842484986127,1.745511753030392,394
0.720467623528861,0.7204976146914632,0.864097688358784,1.27702206793469,395
0.911819375475793,0.9126057069856773,1.1159671927538408,1.4842589753315842,396
1.1864553496865526,1.1870369278416684,1.3568110434633343,2.6651274818146446,397
0.9160945043849942,0.9181109797481807,1.0926042507327791,1.692322545736763,398
0.9851791543889442,0.9794392817693774,1.191293950937936,1.6660170273804442,399
0.9501095161486444,0.9503056972769507,1.169920118340746,1.5279924755661367,400
1.0883004458694412,1.1110577314208117,1.2831338050427283,2.133691067502693,401
0.9879467642499213,0.9783369703435857,1.1727275894462872,1.8517901607003042,402
1.1898154508193877,1.1889491105056353,1.3899599828665294,2.433071648327712,403
1.015707938180097,1.0338756632916346,1.1883139695494862,1.9913577471858788,404
0.9487372249439937,0.9468174168776367,1.1586200981405668,1.5549327414562109,405
1.0649397936671412,1.0719056261093882,1.222172258143899,2.3508987701581225,406
1.1813924820569,1.1847362826323555,1.3648908908216577,2.8017572150813446,407
0.9966699542825208,0.9978476656480776,1.1597385294377964,2.0093807632986085,408
0.8251418097734419,0.8247138638366829,0.9790933745855529,1.496758129850814,409
0.8756718011440776,0.8794281852846925,1.0406060876134964,1.716658040350228,410
0.8331374923507563,0.8381839881156136,0.9751740901462672,1.6499497827145335,411
0.8833064272580593,0.8835749756433728,1.0303451477014791,1.7309586833527117,412
0.9790474915429983,0.9777405239909035,1.15546318386829,1.8944050957261882,413
1.0231388801235592,1.0228036570682562,1.2019549803137402,2.022292044596736,414
0.9209789155537652,0.9281453985790337,1.061979283238089,1.8819420042044654,415
1.0943036670434427,1.0960660950413126,1.3229977947729414,1.8174633590160918,416
0.9977277532673985,0.9953077392921782,1.1275325448675388,2.365835649452064,417
1.1437934831854457,1.143845812849127,1.3364366997251853,2.336011313820045,418
1.0083407996675142,1.0033102490876538,1.2171641109391154,1.697780864972595,419
1.0861697538134463,1.0859821991568916,1.2736607091123198,2.0988584243217714,420
1.0745614411678166,1.0798258276226154,1.2316482061422818,2.182961446970453,421
0.8823515873087334,0.8855181267002604,1.104741132981661,1.2459322000802149,422
0.8857627551864826,0.8861419745306651,1.0213789098417345,1.7898013071296446,423
0.9644268585648819,0.9627684735065293,1.0996531835271426,2.2338824206812973,424
0.9229406054432684,0.9227627253679624,1.1825289675021042,1.2294628733610666,425
1.1245224548923065,1.1164916735576504,1.324767634273507,2.2140864187018385,426
1.1486850313215837,1.155648514005857,1.218636048952738,3.0729264202731756,427
1.125898577945957,1.1253540157125346,1.287074946541261,2.245844065410631,428
1.0725473692517997,1.071884752201996,1.2361181566088058,2.2814983749450035,429
0.9883891043622589,0.9886479858478705,1.2195242485777285,1.599188210621457,430
1.0536346517052135,1.0556915432621714,1.2852930480402254,1.7452276936374347,431
0.8906439580910505,0.8957487760962678,1.0623623443226289,1.6381345265660854,432
0.9658459904262893,0.9663197129507551,1.1224881158876168,1.9570783787393997,433
0.9811090019760854,0.9892280050950439,1.1739864781294749,1.7307998703594427,434
1.0498902681029614,1.0583922134650303,1.2857770511565179,1.7077870593552402,435
0.9283605417614433,0.9281472811727463,1.1010301768680157,1.7565421717346696,436
0.9862568754646965,0.9836182227533123,1.1239592613110498,2.0801513843047474,437
1.0363856790433648,1.0273142153651766,1.224892598493212,1.9841003702704056,438
1.0319067274008429,1.0232032819575831,1.0828225752844614,2.381309629514734,439
1.0261998237141876,1.0394684166954895,1.1668200655234582,2.198945058741298,440
1.0526040959628022,1.053265833962252,1.2684005886583496,1.796212946173734,441
0.8576710893401764,0.8587577433347725,1.0195537363275187,1.5868067549452711,442
0.9286006598356283,0.9359420622432517,1.094814595049639,1.8088881802022547,443
1.0513068980084268,1.0514382462221463,1.2394840469503512,2.0073090648630165,444
0.9832837235459809,0.9977559205510269,1.149333860731043,1.8729494074705855,445
1.0185995376901662,1.0211256261473531,1.2408477137335518,1.6655950014828607,446
1.1559940928295778,1.1686678440829226,1.2522250386081917,2.598273667685847,447
0.9942733155269756,0.995513638209209,1.063066282049883,2.3959525946620537,448
0.9303664085683772,0.9383786585669476,1.1287061300326846,1.5093989381673965,449
1.2036042098787896,1.2036633546795938,1.3352504847283893,2.6915911739983103,450
0.9278188121187497,0.926858013103204,1.0549965915227753,2.093741759982645,451
1.0220888792584244,1.021055144409629,1.1851321787440474,2.1286655962450687,452
0.8795505124472202,0.8888094518546192,1.067139079484841,1.5088196442876478,453
0.9774473129152241,0.9823104418019933,1.186203196910256,1.539189875277345,454
1.0348248313063177,1.0468620081527091,1.1924346711863942,2.2655184518166247,455
1.0277720910420747,1.0308060330016073,1.1706194691601557,2.1761357729162647,456
0.9370207859574168,0.941340293850702,1.07278438248252,2.1318804832289944,457
0.9824969503364918,0.9867289638289133,1.1168377738176736,2.2056121000328437,458
1.0672606404270248,1.0710740946964983,1.2289352486327383,2.2223536335024603,459
0.9681633797555023,0.9706976786948803,1.1736149914898584,1.5783761971812902,460
1.1231237874447337,1.127531701151006,1.2689131074716544,2.532152297557723,461
0.9469119029025913,0.947654983899165,1.154707359300824,1.3975357561075188,462
1.0107414253653213,1.0118804655913571,1.1873247820142445,1.6276219569238248,463
1.0990536011129153,1.1003498169095103,1.3041983663640013,2.0413554354830894,464
1.0885270726403602,1.1380678014851682,1.2765995005614463,2.06420029574408,465
0.9155286101710672,0.9141475197671147,1.0982422903078453,1.5920418807838705,466
1.1431428266996382,1.141264980649688,1.4234791144799273,1.6540998322031504,467
0.9616821661166329,0.9754476408979138,1.120042146181238,1.9498598883365945,468
0.8595204327076564,0.8689308218709776,0.9969949881978204,1.8344102335946897,469
1.0427447088697026,1.0425952546717425,1.2512680099602413,1.9311334327832015,470
0.838488615640142,0.8434908310780511,0.973122395300069,1.7504916387453513,471
0.8953043448952448,0.8996770213178751,1.0575515221726455,1.8189205822299073,472
0.77902645351022,0.7762964925058831,0.9675294200900941,1.2490380606371365,473
0.9333236301708014,0.9333534435268,1.0466363167515067,2.1474281475300074,474
0.9675846481231836,0.9622285283316314,1.0425951375775933,2.5036304398264466,475
1.0056192626042701,1.0066545543462753,1.1652591539661623,1.947381772888904,476
0.9431556861501309,0.9440498954236477,1.042586255174424,2.155602084772229,477
1.091628447041043,1.090258639804751,1.2372385057769808,2.5258855827192095,478
0.9524481997076814,0.9384119296387448,1.0311308483697186,2.248740587561473,479
0.9305849642356853,0.9309756222946249,1.0888185234982786,1.7702333505037393,480
0.9835733281442665,0.9852624721954837,1.1741280564651246,1.8379716982082615,481
0.9966448059351621,1.0035333635842962,1.1017133948762667,2.5742597899014594,482
1.0091495233318712,1.01218485440844,1.1958846416100357,1.8738221443897316,483
1.129667009213996,1.1230085434714296,1.3760567185531642,1.7774729480672726,484
1.012723671518013,1.0082950833704771,1.2002520168970086,1.910244029639021,485
0.9597288643910108,0.9563421694672669,1.119731894653257,1.8298593546248094,486
1.1136392415868064,1.1139959172615619,1.332588511929485,1.996996966580958,487
0.9895292963774499,0.986462395468765,1.1854058028634173,1.7146271408437017,488
0.8373996734763511,0.8385764924731077,0.898430437625381,2.046773841648496,489
0.9324213985576785,0.9281582481162621,1.0814484114081122,1.9455160522913746,490
1.0971444707536582,1.0989602661958893,1.2343586575188257,2.3636776063044773,491
0.9953411100284423,1.00496370346406,1.1074423435668057,2.3284642315466693,492
1.0241021870979465,1.020565066829424,1.2125905270799808,1.9964067790066422,493
0.9239431035765313,0.9253496427775678,1.1987402280426853,1.2729545196617271,494
0.8782115518068736,0.8748688705779089,1.025003654724547,1.7880050869346702,495
1.1748490936959153,1.1762564562949904,1.3346328139244168,2.8213260674162495,496
1.068500580375849,1.0737976241966212,1.2821925518151516,1.7198509340226218,497
0.8721272547137997,0.8780714937565253,1.0192355857864337,1.765759928249261,498
0.8720562831494308,0.8769921795758866,0.9764782951406348,2.0062967576287978,499
0.9419460519731202,0.9481213887163303,1.1326458394251047,1.6947445785952089,500
1.0063322614647188,1.0210054783139586,1.1699453007629232,2.058779248979134,501
1.0599728754359403,1.0665415233279338,1.327089531707883,1.717090313832509,502
0.9261391591337725,0.9283306256020287,1.1226082512292808,1.6882585499360454,503
1.0708173785393613,1.0751019072247079,1.2287862470847926,2.411320752584002,504
1.0914047589944902,1.0933845042947055,1.23687948651577,2.3722770947815426,505
0.9349511819898828,0.9508605621958953,1.0444972432413926,2.7161346775137862,506
1.0305623115779776,1.033012961135052,1.1768620741906324,2.2282788266813287,507
1.1510480467389994,1.1536966283253198,1.2753720449924568,3.000707337473494,508
0.9417862259134273,0.9372384890655548,1.072152810470744,2.2565974940444407,509
0.9280759348065153,0.9446357736019928,1.1101279076527326,1.6815427149880395,510
1.0561281937634193,1.058404846790838,1.290830954660368,1.7695976165264968,511
1.0510402448425347,1.0523756423765167,1.2471794580085436,1.9477446775459715,512
1.0289280185765681,1.0290348681752024,1.1690154367905436,2.273860153431585,513
0.9838016458609283,0.9817149007521327,1.114271855891269,2.152881062533118,514
1.2126187623486635,1.2138801374162766,1.3847796411363533,2.7254582469534925,515
1.0676700563473505,1.1075567423715387,1.2798782629798415,1.9508492256512817,516
1.0648794529711896,1.0640201452973188,1.2710150766846273,1.9879918803874466,517
1.0034080812751447,1.0025404749628457,1.1438890851026395,2.2863366769669984,518
0.9735484689854352,0.9724262748147393,1.137114201248914,1.9297295290512262,519
1.1559415849603496,1.1547796948074174,1.3565968772221053,2.197707553320711,520
0.9092743140174039,0.9109605641900373,1.1026394771689432,1.4876241745331924,521
0.8240043076922875,0.8174961545285865,0.9186453081897115,1.8024710967163287,522
0.8322465927574109,0.8292703159383114,0.9749647071185268,1.5143273419757821,523
1.0571780685066938,1.06058605468525,1.2450741256200322,2.044756855204736,524
0.8904362754961668,0.8913922942195964,1.0712847614103282,1.6403526662079344,525
0.9957135195113216,0.9897512895234106,1.180643568582652,1.8464733987252329,526
1.1132023017508268,1.1156304617201545,1.235048159112454,2.7136170871424086,527
0.9477238648555609,0.9502272676822895,1.1146266526715594,1.845651773242358,528
1.0775824396568991,1.072033857701192,1.2971286021145172,1.7861904539072995,529
0.8854573617597304,0.8834797796030717,1.0074060902130522,2.0566223649534865,530
0.9184115753561634,0.920596802054548,1.0888324884512253,1.8042997742779747,531
1.0710962810379094,1.1150491655235737,1.2211438446361285,2.4359493885877797,532
0.9809361337691728,0.9934032989741186,1.1610752057491605,1.7908946731947322,533
0.9840843419906643,0.9830805675639184,1.1330341727829076,2.0570203467723878,534
1.0187383273031991,1.0187769371972442,1.2336090041048702,1.7181869457090506,535
0.9066181222201338,0.9058035464836348,1.1247726521400134,1.4100907631085906,536
1.023842614915244,1.0246454558453282,1.20197117475458,1.9898503283661242,537
0.9551331313394559,0.9557587299479118,1.1437739657319652,1.6537522162181528,538
1.0019669577859174,1.000151788340614,1.2232485308756238,1.6751433017269326,539
1.1956824635984524,1.2036922649684303,1.4060032771889355,2.190705910087725,540
1.0528531804744383,1.0510603575337871,1.2349071670066638,2.086900273793023,541
1.2089871882611611,1.2086079174961286,1.3794627476352581,2.6956432490502045,542
1.0799069591533146,1.0793345867510036,1.2511383088596892,2.2485665283243628,543
1.0843702006750868,1.090894391467429,1.244261979677065,2.3606590413794653,544
0.8630717698400631,0.8634610098751934,1.0121730315484878,1.7204781182303261,545
0.9718507416539416,0.9711325205309617,1.1168520807787516,2.149187176905223,546
1.0496456084267953,1.0655490446874298,1.2649327290102672,1.8398746656912135,547
0.8974439561606721,0.9013106516627465,1.0605168707254873,1.745170649542794,548
0.8497307935496431,0.8503330125229042,1.0241356872350902,1.5178076252796011,549
0.9554009539282292,0.9519981549160422,1.002231708081862,2.4645293317125323,550
1.0779603383808578,1.1108130099147218,1.217790815470851,2.423905687027118,551
1.1398485865016905,1.1334800788449184,1.4009205741995663,1.8621207132726323,552
0.9146025557975526,0.9096738519156041,1.010647752169914,2.201825304453915,553
1.138964176372863,1.1398572918794576,1.3262755669854818,2.278602839564991,554
1.0366895208190439,1.0359266322548748,1.1260108843445444,2.89098329331146,555
0.888346960789728,0.8627905955096387,1.083936627028262,1.434365675032151,556
1.0781302797159882,1.0588337567393264,1.2771990953306256,1.9839679195232929,557
0.9551825485596822,0.9437507964425709,1.1476992656363811,1.708988633058691,558
1.084346302790817,1.0831022735408278,1.1731285024339986,2.852847735282808,559
0.9818057819750311,0.9807099249421489,1.1887911843374175,1.6279553716015294,560
1.0627312550077457,1.0743555469938488,1.2532854970633476,2.022689165270701,561
0.9331507881821615,0.9325705731765871,1.1110384002146438,1.7212342333368849,562
1.0841660660735448,1.082587497657188,1.2013455589635518,2.503634629866919,563
1.0056409918212679,1.004766931193891,1.1852057121356956,1.915084404693473,564
1.2321622717035094,1.2311195449139924,1.409023724847866,2.7664985148969197,565
1.0734769559879114,1.0739644325527038,1.3091975783659897,1.682723453962205,566
0.7947350617457062,0.7925504762417305,0.9675733813495562,1.3466096907236857,567
1.059719477629815,1.075788108048782,1.251737143100487,2.0221547531332056,568
0.8442967524611936,0.8436745390675284,0.9848739160817013,1.7249919570612509,569
1.0570482708032818,1.0526126694050826,1.248343151892337,2.0492040540183343,570
1.0364066281378752,1.0642115231026386,1.2220388583290087,1.9489568062870246,571
0.9910202236662539,0.997228519732526,1.193675873821506,1.786265444958891,572
1.1453089657940878,1.1470962824925182,1.3868320660561018,1.866316616296839,573
1.0011329827409652,1.002347581225258,1.1690079019860402,2.0257120186915,574
1.1535899646446415,1.1540667949941517,1.356921374369169,2.240789473295064,575
1.0988323185765112,1.0882436687626458,1.2699263959031974,2.1718200620323476,576
0.8119264514544002,0.8119412836737577,0.9711227285027842,1.416635549827593,577
0.9287383148519825,0.9358336476740192,1.112252007036351,1.7583765196028889,578
0.8834473122001483,0.8819308774727488,0.9801726295961198,2.4722370151991147,579
1.0161439652335869,1.0143000410621368,1.2435745351234369,1.707481925214681,580
1.006525878983406,0.9895647074500693,1.1360473325538682,2.334521936478947,581
1.223551806453008,1.2634250343448086,1.4450620327044255,2.3717995541873704,582
0.929043425514299,0.9327868267397378,1.1577815968292193,1.3327907725709884,583
0.9866833630933014,1.021773442955967,1.22208365415176,1.5590145379697438,584
0.9873017143736489,0.9897419849740453,1.1348855439855032,2.2677338238979514,585
1.1095287659766386,1.1245465597204227,1.2633402428435252,2.4338941702119934,586
1.0133141707637023,1.0167247465575615,1.1878929160331637,1.921150739197025,587
0.8910869165174315,0.8932740081376462,1.0277620444597717,1.8745407089530648,588
0.9326699612326275,0.9680783400746157,1.1095529951665697,1.883293131737586,589
1.0824391612749351,1.0864182511643854,1.272721506079993,2.0328991856786836,590
1.2660074843234816,1.2692344321478215,1.4619936122675068,2.7115112415688856,591
0.955214132691058,0.9579709450360828,1.1349248667192788,1.8030113665442753,592
0.8707113052932036,0.8650182176486596,1.0238937085467419,1.754087815640634,593
1.1763961544227366,1.1761130404322173,1.4430440730326728,1.9166580387714733,594
1.0853955034589036,1.0864838883524144,1.3412307216226256,1.7350633857104123,595
0.9003347448191334,0.9109677255598305,1.0735507085719251,1.6935660718557364,596
1.131755694998033,1.1366040153237293,1.3060534968940296,2.3025333076712804,597
1.0804000717599498,1.0931736618846668,1.2618657737330206,2.188143763606072,598
0.9696227231795176,0.9703119682536666,1.1185314159652526,2.0893722481321784,599
1.035690530499167,1.0361042817596968,1.2437013177170089,1.7469559796656842,600
1.1665403346797267,1.1743930815489925,1.3240242696934237,2.558402826202096,601
1.009669221462681,1.0047548550643846,1.1641931656682585,2.179354260348779,602
0.9475404415268183,0.9691627212315478,1.1200452186960161,1.7981971504289296,603
0.8909787520282513,0.8919654807513584,1.0361447381757245,1.808070493245302,604
1.0015934620373483,0.9944068269627349,1.1607126916162165,2.1362545167505784,605
1.057719510158614,1.057966989971039,1.2508368971430515,2.0247409078083938,606
0.9756469896472443,0.9762060619694464,1.1053980236024683,2.2979454817221,607
0.9310106590956138,0.9372501678264907,1.0176200967411193,2.364236712830831,608
0.8025195143502429,0.8022681409243151,0.9994362334468798,1.2151873566262281,609
0.9514424861088131,0.9417582492444231,1.1331430008207906,1.715258637064779,610
0.8152715745800597,0.808042467196128,0.9705106026932991,1.4758537763302007,611
0.9731455073795564,0.9693794749603658,1.1639421630607782,1.6930286322651364,612
0.9836189371628984,0.9844710507438558,1.1838145302400083,1.748506048031554,613
0.8742949653244958,0.8771019979014989,1.0133963169987177,1.712020725172823,614
0.922604880819537,0.9232864836386482,1.1095518309780241,1.6125200560544568,615
0.9837085264076825,0.9834804615455519,1.1614463295172373,1.5142277157962234,616
0.897364029743473,0.9084484659862059,1.0532434528349708,1.6156366345556723,617
0.9093499902634958,0.9075212001390162,1.0537796423897234,1.7811229201145136,618
0.9486928077908946,0.9473019140706185,1.1288902692016978,1.7469122574695235,619
0.9831322072772767,0.9946827135534094,1.1447734815573412,2.0456915856458773,620
0.9530355381112531,1.004557775482134,1.1303376018413356,1.723759591803501,621
1.0514565628364674,1.0775265458704588,1.152640221272216,2.543547508445852,622
0.8554168643799787,0.8552759016026081,0.9843908273590989,1.8704137889956411,623
1.0926350400942946,1.0891092251871515,1.347637782439735,1.6849114762387978,624
1.289167139958611,1.2809128075018117,1.4904416081497025,2.530197091926212,625
1.0377453080516201,1.0369958364957181,1.2334388365736537,1.7740475632823456,626
0.9428801673586478,0.9491196590024756,1.102110235568932,1.867077947436752,627
0.9181548826446781,0.9227959632663243,1.0686346593988176,1.9159176672705127,628
1.2134042799752855,1.2097371801716719,1.3950822470476216,2.5776353358828077,629
0.9452367481085855,0.9502296277611464,1.130384878652535,1.4474234654215115,630
0.9187307853586063,0.9207221089970997,1.1126840884495743,1.4467151359562382,631
1.0611335299103801,1.0581043923727385,1.2658559341741742,1.9321713719959173,632
1.1493004321992388,1.1737254425654633,1.3487487463868861,2.2611130407323112,633
0.925541867395454,0.9334466312473052,1.0312402125208875,2.386863485179346,634
0.8768384878194218,0.877471065395058,1.061260135851861,1.5001211329221018,635
0.9495403747988976,0.9480894303805827,1.0953554130653698,2.000833570890812,636
0.7892140074245464,0.788269746183405,0.9289093256469272,1.4870208061265044,637
0.967748888374095,0.9714048539709799,1.1488500266385802,1.713792796471164,638
1.1289239058242235,1.1321780346918708,1.3770083421484047,1.8977013910756722,639
1.0610579740150927,1.055393081304267,1.2179524788310971,2.1905577416385658,640
1.015042161550536,1.0178264397158054,1.2347568374622746,1.7415751163820408,641
1.0304008171748342,1.0308119901198136,1.2518779954175951,1.5936679853864086,642
1.0521718642632794,1.0599313415610763,1.1948206569448236,2.4051046419771964,643
1.1430166498285723,1.1430973832259392,1.3381867035251576,2.292296045831086,644
0.854671604675223,0.8551222236270677,0.9675052333345693,2.012014025749487,645
0.9166904080998762,0.9149179570557839,1.0660393631276681,1.8753061826732604,646
0.832169381519258,0.8312849119423947,0.9619357463065177,1.6498594449643218,647
0.9157180811629955,0.9149923500541778,1.0961132555083253,1.4781925314079887,648
1.0571560230249526,1.0908029891311828,1.2147831165482619,2.3888300783216145,649
1.1260672255087287,1.1203240549633429,1.3097120279001602,2.2811865241804825,650
1.109056521148289,1.11251237355695,1.3080927945699592,2.1438088757106026,651
1.0617613942980149,1.0693818923857321,1.2257503364261022,2.247626736766901,652
1.084378255504738,1.0835128799984823,1.1908711321279342,2.276958579627175,653
1.0309799716751364,1.0296883133329897,1.1853264119304086,2.2475521001159398,654
1.127880103558965,1.1206716130914338,1.3339867953007833,2.1030632102928353,655
1.0041362688103959,1.0037340221697786,1.1657871599066403,2.126190527487637,656
0.9459466801593105,0.9391266719797906,1.0806770800047056,2.13387115056115,657
0.9810113636866978,0.9825005487835906,1.1785390262989863,1.8538124647948768,658
1.0916692276145674,1.1282962206414462,1.289788968745653,1.9819801411039157,659
1.0962263788431472,1.0917333287210096,1.2990972386885806,2.088716942633114,660
1.1954380965250593,1.1952183348150875,1.3990181187285713,2.410987454337906,661
0.9368119879205744,0.9389045246859262,1.1032719937793616,1.8370218099891389,662
1.1602117983174884,1.1600285620956812,1.3823130596866116,1.952444242130502,663
1.0445003558723227,1.0423017602716633,1.2403800980560136,1.9359350475396828,664
1.025477645961091,1.0327180834013956,1.2072464363907447,1.9223729285938704,665
1.0300599429693909,1.0295235622184182,1.217490324077639,1.9626388505639236,666
0.963783292332815,0.9629165367085676,1.1737013557728913,1.4904382137764782,667
0.7898187135818592,0.7909006781584393,0.9019471747142959,1.8099602998998328,668
1.0233555312293152,1.024571368612157,1.1551706570380509,2.3749164970798624,669
0.9744374780044828,0.9815471054527833,1.1989593012724127,1.55606873845713,670
0.912167099824303,0.9109357418383448,1.0835282005502171,1.7570715918126334,671
0.9115050681717876,0.9162564433331657,1.1447445365536024,1.3468900294545125,672
1.0905705623237116,1.0856372519582325,1.1314966208004253,3.279831682069854,673
0.7996796729794261,0.7967394311684599,0.9873141192871348,1.2970127755036964,674
0.9364243454484961,0.9356021947511354,1.0980588346936642,1.822450971792511,675
0.9634210173683002,0.9623748214658155,1.100220439137004,2.3087547624048073,676
0.9628740861325905,0.9626742405356752,1.095842281480366,2.2135141160403684,677
1.3190057428930584,1.305813031296755,1.4104467197549981,2.889907555979752,678
1.1215926667404303,1.1249816808629372,1.2655131052512016,2.5368140240021035,679
0.8785842986738891,0.8840519844804772,1.0768106859990667,1.4365049036283728,680
1.0211967761484901,1.0210512152803568,1.1990396696684575,1.9899201389191297,681
0.874504454955553,0.8810454328539956,1.0219456503737718,1.7310039664620882,682
1.1700466898773783,1.1764522651155993,1.3237195691484782,2.849293559629781,683
1.0487176048054014,1.0484152563609535,1.241373280044485,2.096654777646318,684
1.0589902108601366,1.0610674014406731,1.2284917702419453,2.1567201461719345,685
1.007585316807229,1.0097346227887234,1.1783512626224046,1.7719373548248292,686
1.1382263691670031,1.1704130044028984,1.3095900001082432,2.3645562585664637,687
1.0355117504821685,1.0360937231955025,1.208204516973668,2.1947831715073596,688
1.16208985179614,1.1622479903314358,1.358429957891937,2.292784241410077,689
1.1847603678596317,1.1944506859375645,1.3758295257844078,2.4728140585188356,690
0.920249962420084,0.9244188255668863,1.0880038304128652,1.7539526323112085,691
0.9456046442753034,0.9537963181668938,1.0820837338127833,1.9701066200241184,692
0.9686339040049458,0.9853595003497572,1.1053269424812797,2.1589441414325954,693
1.0895417156577865,1.0866006636744518,1.3182178819928498,1.833000527599163,694
0.981996791696921,0.9871104586612662,1.1332554930694054,1.9756133396872242,695
1.0653562951803273,1.0869881573125408,1.2292539358277867,2.248915924999711,696
0.9896329320215416,0.9852618879009466,1.1642793795241884,2.001034258733412,697
0.9334913768458,0.934633445651324,1.1020869657326087,1.7874172238933612,698
0.8138057303252415,0.8141198120915034,1.0096594982495197,1.2784856342574442,699
1.018740431715214,1.0272135460862841,1.1705896242141285,2.2052481185940094,700
0.8876354710275487,0.8900625895498916,1.040001169869456,1.594914814536269,701
0.8852203733546845,0.8844906743494511,1.0200415337626036,1.8163385622350554,702
0.919134553531068,0.9193791009182999,1.0304195792626345,2.1983515889534164,703
1.0498677052590706,1.0506876821381215,1.2330130243895814,2.035257743923921,704
1.0087546043489257,1.0093590860406985,1.156890152577476,2.1436027302804495,705
1.01249523388948,1.0135642391311204,1.1901402237405576,2.011833019099811,706
0.8891906425965714,0.8930757588717839,1.024535988558536,1.651831711845303,707
1.0952163638167096,1.0985573771693373,1.254587231565104,2.360703101694361,708
0.9925749984110197,0.986645029896147,1.1748546344873787,1.8635958143148286,709
0.9839017398878012,0.9825489752443464,1.1418091826707801,2.0649994202410706,710
1.0789822137965097,1.0598156394912792,1.1976400252114088,2.785357773533275,711
1.0647251542752754,1.0607812862181225,1.2606957417300801,2.011196579453408,712
0.9882485331351348,0.9934622506592118,1.1067202546524515,2.301731205542991,713
0.9220753126984331,0.9164176602830791,1.1064553171986669,1.5934134355412335,714
1.0346678217572052,1.033568636574958,1.2110846568975386,1.9153055203597302,715
0.9236572395595435,0.9234309846460866,1.1572005756095218,1.3109320730436311,716
1.0957279101666666,1.1084889583865014,1.2830539221219477,2.1735054305752026,717
0.902064461239564,0.9015319418687766,1.0827634353040956,1.607293159691852,718
0.7759396883428695,0.7767739339000227,0.865241978790699,1.787243904601225,719
1.03215386973695,1.0348491332497232,1.1984457741282823,2.171405709040804,720
0.9259001090707355,0.9338485189401041,1.132452728458296,1.5244563323908755,721
0.9646716388892463,0.9704209275572143,1.1703464341626355,1.4544993654888474,722
1.2352926063292478,1.2312562995603733,1.4697822043446616,2.289971992174121,723
1.0066422093674854,1.0074738060814479,1.207388864831578,1.7730670334944199,724
0.984039245004544,0.986303197887224,1.1513545978924187,1.9719154155629162,725
1.0579534427663766,1.065018339538512,1.2930782543040236,1.7067237387929561,726
1.0264413018007223,1.0262841564630951,1.148114644607717,2.373168758008969,727
0.8714963588818395,0.8652591297941402,1.0631370610742854,1.4284255941657213,728
1.0589667466626853,1.0568839849634373,1.2642682690411071,1.8811608214191728,729
1.159287266043662,1.1526981870031625,1.3874072507931476,1.930970478632097,730
1.1136488825351951,1.1138040458007346,1.3630969910588515,1.8441468709708524,731
1.0265828889022952,1.0275232119043023,1.1923130219501277,2.0322046126012596,732
0.9543675188997295,0.9683125447499532,1.10505794789847,2.031672191783541,733
1.1121357864040249,1.116724589040308,1.3525858546250038,1.9305624945375361,734
1.0737248895904954,1.077161914682074,1.277224797258831,2.0340709885588812,735
0.8421890635670459,0.8494397484479458,1.0135294686167267,1.4656470929889576,736
1.153891812293109,1.1551812221707272,1.3545737050117317,2.333623485259507,737
0.7684483720204167,0.7701289071967347,0.9020199857130953,1.5186721191814234,738
1.1325337509741897,1.1357349618602293,1.3480146705245408,1.8425208418375478,739
0.9896602553799656,1.0216365602900623,1.197612337838636,1.6932048085667315,740
0.9251256231148436,0.9442232497359885,1.0928982289240619,1.773916132221643,741
0.9167045178727256,0.9135553777460388,1.0629205000683541,1.9251452817672898,742
0.9642643206280542,0.9661136753277555,1.0975628400562507,1.89427573577505,743
0.9418582217176064,0.9411515103677917,1.131085223820322,1.6882420055766212,744
1.1634950994031732,1.150813107063628,1.270608573454983,2.6660370585722717,745
1.1575159579890728,1.1578605917726679,1.3964095563991907,1.9949008615152244,746
1.0643323921187868,1.0682875307769726,1.225316002853926,2.2202420377751704,747
0.979137008959889,0.9847725633276658,1.154566498406349,1.8582398742636586,748
1.0192793091240422,1.0304577114926032,1.2110246703007124,1.914982840766082,749
1.0277634241989049,1.0315674394537326,1.2049191743605447,2.0261010804439614,750
1.0989646895015668,1.1002774926504535,1.2790319880051515,2.2207460865243447,751
0.8944545933218342,0.8984647494633816,1.03584096608109,1.8712144867597897,752
0.979846866949502,0.9672100869083559,1.163581222060999,1.7190443049840736,753
1.1107715957075803,1.1107787631631767,1.196041498938352,2.9714824288006567,754
1.056361975400354,1.0558770916337807,1.1573676113058167,2.239211852527354,755
1.1486168519221105,1.1501826885460242,1.3655201489174635,2.1076317800601374,756
1.0910184542461276,1.0939971779490096,1.312498809634487,1.9080561299954406,757
1.0469604714531895,1.0466061045755732,1.2162039128045152,2.038522954325143,758
0.9024299581152151,0.9011645745427633,1.0548574846900365,1.7899864284680123,759
0.9692968682764951,0.9781530629401882,1.1701201771736414,1.7759361747245084,760
0.9632503613007699,0.9650752106298103,1.1656710061706457,1.5714888062363723,761
1.0580238185860227,1.0595028328439668,1.1309526693488083,2.66020680167601,762
1.0550376298042443,1.0532121835093629,1.3011839014848987,1.6734511186875014,763
0.8554238507697849,0.8660492989575974,1.0061959779796523,1.6151303142261657,764
0.9867532307247296,0.985526521868064,1.1694773017534421,1.7807687693155545,765
0.9361549804349721,0.9398230065928068,1.1159604012461715,1.7072156775137517,766
1.0002421783946844,0.999725512862297,1.182922286359861,1.9019320996891247,767
1.1470410456729834,1.1375334643284796,1.292601257525518,2.4770200793368327,768
1.0268509839328692,1.0250672505455212,1.1759455338612164,2.284509953865093,769
0.8012560043666906,0.8004673943662033,0.9725846124616472,1.2801530999245136,770
1.1023665588994283,1.0999582742644898,1.3206627005425837,1.939490328589303,771
0.8673553204478368,0.8807370358369297,1.054795443688667,1.47815173162779,772
1.054493699633067,1.0643822495295852,1.2628162608323106,1.8465325774266796,773
1.0984254792777555,1.1054839969396637,1.2929044854837206,2.088579587242295,774
0.938276074916418,0.9457684119585974,1.0794646955108411,2.031980213785404,775
1.0095797327612674,1.0488860037010452,1.1201231064148154,2.125582953794691,776
0.9862095934571533,0.9881004584835253,1.2017455157936354,1.64349198111196,777
0.9721533770282909,0.9736407494072574,1.0754242599518573,2.129312419056006,778
0.9720137508180412,0.977054626758001,1.1033196355625836,2.231955849776877,779
1.058375767446667,1.0440745800820155,1.201432000301987,2.402154425099456,780
1.0477054341479897,1.0542047998058934,1.129589598484435,2.5522490578773938,781
1.059341713984444,1.0597307030040988,1.2609641996678087,1.9085163368090872,782
0.9606662383261013,0.966337931888932,1.1127065934469116,2.07210733667104,783
1.228048815226709,1.2280743299586894,1.4201712344660387,2.4999289403070053,784
0.8788147602176708,0.8792929754871159,0.9655354747167693,2.151279135033282,785
0.9966469281249986,0.9960358333484585,1.1891398397059052,1.8558442137446645,786
1.0520670949846092,1.0550585770273273,1.2329274678257547,2.100265225031781,787
1.08523634107054,1.0830201997108466,1.2436050051569405,2.415608056133278,788
0.89948407097819,0.9020778411116541,1.1058886768806586,1.4776773741787963,789
1.1560277531336824,1.1575403205327495,1.3088826886075131,2.61730135868514,790
0.9769420671084873,0.9746924740957261,1.1541789218080498,1.716265671661479,791
1.1091453239526747,1.1157230269123963,1.3405797719268324,1.9335662917968068,792
0.9125285720131419,0.9084755915685796,1.0852863342129233,1.6985126260595447,793
1.0308381524405632,1.035570139327661,1.2404691003177368,1.5939617337527423,794
1.0774075327076094,1.0806681185211287,1.1498731046597563,2.905050141556519,795
1.078361709303778,1.085988972136275,1.2703883621013765,2.072470859107204,796
1.0698658029756014,1.065981127688889,1.249396260349093,2.185203137920355,797
0.8930674522871945,0.8910991451404415,1.048049176085963,1.820251013067352,798
1.0141653416213001,1.0135499200582472,1.1984482544140251,1.919158088834675,799
1.0460271193461501,1.0454818862097741,1.22211227426068,2.072451691544307,800
1.0116633126051213,1.0004625926651967,1.146860333877521,2.166775856316743,801
0.8834693998936087,0.8852471362657013,1.0245739441880104,1.7750355830665727,802
0.7547273489935771,0.7565084395753149,0.9048246761387138,1.456474669195565,803
0.9862694453122319,1.0020023326007306,1.2324117667973595,1.3500241714882222,804
1.0238071454833746,1.0313104202828969,1.2171442764022038,1.9154949488339894,805
1.093908009741668,1.0837639304413946,1.2859479686976971,1.9630315474664695,806
1.1228801952168546,1.127989079566366,1.362839560105072,1.9140879706145524,807
0.9235255248364903,0.9240771942522443,1.0672450601779966,2.003953538644157,808
0.884740812750062,0.8838651255348156,1.024112908155609,1.870160808397537,809
0.9497338735413823,0.9556603254733276,1.1181054231167353,1.8064398783551325,810
1.0345865105348961,1.034167405081467,1.2618836005227851,1.8056939515269335,811
1.007410798563706,1.0081461913541094,1.2004039194770144,1.8118893212782854,812
0.9656992341318318,0.9641668277254628,1.1982854844741935,1.4545909310757457,813
1.1452165401743444,1.192003793769117,1.3623075172099988,2.262106414218519,814
0.9232119065400106,0.9229792668884107,1.0500610902353034,2.029839461468577,815
1.1055631449775603,1.1125937159313053,1.2819452064749286,2.3218622570369005,816
1.0911511443707624,1.091454765540046,1.2913838550224306,2.021659275799599,817
1.045493889768332,1.0459930142039844,1.2656429731726895,1.7723206529871403,818
1.1333338096185621,1.1302685320813848,1.3409895549659245,2.1703009661219816,819
1.0081237572878061,1.0696514714897851,1.1742053783579038,2.0728053218657947,820
0.9783061026875299,0.9751219183484335,1.10923560287078,2.2611854949147796,821
1.0607975628851631,1.065383423361356,1.3049337266313643,1.6136133173618705,822
1.0187010499397475,1.024289726696066,1.2292153335174323,1.7204688316678607,823
1.087521992078088,1.0889135240404975,1.2838661136861753,2.090786503090884,824
1.0182492852045228,1.0183181534634018,1.1565384933156249,2.3959827976247468,825
0.9656021996501218,0.9650341245533027,1.1643698936893134,1.6538429046618324,826
1.1290781612430145,1.1228995679997775,1.307333452753528,2.385346230481931,827
1.037098849597312,1.040932259979783,1.206632751367716,2.1309010503291104,828
0.948194136600906,0.9548798420133113,1.119928560351205,1.7569054138867914,829
0.8596999125577572,0.8784623718232711,0.9685496473490851,1.8756267988670892,830
1.1991934520211733,1.1956456185522675,1.4298422158786386,2.199377686435335,831
1.1289636475378766,1.1221331758486393,1.295116849510317,2.2617359999181206,832
1.0146235176316705,1.0134286631255518,1.1854833492487,2.0135771321350475,833
1.01494585428491,1.0147177048457896,1.2071545345493866,1.981350077599605,834
1.0042639191394551,1.0137733485041587,1.1635828402249262,2.0530434858420197,835
0.8361377840286295,0.8373688563102144,0.967253021837621,1.6767192460799978,836
1.0406321390581126,1.038351826120769,1.2348867197041513,1.9268966043190927,837
1.0443382728190194,1.0456605209541823,1.1976476577768898,2.3290432333649305,838
1.036364850735122,1.0373619711646607,1.1909553005635367,2.3094948426529136,839
1.1538024529327948,1.1516502554150965,1.3940013392917223,1.93431058150408,840
0.8607749057818329,0.8688272522089528,1.0113817601640538,1.635683825390893,841
1.0493342349820163,1.0626214994531495,1.25434546961264,1.9039314353228494,842
1.099426159251218,1.096800971367781,1.28754829782455,2.1245324919552058,843
1.052194354047414,1.0596858357561798,1.243002367938285,2.0171032418308146,844
1.0317420871512333,1.041408053540597,1.2454104935545507,1.8402302389123388,845
0.8978890984384469,0.8986599832309998,1.0734887577393628,1.6213256646608687,846
0.9040561107245221,0.9099882439998356,1.0678760227813715,1.7274042868558297,847
0.9796209479423125,0.9723016151655071,1.135689365110983,2.043214374907125,848
1.0896985150564888,1.0922809308692367,1.3889520814794758,1.49334464754911,849
0.993239753606009,0.9934305750030518,1.2186898394692642,1.5874521966102213,850
1.0085859513144113,1.0053540226320592,1.1856713686863822,1.9497487732767724,851
1.0010576428689184,1.0005132428214347,1.179723025247337,1.9080862891682022,852
0.8635565669752819,0.866519042669735,1.0162385372280567,1.5755162780337297,853
0.925874512930702,0.9237824235920397,1.0634642545274815,2.0280098685743697,854
1.2214951427045697,1.233155298890777,1.4016987272595338,2.648457463981087,855
0.9206423451152129,0.9524058022596281,1.0469177069673246,2.1660807362752568,856
0.8247961267954134,0.829091554514664,0.8993688905462507,1.9948567278771328,857
0.7699811064073646,0.7750384398126124,0.8872863297595508,1.5830731310496946,858
0.8802168087726262,0.8775254325414759,1.024294098143233,1.8864470956574133,859
1.014314049047769,1.0181746983907543,1.216829055453497,1.7059735553463335,860
0.9446456037164143,0.9414217575916684,1.1799811829173021,1.4516585134762476,861
0.9861545037095172,0.9806920347708171,1.183575140957225,1.6209205154380573,862
0.876982942141626,0.879754222698505,0.9692353422875837,2.152585600180004,863
1.1800777976362193,1.1845062388809984,1.2322604951857263,2.847816007159679,864
1.042285395184766,1.0383394679366404,1.1681932359960796,2.454192051809382,865
1.129070576681231,1.1434433385844036,1.258719999348233,2.8987429554344333,866
0.9033976947968013,0.9039331666492336,1.0570051057840946,1.942162461089607,867
0.95621696398059,0.9548447294421065,1.1313310660460134,2.010583061365903,868
0.9498191980423917,0.9497040665190133,1.151588181986411,1.6218472033842872,869
1.0626886940478477,1.0639459633969697,1.287038024321352,1.8597701912079325,870
1.0234845486582023,1.0228397150821433,1.216097191059732,1.969856054044874,871
1.0534497259164837,1.0593810909618302,1.2539057644489175,1.924669334370888,872
1.0097152535122338,1.0091631801115042,1.1655786742362222,2.2506922399456797,873
0.9530701756207571,0.9534140490190378,1.1415596653074478,1.8817047733943792,874
0.9790455861553462,0.9781956759891994,1.1294687421013798,1.9333670572002568,875
1.0682708544386088,1.068211742102649,1.2382031129917155,2.225621007352808,876
0.947684669498781,0.9450466262679328,1.1440356575935586,1.6288197487593408,877
0.9409943713236731,0.9415828094426415,1.0747848447953543,2.1353617352629244,878
0.9058217898548052,0.913568447243349,1.0874817686105034,1.3622802610719327,879
0.920851478776371,0.929695259469446,1.1136904707212836,1.5367288236978243,880
0.9293365636975064,0.9187610940810633,1.1347066595530555,1.5766363519563398,881
1.1030909766771573,1.1030642497528016,1.34523264720992,1.788071297368989,882
0.9257499122873202,0.9285428682995822,1.0978379572152728,1.7601129498486596,883
0.8764214224554792,0.8819166589367579,1.016635989863682,1.8600946081622995,884
1.162877011713245,1.1642957934130593,1.3814840366474954,2.2249519667552096,885
0.851959388305793,0.866030334648571,0.9069100131934479,2.18528023141751,886
1.1797952761091468,1.1793799651385917,1.3786777866503943,2.338422204083887,887
1.0426726808944136,1.0421602468627342,1.225958590004084,2.039430064161387,888
1.000251008354621,0.9983070213375271,1.1988910710448732,1.7586355587935159,889
1.0726014874717456,1.0719854020279813,1.2309109877337037,2.1475797640022747,890
0.9395711168316357,0.9451433771715648,1.1459892157827882,1.5626638524461731,891
0.9964161272416336,0.9916608777364605,1.1404671383138896,2.1630687016192316,892
1.0171492550436758,1.023696214207943,1.0766025609405205,2.3464979716811936,893
0.9751266514367112,0.9853501904737962,1.1928397360768008,1.6358123387066479,894
0.9137385692763611,0.9125642903755886,1.0836952349293112,1.5596019838242337,895
1.2070444839876802,1.2570051631731336,1.3327488949403052,2.681289185695316,896
0.9714311080105266,0.9726123614687211,1.1161454700754123,2.0806202559671245,897
1.0568443559581167,1.056633584259787,1.2665204406122337,1.9507429554302684,898
1.019701831430133,1.0266568413461359,1.1394237080918594,2.4641805008039954,899
1.1711776667033569,1.197721133817181,1.3569203716365938,2.3786713616751736,900
1.1880336798595326,1.1889596645058838,1.3529695039815532,2.359408149599123,901
1.2278807308412127,1.2348762000810094,1.359727674202326,2.7431839351985956,902
1.0207542609620168,1.0222451604292864,1.2075847616627606,1.9124694297275278,903
0.9906268762779393,0.9907089504633859,1.1858946342363255,1.7752004381104982,904
1.113725918474534,1.1156987893991919,1.3039328901804736,2.1643414669037044,905
0.8238867960336117,0.8293140083739593,0.9834170487083478,1.4358378105849943,906
1.0332981490568378,1.0481915281038243,1.2385405482938203,1.8088820214442745,907
1.122525833229548,1.1153435688543303,1.3047455049122911,2.232194504449473,908
1.101963544834107,1.1129127153978162,1.350274821168292,1.784840419749712,909
0.6943024920518132,0.6937671408793744,0.8122905293691105,1.385277600580921,910
0.989045235625384,0.9900263173417321,1.148681052073673,2.000163823790793,911
1.179339791996512,1.1807180235705939,1.2742494270846654,2.987002548009282,912
0.9306008646942858,0.9304945281840753,1.0781024932602534,1.93388191951126,913
1.0624624884970122,1.063291762300867,1.2862411312159627,1.679622639472858,914
0.9345148490802943,0.920427349719468,1.0663484816264241,2.110418337339572,915
1.1562259832728605,1.157127169424659,1.3212602547464634,2.6169461606963695,916
1.101545578888888,1.092501231831453,1.2790962006858435,2.3195948137118654,917
1.1078140315063651,1.107303027364371,1.2637979041240874,2.2610436065501687,918
1.0796466396751592,1.0793290135492077,1.2820874047283979,2.028745245385167,919
1.0042442244909051,1.0043629117680182,1.1481662313790608,2.0568719238501116,920
0.9779699977502275,0.9771071871849607,1.1427142308434202,1.915747337409722,921
0.8752387816576143,0.8750864994862944,0.9802711609881206,1.9788670373073893,922
1.1060806403508792,1.1058689359298017,1.303857136035287,2.1072005677242776,923
0.8945378868823197,0.8939417653064764,0.9709225200433993,2.28780051675255,924
0.9124972725185947,0.9170856361831093,1.0341578633014692,2.0507145428013005,925
1.060234901847746,1.063201130348251,1.241841179547358,2.124590189124416,926
1.0497195413653488,1.0591176624173384,1.289604952414062,1.7007750466489202,927
1.1631880240553847,1.161130698806788,1.296523360600115,2.810424792139528,928
0.9673353628298125,0.96745696007532,1.129461952052643,1.967034201041397,929
1.0433156897905485,1.050255230397108,1.2225238558678237,2.038525300559159,930
0.920252001133206,0.9236478703548527,1.107790092134098,1.491113476572633,931
1.0845049911161448,1.1196365510837862,1.2819709588668633,2.0561140375364566,932
0.9777037871441787,0.9787632966462447,1.1366124616144646,2.0403459444185144,933
0.9385308372357071,0.9528956652103001,1.0927819481480041,1.9170787292680957,934
1.0503293195048815,1.0571049584804482,1.2080790047052077,2.1866690238009943,935
0.9461576880017423,0.9314093536580801,1.1204018995332672,1.7304370643374207,936
0.9682102674610001,0.9735446996348526,1.155050290461568,2.0021294951722557,937
1.212719801575307,1.2263698084756565,1.4459804359100008,2.1495234313973453,938
1.16614840283994,1.1820321813972452,1.2079318467151645,3.4231154332632814,939
0.9910296900415756,0.9956159288510241,1.1458513542768052,1.8782961081350726,940
0.8800480740994794,0.8926752509718103,1.0685362015247506,1.633306815994873,941
1.128000105562902,1.128224681727897,1.2420993252206385,2.789980413907184,942
1.0113789439067127,1.0166484236907118,1.1470768622765677,2.223859820590495,943
1.0197054598339264,1.0232569921796375,1.1981427525742456,1.7555587831009505,944
0.8909341415758846,0.8963122609310354,1.0794478029212222,1.397209666654353,945
0.9489573811366067,0.9802669328686845,1.1068239637648583,1.8879679280905668,946
0.9440249575429095,0.941832507227158,1.1180478312477755,1.7876460046803495,947
1.035334332966943,1.0280308141335595,1.265064960791213,1.6628332024773231,948
0.9826839650369834,0.9847900436491983,1.1358207075055704,2.0454496689658397,949
1.1237784824052286,1.1282438635773486,1.3050563084605344,2.2685498792172623,950
1.2375486774728435,1.2380683167317201,1.5292110603290576,1.8868387027434932,951
1.1555564486944698,1.1589201142408192,1.365247566659036,2.215173875312896,952
0.9651413083558671,0.9673442008726423,1.1565698372482371,1.561357313728419,953
1.0804638572642853,1.0838363944484737,1.145159277150471,2.7349828095647366,954
1.1120804255700518,1.127234144086353,1.25486496493491,2.442597193684691,955
1.0404820322102382,1.0430000541963549,1.2005495963680994,2.159210288047802,956
1.004470836678968,1.007289555255165,1.123974832347754,2.514903367705186,957
1.0416544432978858,1.04511298814238,1.2393624099429044,1.8398052813551304,958
1.0527517164839317,1.065114563457186,1.2624156554039752,1.8393979058902987,959
1.0403291156790624,1.0484742325080358,1.2072105753544442,2.0779206782406856,960
1.102461897658842,1.1154413438962458,1.2390313665778796,2.5262006399779913,961
0.9406740550361856,0.923580416768392,1.0067802322230968,2.5215841687145826,962
0.8814604037124638,0.883424658851533,1.0456184202175778,1.6386216258895991,963
0.9758857390561536,0.9857375439865217,1.0873816168587833,2.488372292637835,964
1.1362635179397789,1.1437561359602428,1.1550022790442003,3.0717872550593075,965
0.9772246140442669,0.9769062875275814,1.151400311452796,1.8828673889536025,966
1.085871563436275,1.0919596241752347,1.272573816966009,2.1026122855316247,967
1.0280249671482578,1.0466314235254575,1.1845654895286484,2.1953353365333936,968
1.0833065115942317,1.0812471282707177,1.185216024372105,2.231717142762168,969
0.950486981067456,0.9486294078178781,1.113390418883303,1.8891122980520736,970
0.9677206986926324,0.9727690926590027,1.0966847567542777,2.3013689278640883,971
1.0326576281956334,1.0372879896089813,1.0562134261700116,2.578146782667541,972
1.054182411990868,1.0465318970815496,1.277112255828139,1.8082343349564363,973
1.0610080213795443,1.059073537607983,1.270157556537832,1.703774003509148,974
1.0865066963585295,1.0942270563169634,1.2774029144666386,2.1264753235764884,975
1.0529531281421185,1.060086642985824,1.202913787906288,2.3505376628913166,976
1.1551276525989056,1.1583468391970966,1.3843165416949716,2.079471999922303,977
1.119901734545731,1.1191281686394396,1.2945257644880732,2.429729007414679,978
1.2393929337076903,1.2299879072729274,1.4004298539148272,3.0048529038730916,979
0.9564732822376327,0.9540581302036043,1.1647951778735974,1.552103926328854,980
1.1821496218322305,1.1840041907127914,1.4083518195306615,2.276911657454587,981
1.099528653205906,1.1013029260970741,1.2830603995236816,2.1280259581815892,982
1.2493060051999287,1.247901963148035,1.4150195572552888,2.6672887479177962,983
0.976981739213969,0.9763749660902254,1.1887758319932826,1.5645903808326842,984
1.0547613390231165,1.062847414502029,1.2077829140192997,2.184942297884362,985
1.0249724009010293,1.024857855141219,1.2187606623888403,1.8384613357359572,986
0.9388881261087237,0.940476849873927,1.0801624342477718,2.0033460215326264,987
1.020790010433984,1.0205278241644609,1.201796230206651,1.94128835455756,988
1.0072906383522848,1.0270419954950838,1.1852193483186795,2.045963497827342,989
0.8128627300685188,0.8197829125800391,0.8885481479301055,1.79024060837502,990
0.847065084522736,0.8532036561940296,1.0572000089041662,1.2116204975580225,991
1.037819352698235,1.0374924472053477,1.172867352846289,2.3413961363280875,992
1.1013274945094054,1.0994985647669164,1.2332043874899454,2.5477875061866206,993
1.018978167046331,1.0227871456087618,1.141730165544372,2.4198488314432813,994
1.1019502469094513,1.0923863625846728,1.271227431034945,2.405597404740753,995
1.051237764007988,1.062623816268274,1.246600775516247,1.9923924937604702,996
1.0274581979526818,1.0197005729737838,1.2093529558534246,2.011978238830724,997
1.024416163754927,1.022051221089548,1.170130538780213,2.2129349636372426,998
1.0045266629788887,1.002666019866309,1.1584542286507906,2.2012813887335425,999
1.1493329305885627,1.149325536402812,1.3149226146142383,2.3770632196350943,1000
0.9447415214995984,0.9386344599549534,1.1460529485453637,1.5483100958189242,1001
0.9835069680679349,0.9859709149737261,1.1606420693530661,1.8875689390827852,1002
0.7758628592310203,0.776060640056606,0.9319281268282787,1.4414089662383638,1003
1.0265160770666075,1.035089691585787,1.188365089625505,2.161965186937855,1004
1.073551049552265,1.0794510291448642,1.2883616414034988,1.7390934062465948,1005
0.9766444853439248,0.9761855372947285,1.1598863115022149,1.7721069179436382,1006
0.9572676083589033,0.9642502316250985,1.134482051641227,1.829932399014783,1007
0.8829482701321817,0.8839544039651157,1.0334597942081287,1.8074123904609432,1008
0.8351783896532274,0.8418159244350197,1.0023215882947043,1.4502098431611097,1009
1.083463478456293,1.088739771279691,1.224746465963374,2.4993052052973965,1010
0.8592708815236736,0.8602982553698744,1.0132409536698017,1.3011804295490748,1011
0.9541468449533836,0.9658560321474446,1.1021358843878772,2.0441687837387135,1012
0.9043438236452015,0.90165847010621,1.0931825378915574,1.5765509005879437,1013
0.9539033221942305,0.953515376819696,1.0823616684620634,2.1973836066712127,1014
1.048599971522727,1.056093242803105,1.3081830729395116,1.4961438219701177,1015
1.1408779090950896,1.1417350781171036,1.3475207631538724,2.167178078953075,1016
0.8861124207777443,0.8863356162212425,1.0392848994446195,1.737443538996984,1017
1.104174635994456,1.1065188954456855,1.313485717885846,2.0561494446065667,1018
1.0477562574880699,1.0476625681445548,1.221398368751208,2.1449441274046728,1019
1.0384869047811964,1.0264528576543313,1.2635078747340218,1.7504633985859757,1020
0.8976816949663564,0.8949441407318794,1.0355662699847838,1.8095925747704644,1021
0.9036762254857393,0.8959813714649948,1.074633166880371,1.6484194958461371,1022
0.9657620017302042,0.9602353855236739,1.1445098572980041,1.7751544548246434,1023
0.848766854444215,0.8479609852732223,1.0018290065488697,1.6385660129601058,1024
0.9128134980371095,0.9173863269895466,1.0817743438623335,1.725298382640501,1025
0.8160185983769332,0.816065859916876,0.9117482326789452,2.10629075930097,1026
1.1390759798530226,1.1736485523396614,1.3212057499373728,2.097101309866153,1027
0.9512808092253974,0.9495805280376441,1.1600981800660284,1.5772132988139689,1028
1.2661788401268965,1.2649190625952853,1.4504748744673543,2.7639340431292645,1029
1.0371677856901043,1.0493195091317868,1.1856842593589527,2.2754391213584433,1030
1.0559486504787914,1.049268566416372,1.1981945889323018,2.4298701092346806,1031
0.9252721277680014,0.9264769095887608,1.106940166076002,1.6073676646620374,1032
1.1560125360687123,1.1556229571052032,1.3586967410205182,2.3584918597720343,1033
0.7769822175519643,0.7835258166058564,0.9202785061464076,1.5390666688703185,1034
0.8906083468695772,0.8942264788999705,1.0427337559202434,1.6897883299683896,1035
0.892582264717742,0.8826657591802671,1.0684201394334196,1.5768553808666206,1036
1.1514607363705927,1.1498169362444104,1.2930623769779301,2.6252044531271097,1037
0.9614066358307674,0.9685840885582678,1.149721658234184,1.8159979444306487,1038
1.1846491609290264,1.218866139889395,1.4407808215999802,1.957919060025094,1039
1.075284963113044,1.0783823494354037,1.3142064038613577,1.693507842368679,1040
0.9939031624622092,1.0037272609879617,1.1808724542267819,1.8407410211882587,1041
1.0415395099441451,1.049755084716143,1.2092957540013851,2.1684458468097363,1042
1.1771949628468863,1.1969255886345207,1.4161618293391856,2.02758843355789,1043
1.045492329247604,1.0365289585900017,1.1959335720439217,2.2419130583692954,1044
0.8534754437718399,0.8580073985667537,0.9541114922492714,1.9458085936181502,1045
1.0433679395040372,1.0399178117427461,1.1846497259938804,2.3698080769902203,1046
0.9691404784504042,0.9702787530744074,1.1435385505860083,1.8692376024432735,1047
1.090462998063677,1.0962413206940738,1.3611778073110827,1.6487686416656504,1048
0.8923377471924261,0.894253230342033,1.0184210975174273,1.9297193889070585,1049
0.9133930012964606,0.9174929110090829,0.9933265199320587,1.9770801172119516,1050
1.012062162052625,1.0083493285388787,1.1439244820007441,2.414217747199493,1051
0.9568233560114124,0.9525911625374144,1.1285078314698984,1.7883694737445939,1052
1.0463894643551683,1.0391492165486114,1.2336795317505007,1.979068837988773,1053
0.8617472659487433,0.871032934705695,0.9971452379098369,1.8341896770598143,1054
1.0368118992713342,1.0448644714485082,1.2043978086667815,2.1291165941265473,1055
0.9586623948767103,0.9606249699414451,1.0876685939864341,2.288801516248412,1056
0.8676649109489567,0.8668108417292701,1.006397160752677,1.804837444703527,1057
0.9254618185976753,0.9380849596887287,1.0638413116159555,1.8701073038575708,1058
0.8983252492018455,0.9114575582061523,1.065533589246907,1.6941933554111541,1059
1.0377824554473523,1.029007998773549,1.1751711648734826,2.184411854881931,1060
0.9375140224786267,0.9352073943045215,1.0349599283326198,2.1579087671929886,1061
0.9295380338944947,0.930279798453316,1.0929925036052672,1.802075343005896,1062
0.9606494209295687,0.967493094931414,1.0507945196080966,2.529280461639682,1063
0.9023760881629873,0.8968511439318501,1.066080465923539,1.734468611020244,1064
0.9307660066708375,0.9268358915462969,1.0605706533865566,2.029669505045238,1065
0.9076499242345127,0.9082369773394441,1.0898484865369844,1.728654027762628,1066
1.1600714594309054,1.1585281866653945,1.4115684471435974,2.0123220591010305,1067
1.0299475570636247,1.0319997597118367,1.17280540307074,2.3948270263935596,1068
0.9569529239207829,0.9567592731980363,1.1185837957457283,1.91132690888941,1069
1.0641697591247783,1.0683226408011288,1.258323682911253,1.844394442109454,1070
1.1352585187630446,1.1382083460224108,1.3981586018472094,1.83701120429193,1071
1.0094894510796681,1.0067453427289939,1.108699877496193,2.5906470083231,1072
0.9894838212298042,1.0021793616507653,1.145715583513597,2.00981048531601,1073
0.9833791298095943,0.9862402243231196,1.159450261263056,1.9032146493481847,1074
1.1157839842170023,1.1147183047419205,1.2220288596536455,2.7727992158218497,1075
0.9692166746042059,0.9859759005743239,1.1670321939658772,1.7895341121967843,1076
0.9661903440049394,0.9661785418103616,1.1715046718973423,1.6385704869645752,1077
1.058738838247489,1.0585227002899804,1.1926294881417314,2.380622968238479,1078
0.987818707095187,0.9898622363513578,1.1606031135478994,1.9247933516354598,1079
0.9800022636592532,0.9817831142890635,1.1764510902155663,1.6825457855663868,1080
1.0196750075840084,1.018329736941749,1.170473642919831,2.2435808136402065,1081
1.1094653439521762,1.1144665824846305,1.2625894450977184,2.5228876941233738,1082
1.1068285621402132,1.107613274739745,1.3283764591689944,1.952957212801619,1083
1.0747142697093417,1.074657601816256,1.2108309016027485,2.4431212920298724,1084
1.0428401020713878,1.0470009012215957,1.1645525340882137,2.5134443375838806,1085
1.013626647985114,1.0079001106448133,1.2144693313303008,1.8540836666140774,1086
1.0052543812081474,0.9986619435473466,1.1973321163810102,1.9281094417687246,1087
0.9861765396670279,0.9845331255837299,1.1437069528255495,2.158692926519679,1088
1.048052069005942,1.0515762984187003,1.191337166146878,2.500712559024336,1089
0.8949095925394626,0.9013979934569372,1.0645320672846241,1.5851625263154439,1090
1.124504808907611,1.1518806116747446,1.2740660080359412,2.4875060257543766,1091
0.7976370454085385,0.7996332539078469,0.9391727613357326,1.5549766971946786,1092
0.9832272244218601,0.9702958936874702,1.1286291525281822,2.0045262743027896,1093
0.9659036506535262,0.9652193708834466,1.122196153541567,1.895442580134801,1094
0.973843080021178,0.9696294171572378,1.1136132130200846,2.0153343088089506,1095
1.1754972226048124,1.1763979994443943,1.3342456017285782,2.455805687199333,1096
0.9493569358374552,0.9499542300370372,1.0949728856405523,1.9572405923369889,1097
1.229661912135919,1.230746369381045,1.4699738633019044,2.167526359022607,1098
1.0721534681634544,1.0741539324222027,1.2870954567286492,1.8883584230429793,1099
0.9402298245682056,0.9389301057996943,1.0366829104289632,2.6151340610676357,1100
0.9484630550569773,0.9478412833052845,1.0420885013125598,2.285809431510673,1101
0.9508997752247548,0.9542150466560309,1.0971217116863168,1.8355186489976538,1102
0.8593266212785607,0.8588115802690601,1.0511785274356178,1.3627068629694292,1103
1.1485767464909062,1.1401053374666446,1.383585403237305,1.9847896900178716,1104
1.0542428593672875,1.0616741611385743,1.2180825176454402,2.1486884146807763,1105
1.0545722073286299,1.0605275786825343,1.1394984834536424,2.783318062791227,1106
1.0460904103252389,1.0517941411533982,1.2489527013226702,1.774136903493787,1107
0.8382570198751768,0.8418265861383702,1.0189772528410712,1.4732742054469097,1108
0.9635561908719745,0.9677792693702844,1.1138126669897814,2.071923546102181,1109
0.8509903970460584,0.8500538718077163,0.9939750891479764,1.8769817973539324,1110
0.9739932016931019,0.9730131053838792,1.0843775761145142,2.048488760920849,1111
0.8753484674397606,0.880205142769642,1.0624358455009444,1.4590224128660372,1112
0.8011189788415833,0.7995539846853726,0.9339909861905992,1.6042330177259394,1113
1.134321492293753,1.1496460542777565,1.3019859601730126,2.5175596694169458,1114
1.1419078698048772,1.1405304458943806,1.348691938554869,2.1508360293381132,1115
0.8829410619131162,0.8825039297964901,1.0294565884816291,1.8082246040854715,1116
0.9118029924291594,0.9119120084461568,1.1087932673465675,1.496480156059056,1117
0.9142730110503464,0.9351279716350814,1.0770168182143969,1.7758936940195769,1118
0.8757621349243118,0.87341319512473,1.084116702642212,1.427693725089484,1119
1.112401630462097,1.101354213800586,1.283268662686911,2.4009607886456275,1120
1.0332921116875886,1.0548246221552808,1.2763702750123762,1.5304652639110423,1121
1.0690668141066575,1.0782140996532572,1.3249026722644788,1.470455958356107,1122
1.0638922709701526,1.0610897471710232,1.2255581215188236,2.0675805518852854,1123
0.8593221556651348,0.8491381258810848,1.0103515941562342,1.702981442857444,1124
0.8044785921572278,0.8054142417110864,0.9503846973971712,1.5425136772755286,1125
1.0910184923162056,1.0851047669488194,1.26764214194093,2.1550838308333407,1126
1.0249415048521933,1.0375168311463046,1.1792747617063928,2.1984012629249303,1127
1.095871825143993,1.0960236610117717,1.3282664431007112,1.883087412682442,1128
1.1213351698592298,1.1218777834131024,1.3161888378320796,2.1379251297385222,1129
1.0671509951561116,1.0674662738771217,1.2469557218909555,2.1659078762923776,1130
1.2101942680016828,1.209923589482029,1.4568604639935478,2.167531255232829,1131
0.9193673251217325,0.923698236027888,1.0957437388108324,1.4460146224299564,1132
1.03277247769304,1.0329479399855033,1.239080417232626,1.8668529282785955,1133
1.1389136728416431,1.1342816392476993,1.376924135269593,1.9621659844831116,1134
0.9949653308736691,0.9957475100287474,1.1958259813034149,1.7489828332937092,1135
1.0090856286838372,1.0081673474718844,1.2395655894830715,1.6054634665936212,1136
1.0470886566618658,1.0465582396299125,1.2854203345744686,1.720472352676678,1137
1.0769404428466858,1.0756652076903748,1.212637445070375,2.3919893389773836,1138
0.8775374904347011,0.8733479510787887,1.0294782170361052,1.6645431231858652,1139
1.0756435000397309,1.0632708859109599,1.1920264973873458,2.684866584674876,1140
0.807701994522119,0.8057060465803019,0.9584093728120134,1.4995143279065013,1141
1.0528449879447954,1.0535533009409719,1.2513391350279495,2.0864844309546644,1142
1.0661273441730388,1.0702183647333043,1.2451594369363819,2.142564895185625,1143
1.0611150704341308,1.0619536646337422,1.291024806511971,1.7339520880084693,1144
0.8302728148046015,0.8299310574715636,0.9269286524539795,1.8880108957380295,1145
0.8673046805722275,0.870760005306823,1.0186152867377682,1.7050434510410302,1146
0.8983784935830041,0.902700227807651,1.0437561406042222,1.9125176075524326,1147
1.1115216821769227,1.1080300480905771,1.2925902108010772,2.257361550182468,1148
1.0212340945869647,1.031541687876588,1.1132111046104014,2.326965539729767,1149
1.1113274248125982,1.117763939079699,1.3272445159590862,1.9942735227705908,1150
0.890115620531345,0.8810501193598849,1.017141686582407,2.1088603021330257,1151
1.0492712215381392,1.0469936025531716,1.239700622359357,2.088176787706708,1152
0.9957158617237037,1.0117773514028796,1.180766691922986,1.94127304464467,1153
1.0296688723709395,1.027787075371767,1.202703086352777,2.0564809265027693,1154
1.191122662792206,1.1969300240247114,1.2922008192475487,2.787317565875252,1155
1.071128531277551,1.0866588174155984,1.3130700684127725,1.7760719478353542,1156
0.9828195475566563,0.9798691841774676,1.1610124125148475,1.865528962459282,1157
1.090428798599837,1.0920497504623183,1.292243243664891,1.8134758327501002,1158
0.9580842262200587,0.9669051340426055,1.054632285059585,2.1697801517572843,1159
0.9812414208146621,0.9821586709971567,1.1108054234181222,2.167402909807651,1160
1.1778977036775282,1.1821367498726674,1.3860441219552257,2.4816337966431123,1161
