dgp,n,outcome,benchmark,mvbcf_mean_coverage,benchmark_mean_coverage,mvbcf_mean_abs_dev,benchmark_mean_abs_dev,estimate,mcse,p_value,mvbcf_mean_width,benchmark_mean_width
1,500,1,bcf,0.9642988888888888,0.9707355555555556,0.014298888888888861,0.020735555555555618,-0.006436666666666666,0.0011867420445328546,7.501732263675443e-08,40.08061335431506,43.60854512091713
1,500,1,bart,0.9642988888888888,0.9841433333333334,0.014298888888888861,0.034143333333333414,-0.01984444444444445,0.0015431222661517914,7.279177891159043e-35,40.08061335431506,55.67136381196958
1,500,1,mvbart,0.9642988888888888,0.9840877777777778,0.014298888888888861,0.03408777777777783,-0.01978888888888889,0.0014312437402606204,1.4534220817175442e-39,40.08061335431506,55.554000943942036
1,500,2,bcf,0.95511,0.964951111111111,0.005110000000000059,0.014951111111111026,-0.00984111111111111,0.001188559500167846,4.4380041437579626e-16,38.690836546631765,42.257915635185455
1,500,2,bart,0.95511,0.9820177777777778,0.005110000000000059,0.03201777777777781,-0.026907777777777777,0.0017477210634223893,1.2020595463492926e-47,38.690836546631765,55.785209104827224
1,500,2,mvbart,0.95511,0.9788111111111112,0.005110000000000059,0.02881111111111123,-0.02370111111111111,0.0016026136570581374,1.8503967652653207e-44,38.690836546631765,53.86059040867746
2,500,1,bcf,0.07615777777777778,0.08895777777777776,0.8738422222222222,0.8610422222222222,-0.012799999999999999,0.0011681938201275738,2.6027506942727937e-26,39.159138878597,42.469819429456585
2,500,1,bart,0.07615777777777778,0.28079666666666664,0.8738422222222222,0.6692033333333334,-0.2046388888888889,0.0034496641101679675,0.0,39.159138878597,56.38239178463348
2,500,1,mvbart,0.07615777777777778,0.27173888888888886,0.8738422222222222,0.6782611111111111,-0.19558111111111115,0.0035160846710196514,2.546557004243557e-293,39.159138878597,56.14577291507126
2,500,2,bcf,0.9271266666666667,0.9391177777777778,0.0228733333333333,0.010882222222222127,-0.011991111111111112,0.0011213404637555576,3.3166203059065307e-25,32.99557886684861,36.079346419784756
2,500,2,bart,0.9271266666666667,0.9772555555555555,0.0228733333333333,0.02725555555555559,-0.05012888888888889,0.0018357687834224166,4.841964796470522e-120,32.99557886684861,49.55321051281456
2,500,2,mvbart,0.9271266666666667,0.9728077777777778,0.0228733333333333,0.02280777777777787,-0.04568111111111111,0.001713057546773464,6.865470406210132e-116,32.99557886684861,48.16670283291236
3,500,1,bcf,0.9645544444444444,0.9701055555555556,0.014554444444444425,0.0201055555555556,-0.0055511111111111126,0.0011253512059160205,9.655893452376625e-07,42.466589685937635,45.72424059200424
3,500,1,bart,0.9645544444444444,0.9823844444444444,0.014554444444444425,0.03238444444444444,-0.017830000000000006,0.0014723098156642163,2.2284189463142026e-31,42.466589685937635,57.972944623822954
3,500,1,mvbart,0.9645544444444444,0.9823411111111111,0.014554444444444425,0.032341111111111154,-0.01778666666666667,0.0012476545985491854,1.0058730342408897e-41,42.466589685937635,58.563158229308755
3,500,2,bcf,0.9481377777777779,0.960381111111111,0.0018622222222220985,0.010381111111111063,-0.012243333333333335,0.001354085679960406,9.292078761638139e-19,38.70727719783185,41.950459872392706
3,500,2,bart,0.9481377777777779,0.9799466666666666,0.0018622222222220985,0.029946666666666677,-0.03180888888888889,0.001814423708442194,2.064184801370949e-59,38.70727719783185,55.41455371656591
3,500,2,mvbart,0.9481377777777779,0.9784700000000001,0.0018622222222220985,0.028470000000000106,-0.030332222222222222,0.0017205439528543193,5.680335853855394e-60,38.70727719783185,54.35829705973915
1,100,1,bcf,0.9802688888888889,0.9647955555555556,0.0302688888888889,0.014795555555555673,0.015473333333333334,0.0020317570067360322,6.632482253148108e-14,66.10656110863694,70.24432824507086
1,100,1,bart,0.9802688888888889,0.9901766666666667,0.0302688888888889,0.04017666666666675,-0.00990777777777778,0.0012428320476425329,4.724632540945979e-15,66.10656110863694,86.65491823524358
1,100,1,mvbart,0.9802688888888889,0.9936255555555554,0.0302688888888889,0.04362555555555547,-0.013356666666666668,0.001619440857561122,5.701486980816554e-16,66.10656110863694,101.48047681408646
1,100,2,bcf,0.968382222222222,0.9468333333333333,0.018382222222222078,0.003166666666666651,0.021548888888888888,0.002435024592158338,4.5938885640739745e-18,63.27111128564693,67.47836132542254
1,100,2,bart,0.968382222222222,0.9868144444444444,0.018382222222222078,0.03681444444444448,-0.01843222222222222,0.0018708910782607188,8.148073002914775e-22,63.27111128564693,83.59970958563683
1,100,2,mvbart,0.968382222222222,0.9913888888888889,0.018382222222222078,0.04138888888888892,-0.023006666666666672,0.002228132162347735,1.0711234712757184e-23,63.27111128564693,96.43595133360292
