dgp,n,level,outcome,benchmark,estimate,mcse,sd,t,df,p_unadjusted
1,500,95,1,bcf,-2.7724666941995006,0.231673629878612,6.95020889635836,-11.967122437077391,899,9.92378712431997e-31
1,500,95,1,bart,-13.390374317709,0.36270241177900586,10.881072353370175,-36.91834926608577,899,2.5600169797993828e-182
1,500,95,1,mvbart,-13.054693319560787,0.32027686060382327,9.608305818114697,-40.7606509410282,899,1.5735241075666024e-206
1,500,95,2,bcf,-2.4319263651994,0.2528922822536822,7.586768467610466,-9.61645149281336,899,6.631352757778044e-21
1,500,95,2,bart,-13.545771459768911,0.436371614883312,13.09114844649936,-31.04182535656248,899,2.313966034388804e-144
1,500,95,2,mvbart,-12.065184735338448,0.3765945104367384,11.297835313102153,-32.037601188998735,899,7.640578812247284e-151
1,500,50,1,bcf,-1.251732292650518,0.10835327845034243,3.2505983535102727,-11.552325047775813,899,7.009635433586731e-29
1,500,50,1,bart,-4.027083155859136,0.16446580025482893,4.933974007644868,-24.48583930287899,899,7.465811558386131e-102
1,500,50,1,mvbart,-3.1096040129579836,0.144958617433996,4.34875852301988,-21.451667158552198,899,9.268696009430158e-83
1,500,50,2,bcf,-0.8791607105237191,0.10016617823339312,3.0049853470017935,-8.77702160578816,899,8.335613136873096e-18
1,500,50,2,bart,-3.939124670866084,0.15930508102746335,4.779152430823901,-24.72692424786501,899,2.143207146295028e-103
1,500,50,2,mvbart,-3.3077263861862947,0.13182230173935794,3.9546690521807384,-25.092312473244526,899,9.742570195544233e-106
2,500,95,1,bcf,1.6977125752667446,1.8537476026495707,55.612428079487124,0.9158272533111819,899,0.36000309695171395
2,500,95,1,bart,198.04914036553748,2.672857415168353,80.1857224550506,74.09641054611329,899,0.0
2,500,95,1,mvbart,190.97819178572811,2.637806825181597,79.13420475544791,72.40037062705697,899,0.0
2,500,95,2,bcf,-1.8451006039449738,0.2098929234124369,6.296787702373107,-8.790675616630365,899,7.453534037214775e-18
2,500,95,2,bart,-10.235919189240255,0.39225730634582373,11.767719190374711,-26.094910212369673,899,3.408541479903606e-112
2,500,95,2,mvbart,-9.435463535932032,0.37304227234160087,11.191268170248026,-25.29328238514434,899,4.986116158922521e-107
2,500,50,1,bcf,-3.489895838746132,0.14983519425266117,4.495055827579836,-23.291562814416338,899,2.914541916037645e-94
2,500,50,1,bart,1.4141649901186895,0.15039241185404695,4.511772355621408,9.403167172364457,899,4.271723372066687e-20
2,500,50,1,mvbart,0.6263097720849894,0.13729551427367284,4.118865428210185,4.561764274662014,899,5.77584355496241e-06
2,500,50,2,bcf,-0.7094697846311093,0.07240426225435918,2.1721278676307754,-9.79872955736656,899,1.3146999546972199e-21
2,500,50,2,bart,-2.7193398357564202,0.1310964631522894,3.9328938945686818,-20.74304500951696,899,2.0851831773199357e-78
2,500,50,2,mvbart,-2.5373656642416202,0.11458199548836429,3.4374598646509287,-22.1445407145077,899,4.64548187430714e-87
3,500,95,1,bcf,-2.754221140229457,0.2422809595185575,7.268428785556725,-11.367881098466997,899,4.4942930961822715e-28
3,500,95,1,bart,-13.503824054498045,0.3456677915878987,10.37003374763696,-39.06590195304385,899,6.31876376652442e-196
3,500,95,1,mvbart,-13.963617786801995,0.3031721458012717,9.095164374038152,-46.05837963740606,899,8.494188563732885e-239
3,500,95,2,bcf,-1.6196690996219494,0.29064968085984,8.7194904257952,-5.572581723917331,899,3.317316856550436e-08
3,500,95,2,bart,-12.414959470223298,0.4066660310431424,12.199980931294272,-30.52863657772837,899,5.1042659837754247e-141
3,500,95,2,mvbart,-11.596697105014975,0.36891620722836155,11.067486216850847,-31.434501596284015,899,6.416204758125496e-147
3,500,50,1,bcf,-0.9550870223683309,0.1175415591811231,3.5262467754336932,-8.12552623108062,899,1.465844381492137e-15
3,500,50,1,bart,-3.916063611046899,0.18048225724745962,5.414467717423788,-21.69777611811213,899,2.7826034144637647e-84
3,500,50,1,mvbart,-3.7494183342467413,0.16837012157699327,5.051103647309798,-22.268905546475985,899,7.779137414700144e-88
3,500,50,2,bcf,-0.2578188974171106,0.10277333837286637,3.083200151185991,-2.5086165487952905,899,0.012295533659892208
3,500,50,2,bart,-3.1262958631123454,0.16040056173098619,4.812016851929585,-19.49055433082319,899,7.622978262673143e-71
3,500,50,2,mvbart,-2.6189576132195085,0.13140456535548953,3.9421369606646857,-19.93049180699641,899,1.761557296822651e-73
1,100,95,1,bcf,-9.279809096016194,0.9589996052355206,28.76998815706562,-9.676551528649657,899,3.899765522696914e-21
1,100,95,1,bart,-19.029895340652406,0.394979718025834,11.84939154077502,-48.17942408730906,899,2.5943539708337474e-251
1,100,95,1,mvbart,-32.98991046768462,0.49468107291840996,14.840432187552299,-66.6892514667239,899,0.0
1,100,95,2,bcf,-11.478495799418265,1.082632265477578,32.47896796432734,-10.60239581383139,899,7.911483180686524e-25
1,100,95,2,bart,-16.34012744714766,0.6391924926738723,19.17577478021617,-25.56370363299102,899,9.079761580965547e-109
1,100,95,2,mvbart,-28.286923934231215,0.7703670398916025,23.111011196748073,-36.71876192705679,899,4.8053141959367037e-181
1,100,50,1,bcf,-5.491165506850826,0.34023911816977387,10.207173545093216,-16.139136312100426,899,1.1955846855165573e-51
1,100,50,1,bart,-5.457754651199368,0.1985403649342085,5.956210948026255,-27.489395685395944,899,3.1559994666979226e-121
1,100,50,1,mvbart,-9.488285064521156,0.25649719793526554,7.694915938057966,-36.9917688805154,899,8.712460355591015e-183
1,100,50,2,bcf,-6.598684391501705,0.3750434311036605,11.251302933109816,-17.594453986524712,899,8.993961514302741e-60
1,100,50,2,bart,-4.28824267083207,0.1861161387869779,5.583484163609337,-23.04068147330439,899,1.116993598043933e-92
1,100,50,2,mvbart,-7.516785058657707,0.22419483550582595,6.725845065174778,-33.52791352975825,899,1.6229936404309384e-160
