dgp,n,level,outcome,model,mean_interval_score,mcse_interval_score,mean_width,mean_penalty,penalty_share,mean_miss_distance,mean_coverage,calibration_deviation,identity_max_abs_error
1,500,95,1,mvbcf,44.61046603952843,0.3901654748989171,40.08061335431506,4.5298526852133705,0.1015423753071658,0.11324631713033437,0.9642988888888888,0.014298888888888861,5.968558980384842e-13
1,500,95,1,bcf,47.38293273372794,0.3154735688599537,43.60854512091713,3.77438761281081,0.0796571126996565,0.09435969032027033,0.9707355555555556,0.020735555555555618,4.050093593832571e-13
1,500,95,1,bart,58.000840357237436,0.30414599824352845,55.67136381196958,2.329476545267856,0.04016280679590498,0.058236913631696446,0.9841433333333334,0.034143333333333414,3.979039320256561e-13
1,500,95,1,mvbart,57.665159359089216,0.2783428975313674,55.554000943942036,2.111158415147174,0.036610640438894615,0.0527789603786794,0.9840877777777778,0.03408777777777783,4.973799150320701e-13
1,500,95,2,mvbcf,44.764931751761516,0.540033604508221,38.690836546631765,6.0740952051297565,0.13568869575883447,0.15185238012824404,0.95511,0.005110000000000059,4.831690603168681e-13
1,500,95,2,bcf,47.196858116960925,0.45580835177027323,42.257915635185455,4.938942481775454,0.10464557766824246,0.12347356204438646,0.964951111111111,0.014951111111111026,5.115907697472721e-13
1,500,95,2,bart,58.31070321153043,0.2902229071855223,55.785209104827224,2.525494106703206,0.043310986964804975,0.06313735266758021,0.9820177777777778,0.03201777777777781,4.121147867408581e-13
1,500,95,2,mvbart,56.83011648709997,0.3200994022131842,53.86059040867746,2.96952607842251,0.05225268329507245,0.07423815196056281,0.9788111111111112,0.02881111111111123,4.973799150320701e-13
1,500,50,1,mvbcf,24.246854865801588,0.2258253543880194,13.201404187361776,11.045450678439815,0.455541584241452,2.761362669609954,0.5027255555555555,0.0027255555555555366,1.0302869668521453e-13
1,500,50,1,bcf,25.498587158452104,0.22389734536562061,14.507547673952113,10.991039484499998,0.43104503854272413,2.7477598711249995,0.5233833333333333,0.02338333333333331,1.0658141036401503e-13
1,500,50,1,bart,28.273938021660726,0.2465105989655003,17.706393569262577,10.56754445239815,0.37375566305274954,2.6418861130995377,0.5679833333333333,0.06798333333333328,1.0302869668521453e-13
1,500,50,1,mvbart,27.356458878759575,0.2351170303921629,17.128656410701577,10.227802468058002,0.3738715786785984,2.5569506170145004,0.5681788888888889,0.0681788888888889,1.0658141036401503e-13
1,500,50,2,mvbcf,24.668664327142434,0.22618805894077149,12.818467705906357,11.850196621236073,0.4803744728164119,2.962549155309018,0.47804888888888886,0.021951111111111143,1.0658141036401503e-13
1,500,50,2,bcf,25.547825037666147,0.22820073136790692,14.114335416779888,11.433489620886267,0.4475327979594909,2.8583724052215667,0.5057833333333333,0.0057833333333332515,1.0658141036401503e-13
1,500,50,2,bart,28.607788998008512,0.24168368138341403,17.774074553886695,10.83371444412182,0.37869806872792555,2.708428611030455,0.5634133333333333,0.06341333333333332,1.0480505352461478e-13
1,500,50,2,mvbart,27.97639071332873,0.22400364820202281,16.678395578171585,11.297995135157139,0.40384033991112583,2.8244987837892848,0.5375855555555555,0.03758555555555554,1.0658141036401503e-13
2,500,95,1,mvbcf,651.7245902501605,7.053538693236615,39.159138878597,612.5654513715635,0.9399145905119738,15.314136284289102,0.07615777777777778,0.8738422222222222,9.549694368615746e-12
2,500,95,1,bcf,650.0268776748937,7.015227526599455,42.469819429456585,607.5570582454372,0.934664517902139,15.188926456135945,0.08895777777777776,0.8610422222222222,9.094947017729282e-12
2,500,95,1,bart,453.6754498846231,5.8921926131830515,56.38239178463348,397.29305809998965,0.8757208665380232,9.93232645249975,0.28079666666666664,0.6692033333333334,2.9558577807620168e-12
2,500,95,1,mvbart,460.74639846443245,6.082343965645752,56.14577291507126,404.6006255493612,0.8781416998544256,10.11501563873404,0.27173888888888886,0.6782611111111111,4.774847184307873e-12
2,500,95,2,mvbcf,42.40631522276097,0.4962005392005548,32.99557886684861,9.410736355912373,0.22191827576806997,0.23526840889780953,0.9271266666666667,0.0228733333333333,5.115907697472721e-13
2,500,95,2,bcf,44.25141582670596,0.47312463683149103,36.079346419784756,8.172069406921201,0.18467362578689098,0.2043017351730302,0.9391177777777778,0.010882222222222127,7.105427357601002e-13
2,500,95,2,bart,52.64223441200124,0.2722461300387354,49.55321051281456,3.0890238991866763,0.05867957418012729,0.07722559747966698,0.9772555555555555,0.02725555555555559,3.979039320256561e-13
2,500,95,2,mvbart,51.84177875869301,0.29493959973515177,48.16670283291236,3.6750759257806536,0.07089023590195397,0.09187689814451643,0.9728077777777778,0.02280777777777787,1.9895196601282805e-13
2,500,50,1,mvbcf,126.58802721848866,0.7362749638856522,12.856636179435574,113.7313910390531,0.8984371866602736,28.432847759763273,0.001638888888888889,0.4983611111111111,9.947598300641403e-13
2,500,50,1,bcf,130.07792305723478,0.743384465415959,14.102792626195283,115.9751304310395,0.8915819664495258,28.993782607759876,0.002418888888888889,0.4975811111111111,1.0231815394945443e-12
2,500,50,1,bart,125.17386222836997,0.7414494496840749,17.968947568064344,107.20491466030562,0.8564480855014172,26.801228665076405,0.01613888888888889,0.48386111111111113,9.947598300641403e-13
2,500,50,1,mvbart,125.96171744640367,0.742934511405316,17.553295997628034,108.40842144877563,0.860645787041631,27.102105362193907,0.01266111111111111,0.4873388888888889,9.947598300641403e-13
2,500,50,2,mvbcf,24.023796871851452,0.1752349448592704,10.909716655593197,13.11408021625825,0.5458787503995234,3.2785200540645625,0.4186588888888889,0.08134111111111109,1.0658141036401503e-13
2,500,50,2,bcf,24.73326665648256,0.18681665266172282,12.054893192776257,12.678373463706302,0.5126040825821654,3.1695933659265756,0.45086777777777787,0.04913222222222213,1.0302869668521453e-13
2,500,50,2,bart,26.74313670760787,0.1959921456784738,15.96731695597107,10.775819751636801,0.40293776565750805,2.6939549379092003,0.5437622222222221,0.04376222222222215,1.0658141036401503e-13
2,500,50,2,mvbart,26.561162536093065,0.19054625417257628,15.226183488262226,11.33497904783084,0.42675011052050604,2.83374476195771,0.5223177777777778,0.02231777777777777,1.0658141036401503e-13
3,500,95,1,mvbcf,47.344171553835494,0.42658721854205106,42.466589685937635,4.877581867897863,0.10302391419715771,0.12193954669744668,0.9645544444444444,0.014554444444444425,7.105427357601002e-13
3,500,95,1,bcf,50.09839269406496,0.38945870226167684,45.72424059200424,4.374152102060718,0.08731122630564779,0.10935380255151804,0.9701055555555556,0.0201055555555556,6.821210263296962e-13
3,500,95,1,bart,60.84799560833355,0.3673465928023773,57.972944623822954,2.8750509845105836,0.04724972377096388,0.07187627461276465,0.9823844444444444,0.03238444444444444,4.263256414560601e-13
3,500,95,1,mvbart,61.307789340637505,0.38641851195384863,58.563158229308755,2.744631111328746,0.04476806521401487,0.0686157777832187,0.9823411111111111,0.032341111111111154,4.050093593832571e-13
3,500,95,2,mvbcf,45.9362409721787,0.543841991428506,38.70727719783185,7.22896377434686,0.15736951089935905,0.18072409435867165,0.9481377777777779,0.0018622222222220985,4.973799150320701e-13
3,500,95,2,bcf,47.555910071800646,0.4694043068821897,41.950459872392706,5.605450199407948,0.1178707376421722,0.14013625498519883,0.960381111111111,0.010381111111111063,5.968558980384842e-13
3,500,95,2,bart,58.351200442402,0.32872100126758397,55.41455371656591,2.936646725836098,0.05032710044645677,0.07341616814590252,0.9799466666666666,0.029946666666666677,4.973799150320701e-13
3,500,95,2,mvbart,57.53293807719367,0.38681169698544343,54.35829705973915,3.1746410174545305,0.05517953929616839,0.07936602543636333,0.9784700000000001,0.028470000000000106,5.968558980384842e-13
3,500,50,1,mvbcf,25.31685263427834,0.23706012731347684,14.010407980422862,11.306444653855477,0.44659756160000924,2.8266111634638693,0.5118877777777777,0.01188777777777772,1.0658141036401503e-13
3,500,50,1,bcf,26.27193965664667,0.2483751043156789,15.185256687356475,11.0866829692902,0.4219971237062934,2.77167074232255,0.5353877777777778,0.035387777777777796,1.0658141036401503e-13
3,500,50,1,bart,29.232916245325242,0.2725005312743127,18.454347810947713,10.77856843437753,0.3687134168867321,2.6946421085943824,0.5765133333333333,0.07651333333333332,1.0302869668521453e-13
3,500,50,1,mvbart,29.066270968525085,0.2711110797710405,18.094953248683726,10.971317719841354,0.3774587298013507,2.7428294299603384,0.5670811111111111,0.06708111111111115,1.0658141036401503e-13
3,500,50,2,mvbcf,25.50024848325836,0.22711087534642288,12.808051845809489,12.69219663744887,0.497728351383778,3.1730491593622174,0.4617066666666666,0.0382933333333334,1.0658141036401503e-13
3,500,50,2,bcf,25.758067380675474,0.23035208072328917,14.017498899779211,11.740568480896263,0.4558016060515632,2.9351421202240657,0.5009155555555556,0.0009155555555555583,1.0658141036401503e-13
3,500,50,2,bart,28.626544346370707,0.24384851227311313,17.683432708080932,10.943111638289773,0.382271485719063,2.7357779095724433,0.5638522222222222,0.0638522222222222,1.0302869668521453e-13
3,500,50,2,mvbart,28.119206096477868,0.23140938694942037,16.934650116419224,11.184555980058647,0.3977550412228599,2.796138995014662,0.5461277777777778,0.04612777777777777,1.0658141036401503e-13
1,100,95,1,mvbcf,70.0568496368022,0.8463674699301992,66.10656110863694,3.9502885281652573,0.05638689933453838,0.09875721320413153,0.9802688888888889,0.0302688888888889,7.815970093361102e-13
1,100,95,1,bcf,79.33665873281839,1.6868013329006508,70.24432824507086,9.09233048774753,0.11460440397884311,0.22730826219368844,0.9647955555555556,0.014795555555555673,9.094947017729282e-13
1,100,95,1,bart,89.0867449774546,0.8127121633559278,86.65491823524358,2.4318267422110265,0.027297290330076093,0.06079566855527572,0.9901766666666667,0.04017666666666675,6.821210263296962e-13
1,100,95,1,mvbart,103.04676010448682,0.5896766721965051,101.48047681408646,1.5662832904003634,0.015199733488099883,0.03915708226000912,0.9936255555555554,0.04362555555555547,9.947598300641403e-13
1,100,95,2,mvbcf,70.14789565633536,1.0832454260575455,63.27111128564693,6.8767843706884415,0.09803265381443227,0.1719196092672112,0.968382222222222,0.018382222222222078,8.526512829121202e-13
1,100,95,2,bcf,81.62639145575363,1.8992208362922878,67.47836132542254,14.1480301303311,0.17332666406060807,0.35370075325827777,0.9468333333333333,0.003166666666666651,8.952838470577262e-13
1,100,95,2,bart,86.48802310348303,0.6240447458597291,83.59970958563683,2.8883135178462096,0.0333955317072092,0.0722078379461553,0.9868144444444444,0.03681444444444448,8.040859644786735e-13
1,100,95,2,mvbart,98.43481959056659,0.5370664735514825,96.43595133360292,1.998868256963667,0.020306516182767777,0.049971706424091725,0.9913888888888889,0.04138888888888892,8.877343304902752e-13
1,100,50,1,mvbcf,36.341443224572544,0.5305721039664422,22.575900317202656,13.765542907369882,0.3787836058767805,3.4413857268424706,0.5684066666666666,0.06840666666666662,4.263256414560601e-13
1,100,50,1,bcf,41.83260873142337,0.7229779972568515,23.934756075317345,17.89785265610601,0.4278445260494045,4.474463164026503,0.5300966666666667,0.03009666666666666,7.247535904753022e-13
1,100,50,1,bart,41.79919787577191,0.5514593352911411,28.64031088553416,13.15888699023775,0.31481194996483514,3.2897217475594376,0.6227255555555555,0.12272555555555553,7.105427357601002e-13
1,100,50,1,mvbart,45.8297282890937,0.5710409225087834,32.979078529896036,12.85064975919766,0.28039986792275584,3.212662439799415,0.6521244444444445,0.1521244444444445,5.115907697472721e-13
1,100,50,2,mvbcf,37.64125498165261,0.5507931823431773,21.61029689810111,16.030958083551504,0.42588798092320346,4.007739520887876,0.5291,0.029100000000000015,5.115907697472721e-13
1,100,50,2,bcf,44.23993937315432,0.7727136595886398,23.06058419248652,21.179355180667798,0.4787383409824439,5.2948387951669496,0.48779333333333336,0.012206666666666643,9.094947017729282e-13
1,100,50,2,bart,41.929497652484685,0.5627712646421748,27.62620194957426,14.303295702910422,0.3411272851742079,3.5758239257276054,0.5989466666666667,0.09894666666666674,6.110667527536862e-13
1,100,50,2,mvbart,45.15804004031031,0.5581275149515227,31.43395997049506,13.72408006981526,0.3039122171282116,3.431020017453815,0.6298611111111111,0.1298611111111111,9.947598300641403e-13
