dgp,n,level,outcome,model,mean_interval_score,mcse_interval_score,in_mcs_90
1,500,95,1,mvbcf,44.61046603952843,0.3901654748989171,1
1,500,95,1,bcf,47.38293273372794,0.3154735688599537,0
1,500,95,1,bart,58.000840357237436,0.30414599824352845,0
1,500,95,1,mvbart,57.665159359089216,0.2783428975313674,0
1,500,95,2,mvbcf,44.764931751761516,0.540033604508221,1
1,500,95,2,bcf,47.196858116960925,0.45580835177027323,0
1,500,95,2,bart,58.31070321153043,0.2902229071855223,0
1,500,95,2,mvbart,56.83011648709997,0.3200994022131842,0
1,500,50,1,mvbcf,24.246854865801588,0.2258253543880194,1
1,500,50,1,bcf,25.498587158452104,0.22389734536562061,0
1,500,50,1,bart,28.273938021660726,0.2465105989655003,0
1,500,50,1,mvbart,27.356458878759575,0.2351170303921629,0
1,500,50,2,mvbcf,24.668664327142434,0.22618805894077149,1
1,500,50,2,bcf,25.547825037666147,0.22820073136790692,0
1,500,50,2,bart,28.607788998008512,0.24168368138341403,0
1,500,50,2,mvbart,27.97639071332873,0.22400364820202281,0
2,500,95,1,mvbcf,651.7245902501605,7.053538693236615,0
2,500,95,1,bcf,650.0268776748937,7.015227526599455,0
2,500,95,1,bart,453.6754498846231,5.8921926131830515,1
2,500,95,1,mvbart,460.74639846443245,6.082343965645752,0
2,500,95,2,mvbcf,42.40631522276097,0.4962005392005548,1
2,500,95,2,bcf,44.25141582670596,0.47312463683149103,0
2,500,95,2,bart,52.64223441200124,0.2722461300387354,0
2,500,95,2,mvbart,51.84177875869301,0.29493959973515177,0
2,500,50,1,mvbcf,126.58802721848866,0.7362749638856522,0
2,500,50,1,bcf,130.07792305723478,0.743384465415959,0
2,500,50,1,bart,125.17386222836997,0.7414494496840749,1
2,500,50,1,mvbart,125.96171744640367,0.742934511405316,0
2,500,50,2,mvbcf,24.023796871851452,0.1752349448592704,1
2,500,50,2,bcf,24.73326665648256,0.18681665266172282,0
2,500,50,2,bart,26.74313670760787,0.1959921456784738,0
2,500,50,2,mvbart,26.561162536093065,0.19054625417257628,0
3,500,95,1,mvbcf,47.344171553835494,0.42658721854205106,1
3,500,95,1,bcf,50.09839269406496,0.38945870226167684,0
3,500,95,1,bart,60.84799560833355,0.3673465928023773,0
3,500,95,1,mvbart,61.307789340637505,0.38641851195384863,0
3,500,95,2,mvbcf,45.9362409721787,0.543841991428506,1
3,500,95,2,bcf,47.555910071800646,0.4694043068821897,0
3,500,95,2,bart,58.351200442402,0.32872100126758397,0
3,500,95,2,mvbart,57.53293807719367,0.38681169698544343,0
3,500,50,1,mvbcf,25.31685263427834,0.23706012731347684,1
3,500,50,1,bcf,26.27193965664667,0.2483751043156789,0
3,500,50,1,bart,29.232916245325242,0.2725005312743127,0
3,500,50,1,mvbart,29.066270968525085,0.2711110797710405,0
3,500,50,2,mvbcf,25.50024848325836,0.22711087534642288,1
3,500,50,2,bcf,25.758067380675474,0.23035208072328917,0
3,500,50,2,bart,28.626544346370707,0.24384851227311313,0
3,500,50,2,mvbart,28.119206096477868,0.23140938694942037,0
1,100,95,1,mvbcf,70.0568496368022,0.8463674699301992,1
1,100,95,1,bcf,79.33665873281839,1.6868013329006508,0
1,100,95,1,bart,89.0867449774546,0.8127121633559278,0
1,100,95,1,mvbart,103.04676010448682,0.5896766721965051,0
1,100,95,2,mvbcf,70.14789565633536,1.0832454260575455,1
1,100,95,2,bcf,81.62639145575363,1.8992208362922878,0
1,100,95,2,bart,86.48802310348303,0.6240447458597291,0
1,100,95,2,mvbart,98.43481959056659,0.5370664735514825,0
1,100,50,1,mvbcf,36.341443224572544,0.5305721039664422,1
1,100,50,1,bcf,41.83260873142337,0.7229779972568515,0
1,100,50,1,bart,41.79919787577191,0.5514593352911411,0
1,100,50,1,mvbart,45.8297282890937,0.5710409225087834,0
1,100,50,2,mvbcf,37.64125498165261,0.5507931823431773,1
1,100,50,2,bcf,44.23993937315432,0.7727136595886398,0
1,100,50,2,bart,41.929497652484685,0.5627712646421748,0
1,100,50,2,mvbart,45.15804004031031,0.5581275149515227,0
