dgp,n,outcome,model,mean_crps,p_mcs,in_mcs_95
1,500,1,mvbcf,5.369136902832144,1.0,1
1,500,1,bcf,5.655700428475487,0.0,0
1,500,1,bart,6.346730872508087,0.0,0
1,500,1,mvbart,6.159823439568856,0.0,0
1,500,2,mvbcf,5.453054642533145,1.0,1
1,500,2,bcf,5.662427299671437,0.0,0
1,500,2,bart,6.410239391509922,0.0,0
1,500,2,mvbart,6.268191029465937,0.0,0
2,500,1,mvbcf,29.256389061621043,0.0,0
2,500,1,bcf,30.01448178338309,0.0,0
2,500,1,bart,28.112515394195643,1.0,1
2,500,1,mvbart,28.25752682665392,0.0,0
2,500,2,mvbcf,5.294088009889458,1.0,1
2,500,2,bcf,5.467588534331421,0.0,0
2,500,2,bart,5.9635809616411555,0.0,0
2,500,2,mvbart,5.913435916147612,0.0,0
3,500,1,mvbcf,5.614921827988506,1.0,1
3,500,1,bcf,5.837157533095175,0.0,0
3,500,1,bart,6.582885464375684,0.0,0
3,500,1,mvbart,6.56322985397001,0.0,0
3,500,2,mvbcf,5.635606877397231,1.0,1
3,500,2,bcf,5.71206948626773,0.0010002000400080016,0
3,500,2,bart,6.407055152848152,0.0,0
3,500,2,mvbart,6.295452057560445,0.0,0
1,100,1,mvbcf,8.066735535515871,1.0,1
1,100,1,bcf,9.288486515328085,0.0,0
1,100,1,bart,9.358333285759626,0.0,0
1,100,1,mvbart,10.313198114510667,0.0,0
1,100,2,mvbcf,8.340828358809887,1.0,1
1,100,2,bcf,9.807447382345787,0.0,0
1,100,2,bart,9.377217233450462,0.0,0
1,100,2,mvbart,10.131798102032244,0.0,0
