dgp,n,benchmark,outcome,rho_confirmatory,sd_paired,sd_unpaired,J_power_paired,J_power_unpaired,J_precision_paired,J_precision_unpaired,J_paired,J_unpaired
1,500,bcf,1,0.8727688836159543,1.1297280441095048,4.240712497260704,8,55,8,108,8,108
1,500,bcf,2,0.886982521385911,1.3573653164984223,3.3900927769130482,8,29,9,56,9,56
1,500,bart,1,0.7480249762619995,1.7971543034289599,4.401498535738215,13,59,20,117,20,117
1,500,bart,2,0.7415789400410804,2.496302228692817,4.0072266529690355,19,40,30,78,30,78
1,500,mvbart,1,0.7792029748092556,1.6328450465326765,4.187538436067276,12,53,16,106,16,106
1,500,mvbart,2,0.7994122736474361,1.660923673578934,3.438684264395125,10,30,14,57,14,57
2,500,bcf,1,0.979806276521742,1.1911277892172323,7.741484357103134,8,176,9,360,9,360
2,500,bcf,2,0.9179779601299255,0.8113930448774228,2.9747566638437135,5,23,4,43,5,43
2,500,bart,1,0.9734559183904283,1.4649795427896983,7.6155077888229155,10,171,13,348,13,348
2,500,bart,2,0.76226888184668,1.7250987456176192,3.124211487487908,11,25,15,47,15,47
2,500,mvbart,1,0.979930396133305,1.3339872691748509,7.824808736850614,9,180,11,368,11,368
2,500,mvbart,2,0.7980995012022107,1.4999026807473481,3.136940162298797,9,25,11,48,11,48
3,500,bcf,1,0.8737536557271606,1.5462191093298407,3.772670803716695,11,44,15,86,15,86
3,500,bcf,2,0.8896308566084382,1.2038056442570038,3.338821619677233,7,28,7,54,7,54
3,500,bart,1,0.7424118514663076,2.37679043754103,4.345947613355775,20,57,34,114,34,114
3,500,bart,2,0.7437954206796203,2.2990858068716316,3.71290683119913,16,34,26,67,26,67
3,500,mvbart,1,0.7586279821108879,1.9756964318934573,4.167432531540413,15,53,24,105,24,105
3,500,mvbart,2,0.8023579270475079,2.069177148223292,3.5141482677142726,14,31,21,60,21,60
1,100,bcf,1,0.8844368014803871,3.982090763582485,10.93600123277385,50,350,96,718,96,718
1,100,bcf,2,0.8793756651052027,3.149309112828265,7.205798265380966,27,123,48,250,48,250
1,100,bart,1,0.92175800789822,2.369307449053925,9.761587184161016,20,279,34,572,34,572
1,100,bart,2,0.9386041330066129,2.3399865633248016,6.835067456351476,17,111,27,225,27,225
1,100,mvbart,1,0.884911872167839,3.827873580861354,10.675622821954535,47,333,88,684,88,684
1,100,mvbart,2,0.911491835161158,2.6055823634388946,6.765235669805249,20,109,33,220,33,220
