dgp,n,J,block,contrast,outcome,estimate,mcse,target_mcse,target_over_mcse,delta,rejected,mcs_retains_mvbcf_alone
1,500,100,planned,C1,1,-0.6539580393560362,0.1300395607281528,0.4082482904638631,3.1394160990539226,2.041241452319315,1,1
1,500,100,planned,C2,2,-0.3607785860908351,0.12169774302974903,0.45643546458763845,3.750566388696812,2.282177322938192,1,1
1,500,100,planned,C3,1,-1.7847413745993257,0.2252159801130064,0.4082482904638631,1.812696817779168,2.041241452319315,1,1
1,500,100,planned,C4,2,-1.7855406783790642,0.19284446698976773,0.45643546458763845,2.3668579747836724,2.282177322938192,1,1
1,500,100,planned,C5,1,-1.197976091185665,0.16448052899337415,0.4082482904638631,2.482046312486682,2.041241452319315,1,1
1,500,100,planned,C6,2,-1.3310550800951768,0.14522830747480292,0.45643546458763845,3.1428822143839272,2.282177322938192,1,1
1,500,900,full,C1,1,-0.5041595600076312,0.040533574542743776,0.4082482904638631,10.071855124283548,2.041241452319315,1,1
1,500,900,full,C2,2,-0.36910286340920984,0.0383759188572146,0.45643546458763845,11.893798980707128,2.282177322938192,1,1
1,500,900,full,C3,1,-1.578039502620935,0.06479644584012939,0.4082482904638631,6.300473508548966,2.041241452319315,1,1
1,500,900,full,C4,2,-1.5443974896239054,0.0641136341731856,0.45643546458763845,7.11916381708611,2.282177322938192,1,1
1,500,900,full,C5,1,-1.1911762183325896,0.058429434981911714,0.4082482904638631,6.98703128979848,2.041241452319315,1,1
1,500,900,full,C6,2,-1.3242446892398634,0.05268004492946184,0.45643546458763845,8.664295279147955,2.282177322938192,1,1
2,500,75,planned,C1,1,-1.4978878547518655,0.13065507527398842,0.4082482904638631,3.1246263461848045,2.041241452319315,1,1
2,500,75,planned,C2,2,-0.2908555729906046,0.08124276786370942,0.45643546458763845,5.618167334640073,2.282177322938192,1,1
2,500,75,planned,C3,1,-1.3740143534146028,0.15310430902218586,0.4082482904638631,2.666471590977267,2.041241452319315,1,1
2,500,75,planned,C4,2,-1.0012990140082114,0.1607342501790547,0.45643546458763845,2.8396901349847874,2.282177322938192,1,1
2,500,75,planned,C5,1,-1.5200670911009373,0.13482500936501324,0.4082482904638631,3.0279863683050667,2.041241452319315,1,1
2,500,75,planned,C6,2,-1.0233323913135297,0.13689627947662844,0.45643546458763845,3.3341699740317865,2.282177322938192,1,1
2,500,900,full,C1,1,-1.3480014910479454,0.03620347949723537,0.4082482904638631,11.276493202677893,2.041241452319315,1,1
2,500,900,full,C2,2,-0.3259414644968642,0.02624687892439765,0.45643546458763845,17.390085346999534,2.282177322938192,1,1
2,500,900,full,C3,1,-1.438066983006294,0.041536300262757904,0.4082482904638631,9.828710980065427,2.041241452319315,1,1
2,500,900,full,C4,2,-1.117761805637822,0.051120714532164734,0.45643546458763845,8.92858147161564,2.282177322938192,1,1
2,500,900,full,C5,1,-1.4359519860175776,0.036001362212611195,0.4082482904638631,11.339801201212731,2.041241452319315,1,1
2,500,900,full,C6,2,-1.0536398239597624,0.045445108295880006,0.45643546458763845,10.043665461547999,2.282177322938192,1,1
3,500,75,planned,C1,1,-0.33172965226939755,0.13396961532885976,0.4082482904638631,3.0473200170182033,2.041241452319315,0,1
3,500,75,planned,C2,2,-0.08826155263400583,0.11241159845995614,0.45643546458763845,4.060394753217857,2.282177322938192,0,0
3,500,75,planned,C3,1,-1.5075386729902667,0.23040865059048252,0.4082482904638631,1.771844457304966,2.041241452319315,1,1
3,500,75,planned,C4,2,-1.2750493134005902,0.22930254436904923,0.45643546458763845,1.9905381592845819,2.282177322938192,1,0
3,500,75,planned,C5,1,-1.839337789633668,0.26849714967256727,0.4082482904638631,1.52049394551012,2.041241452319315,1,1
3,500,75,planned,C6,2,-1.1098301788802458,0.20561668892349447,0.45643546458763845,2.219836662954281,2.282177322938192,1,0
3,500,900,full,C1,1,-0.34323057199601703,0.04455300740459502,0.4082482904638631,9.163203883331072,2.041241452319315,1,1
3,500,900,full,C2,2,-0.12891526224582084,0.03792524488125653,0.45643546458763845,12.035135594159833,2.282177322938192,1,1
3,500,900,full,C3,1,-1.5391292646298604,0.07265283269887066,0.4082482904638631,5.619165492912832,2.041241452319315,1,1
3,500,900,full,C4,2,-1.2122728665386118,0.06431957697196695,0.45643546458763845,7.096369193885888,2.282177322938192,1,1
3,500,900,full,C5,1,-1.5101996468943917,0.07020391350617167,0.4082482904638631,5.815178528871809,2.041241452319315,1,1
3,500,900,full,C6,2,-1.020219732527871,0.053500976240203654,0.45643546458763845,8.531348335372002,2.282177322938192,1,1
1,100,96,planned,C1,1,-1.9422398003791599,0.3232910098041836,0.4082482904638631,1.2627888746771456,2.041241452319315,1,1
1,100,96,planned,C2,2,-2.4266424698937636,0.3714001221140371,0.45643546458763845,1.2289588436039651,2.282177322938192,1,1
1,100,96,planned,C3,1,-1.8898046517715048,0.2213228729380433,0.4082482904638631,1.8445824647240472,2.041241452319315,1,1
1,100,96,planned,C4,2,-1.6564808419997359,0.2606163136930727,0.45643546458763845,1.7513695060746717,2.282177322938192,1,1
1,100,96,planned,C5,1,-3.316207944930502,0.28252511730991325,0.4082482904638631,1.4449982159145127,2.041241452319315,1,1
1,100,96,planned,C6,2,-2.8503675237495933,0.2935729673918956,0.45643546458763845,1.5547598562722396,2.282177322938192,1,1
1,100,900,full,C1,1,-1.8031244805163709,0.11099431733476083,0.4082482904638631,3.6781008277439917,2.041241452319315,1,1
1,100,900,full,C2,2,-2.093769537735536,0.1184120822880435,0.45643546458763845,3.854635910188081,2.282177322938192,1,1
1,100,900,full,C3,1,-1.8808123815174975,0.07931243075187377,0.4082482904638631,5.147343065818445,2.041241452319315,1,1
1,100,900,full,C4,2,-1.4470969109359173,0.06969072120316364,0.45643546458763845,6.549443838542431,2.282177322938192,1,1
1,100,900,full,C5,1,-3.182641471402285,0.10406604528025451,0.4082482904638631,3.9229730443242286,2.041241452319315,1,1
1,100,900,full,C6,2,-2.437429064419084,0.08680630993378233,0.45643546458763845,5.258090856941356,2.282177322938192,1,1
