dgp,n,contrast,label,J_low,J_high,estimate_low,estimate_high,estimate_change_high_minus_low,sd_low,sd_high,mcse_low,mcse_high,mcse_low_over_high,mcse_reduction_pct,ci95_halfwidth_low,ci95_halfwidth_high,ci95_halfwidth_reduction_pct,expected_mcse_low_over_high,expected_mcse_reduction_pct
1,500,C1,"MVBCF vs BCF, PEHE Y1",500,1000,-0.5226072499670122,-0.5004723383517713,0.02213491161524095,1.1818646400210413,1.200806123966623,0.05285459350580733,0.03797282380013033,1.3919057951551637,28.156057437168414,0.103593099688887,0.07442536703954085,28.156057437168403,1.4142135623730951,29.289321881345252
1,500,C2,"MVBCF vs BCF, PEHE Y2",500,1000,-0.414708179401556,-0.3709699945565542,0.043738184845001804,1.2040211778673322,1.1632958169659977,0.0538454640012144,0.036786643741588985,1.4637232028955018,31.681072075524654,0.10553517017322822,0.07210049684562019,31.681072075524664,1.4142135623730951,29.289321881345252
1,500,C3,"MVBCF vs BART, PEHE Y1",500,1000,-1.5473309116351195,-1.5298331685964968,0.017497743038622726,1.9599496898927955,1.9242386034101226,0.08765161478159846,0.060849767483974325,1.4404593214704196,30.577699411934734,0.1717940081587116,0.11926335273622614,30.577699411934734,1.4142135623730951,29.289321881345252
1,500,C4,"MVBCF vs BART, PEHE Y2",500,1000,-1.8029084722649822,-1.5717816358004906,0.23112683646449161,2.0011116342490936,1.9694302129941992,0.08949243289493339,0.062278851658122095,1.436963439631152,30.408807042670073,0.17540194536293705,0.12206430624843194,30.408807042670073,1.4142135623730951,29.289321881345252
1,500,C5,"MVBCF vs MVBART, PEHE Y1",500,1000,-1.1567929055551258,-1.1703217842066178,-0.013528878651491993,1.6558964557466374,1.732383797031042,0.07405394077500907,0.05478278580188936,1.3517739138496874,26.023132289028883,0.14514305683227996,0.10737228714447537,26.023132289028883,1.4142135623730951,29.289321881345252
1,500,C6,"MVBCF vs MVBART, PEHE Y2",500,1000,-1.321335535805743,-1.3143235370234916,0.00701199878225145,1.4866874723352292,1.5775921577939296,0.0664866849887782,0.04988784437448573,1.3327231477410089,24.96566134571767,0.13031150802946512,0.09777837824033117,24.96566134571767,1.4142135623730951,29.289321881345252
2,500,C1,"MVBCF vs BCF, PEHE Y1",500,1000,-1.3763163162675773,-1.3505190686596487,0.025797247607928675,1.1038419843159353,1.088652732751728,0.049365314266973756,0.03442622216462046,1.4339451488727704,30.262325529947663,0.09675423804876986,0.06747415556643065,30.262325529947653,1.4142135623730951,29.289321881345252
2,500,C2,"MVBCF vs BCF, PEHE Y2",500,1000,-0.4018737308722664,-0.3346873702793434,0.06718636059292299,0.7622248879257569,0.7848394275153668,0.03408773327088302,0.024818801884511847,1.37346409506397,27.191398479665075,0.06681072952553846,0.048643957833078046,27.191398479665086,1.4142135623730951,29.289321881345252
2,500,C3,"MVBCF vs BART, PEHE Y1",500,1000,-1.4662981736262959,-1.4441555670420807,0.022142606584215185,1.2925744721453856,1.2587918957638888,0.05780568771395981,0.03980649490775149,1.4521672367265712,31.137407957628362,0.11329706602093072,0.07801929636996999,31.137407957628348,1.4142135623730951,29.289321881345252
2,500,C4,"MVBCF vs BART, PEHE Y2",500,1000,-1.2623827843972095,-1.1370265203452967,0.1253562640519128,1.5646672532645234,1.542428934565084,0.06997404680934707,0.0487758856217248,1.4346033068886115,30.29431932867808,0.13714661159884015,0.09559897913262567,30.294319328678064,1.4142135623730951,29.289321881345252
2,500,C5,"MVBCF vs MVBART, PEHE Y1",500,1000,-1.4635553449658336,-1.44524775050167,0.018307594464163524,1.1434261516535746,1.0979452782975387,0.051135572046967524,0.03472007825647661,1.4727954144927309,32.10190701575303,0.10022387954090947,0.0680501029231064,32.101907015753014,1.4142135623730951,29.289321881345252
2,500,C6,"MVBCF vs MVBART, PEHE Y2",500,1000,-1.1430427206527864,-1.0590295727192158,0.08401314793357062,1.361901408319946,1.3670650233615969,0.06090608255312194,0.04323039183373942,1.4088718600414678,29.021224118241197,0.11937372824354234,0.08473001103168372,29.021224118241207,1.4142135623730951,29.289321881345252
3,500,C1,"MVBCF vs BCF, PEHE Y1",500,1000,-0.38097586463698996,-0.3349318771968154,0.04604398744017457,1.3039646937565494,1.347771273915583,0.0583150739099868,0.04262026990519926,1.368247409969427,26.913802817112987,0.11429544461936549,0.08353419402556689,26.913802817112987,1.4142135623730951,29.289321881345252
3,500,C2,"MVBCF vs BCF, PEHE Y2",500,1000,-0.19663856713360028,-0.12282183158074181,0.07381673555285848,1.1282681517762319,1.1364229702293813,0.050457685684394085,0.03593684971258568,1.4040653559770147,28.778244136352683,0.09889524668465467,0.07043493115449652,28.778244136352683,1.4142135623730951,29.289321881345252
3,500,C3,"MVBCF vs BART, PEHE Y1",500,1000,-1.6015618836170884,-1.5324827135922532,0.06907917002483521,2.2578577953745635,2.1834491211046485,0.10097447027970669,0.06904672377783512,1.4624078414582327,31.61962267633528,0.19790632510623518,0.13532909185504222,31.61962267633528,1.4142135623730951,29.289321881345252
3,500,C4,"MVBCF vs BART, PEHE Y2",500,1000,-1.3699128440415416,-1.2159267370958868,0.15398610694565473,2.0126025209449407,1.952197775051481,0.09000632097040663,0.06173391412275713,1.4579720442062067,31.41157925668937,0.1764091474829492,0.12099624830529258,31.411579256689357,1.4142135623730951,29.289321881345252
3,500,C5,"MVBCF vs MVBART, PEHE Y1",500,1000,-1.650002541113889,-1.5048189493211939,0.14518359179269513,2.197956589852096,2.081328500503457,0.09829560693005822,0.06581738620613833,1.4934595947368519,33.04137564055086,0.19265584942141986,0.12899970652059448,33.041375640550875,1.4142135623730951,29.289321881345252
3,500,C6,"MVBCF vs MVBART, PEHE Y2",500,1000,-1.0637464599028772,-1.0308755649253891,0.032870894977488074,1.6500949913292677,1.6407795006225032,0.07379449139888337,0.051886003600807716,1.422242729785699,29.688513848077235,0.1446345453992622,0.10169469835929869,29.688513848077235,1.4142135623730951,29.289321881345252
1,100,C1,"MVBCF vs BCF, PEHE Y1",500,1000,-1.7512894862905573,-1.8235796303706386,-0.07229014408008139,3.3551709768437075,3.370856644681556,0.15004780760713804,0.10659584663106625,1.407632776973584,28.95874432890061,0.2940882988691857,0.2089240202984451,28.95874432890061,1.4142135623730951,29.289321881345252
1,100,C2,"MVBCF vs BCF, PEHE Y2",500,1000,-1.9986219274367913,-2.0254287113053815,-0.026806783868590145,3.416422605818614,3.501707962277895,0.15278706372954778,0.11073372861545125,1.3797698825814542,27.52414640845261,0.29945714221353964,0.21703411996011684,27.52414640845261,1.4142135623730951,29.289321881345252
1,100,C3,"MVBCF vs BART, PEHE Y1",500,1000,-1.7902928730741974,-1.8210806003484068,-0.03078772727420942,2.4660276616130665,2.3697580611270643,0.11028410971523331,0.07493832976706048,1.4716649017671226,32.04974863508427,0.21615288310892117,0.1468764274050244,32.04974863508427,1.4142135623730951,29.289321881345252
1,100,C4,"MVBCF vs BART, PEHE Y2",500,1000,-1.468997586006969,-1.4450553217220954,0.02394226428487367,2.1805235705990285,2.1001148561567784,0.09751597860799978,0.0664114629341231,1.468360645883239,31.896840002921323,0.19112780598885792,0.13016407551149803,31.896840002921323,1.4142135623730951,29.289321881345252
1,100,C5,"MVBCF vs MVBART, PEHE Y1",500,1000,-3.0409802417205776,-3.1588440482725755,-0.11786380655199791,3.162543064197866,3.170543683829173,0.14143322546633819,0.10026139461960952,1.4106449047804899,29.110437601189943,0.27720402813135603,0.1965087224941926,29.110437601189954,1.4142135623730951,29.289321881345252
1,100,C6,"MVBCF vs MVBART, PEHE Y2",500,1000,-2.4383617931524424,-2.4205039242635973,0.017857868888845108,2.583101486422046,2.587817305391438,0.11551981032840888,0.08183396853436478,1.4116364194154694,29.160229486422562,0.22641466774457958,0.160391631039339,29.160229486422562,1.4142135623730951,29.289321881345252
