Unnamed: 0,mvbcf_pehe1,mvbcf_pehe2,bcf_pehe1,bcf_pehe2,wsbcf_pehe1,wsbcf_pehe2,bart_pehe1,bart_pehe2,mvbart_pehe1,mvbart_pehe2,mvbcf_tau_951,mvbcf_tau_952,bcf_tau_951,bcf_tau_952,wsbcf_tau_951,wsbcf_tau_952,bart_tau_951,bart_tau_952,mvbart_tau_951,mvbart_tau_952
0,10.2256821048745,7.0929533698116,12.0571595533019,7.87813046072047,11.5931466756097,7.33110079273817,11.0868797444893,7.11107415238711,8.71465567702892,6.41877293539082,0.983,0.997,0.607,1.0,0.979,1.0,0.997,1.0,0.999,1.0
1,13.579562567516,8.19726608854166,20.5878147815717,9.16700936341204,16.3654704899119,7.65626851357472,19.1467741071176,8.37618112945361,15.793265379537,9.49410390751951,0.941,1.0,0.923,0.834,0.981,1.0,0.968,1.0,0.967,0.997
2,9.68778415191659,11.2259235148138,10.5988886181701,19.063412578398,9.89958897545009,14.65353298372,13.4130377048577,11.6037633539205,11.2605712729045,12.5299296661106,0.992,0.917,0.928,0.524,0.997,0.873,0.964,0.997,0.997,0.983
3,7.25109267169504,7.56352139043669,16.5416742217705,8.71910943309638,10.5195249369581,8.39997146746077,13.4492497206108,6.84659633780385,11.2546708037963,9.4781367351725,1.0,0.998,0.953,0.97,0.995,1.0,0.991,1.0,0.984,1.0
4,6.73547770115229,11.6198012765728,7.53380049620375,11.5132000724479,6.83900505647243,13.849527311585,13.3322718198636,11.1949292057837,7.86886911094503,12.5891627954787,1.0,0.9,1.0,0.847,1.0,0.919,0.972,0.969,1.0,0.995
5,7.59953345062148,4.0429519332417,10.0706676684812,7.25286659448441,8.68965470836797,9.28665042980102,10.2067783233212,5.83264723463915,6.24142590359675,5.44980458555029,0.999,1.0,0.927,1.0,0.998,1.0,0.998,1.0,1.0,1.0
6,7.40762790016711,11.1508772046443,8.25821838653349,11.6853171354458,8.44531405872087,15.1249817675478,8.75649854311911,13.2830752078152,8.18800754701544,11.981026299655,0.999,0.908,0.946,0.773,0.994,0.745,1.0,0.858,1.0,0.915
7,10.7598639237745,8.509580148292,12.6125993187189,11.2645437902273,9.86699727941328,9.52437845002097,13.3013420065438,8.1936464039733,13.1037359802285,9.0294617919911,0.961,1.0,0.842,1.0,0.971,1.0,0.967,1.0,0.977,1.0
8,8.04103199273954,8.68054009651717,8.20858664407302,9.25154154796425,7.81782468390386,10.0600885097015,7.37385494850719,10.5370299712862,10.4547390550522,12.3300703196829,1.0,0.99,0.847,0.795,1.0,0.962,1.0,0.994,1.0,0.948
9,7.9118607517103,9.76667919921704,8.3841236321006,10.3371513027352,7.79630756609764,9.03699952709327,8.12274873193748,10.3664119388238,7.41093763071421,8.54306075503009,0.998,0.933,0.985,0.874,1.0,0.999,1.0,0.987,1.0,0.998
10,11.7250489708572,6.9272015182926,14.0175389012189,6.01534541190864,14.9468708147782,10.6047306408809,12.1069984506597,5.43883049769413,15.1644457431446,9.54861796121444,0.919,1.0,0.815,1.0,0.895,0.998,0.998,1.0,0.957,0.998
11,7.70862802373342,9.38099563149396,8.74599748413421,16.1304514365323,7.26071679439888,10.8025616309385,8.62056041459047,9.5634528010093,8.04732934198041,9.08749139907427,1.0,0.976,0.859,0.861,1.0,0.95,0.997,0.993,1.0,1.0
12,8.20456405120977,7.81538128029249,12.1476873700278,8.69838016124119,11.5392710521357,9.23130931186294,9.26698542408655,12.2005895194718,8.37990202445902,12.5348355795137,0.991,1.0,0.933,0.98,0.943,0.998,0.998,1.0,1.0,0.997
13,8.65052108873893,8.75543809266845,7.90451957999773,9.82195979057698,9.16729350013725,9.38107778776256,7.39490716786759,10.3480414072687,8.2417955911016,10.756751340811,0.981,0.991,0.999,0.939,0.993,0.995,0.999,0.996,1.0,0.991
14,11.1382261865154,11.831744337791,8.71858334036723,13.8897360202478,11.1274791663458,14.4431509181265,9.43198202245234,14.6693154888544,11.8703402501347,12.5485548605137,0.914,0.836,0.999,0.828,0.998,0.87,1.0,0.887,0.976,0.954
15,14.846636468229,10.2885613938466,16.6604015925004,10.7944665808174,16.4266961115794,11.0013324131038,15.8780857684596,10.9247079417509,16.1034666549409,12.4509530740349,0.815,0.934,0.627,0.705,0.744,0.979,0.89,0.985,0.885,0.956
16,7.80054591311695,7.27905061636851,10.8670716676224,9.56830370355744,11.9286075356426,6.14142084110027,10.0626247221964,5.94459583361889,8.29990487655463,6.71125861980906,0.999,1.0,0.983,0.936,0.955,1.0,0.998,1.0,1.0,1.0
17,10.2018426994591,8.65583541684484,11.5595956952513,9.7025071431702,9.46689520367363,9.55069222497356,10.7340635781376,9.86599459726907,10.5253854739642,10.2653693682384,0.934,0.992,0.933,0.996,1.0,0.998,0.951,0.999,0.985,0.997
18,7.05013743326386,9.08121653220698,8.06747974441823,9.58176329147666,7.90311459282892,9.97785674023842,9.94162097123115,10.5114755018789,7.94864463084482,10.0955678946563,1.0,0.982,0.933,0.866,1.0,0.995,1.0,0.994,1.0,0.992
19,7.38652180846556,6.91116622635638,7.8326915721022,9.79852492167044,8.04278443499457,8.08758791702781,8.41650205391541,9.32536937734041,8.51810084986669,9.34417299139817,1.0,1.0,0.996,0.912,1.0,0.999,1.0,1.0,1.0,0.998
20,7.25570453586369,10.9538646617394,6.78279655234963,15.1416181594915,6.65721113623547,13.6602543314901,7.27520634857674,14.9139235210907,8.52985835628557,10.4232229186693,1.0,0.967,1.0,0.85,1.0,0.949,1.0,0.979,1.0,0.984
21,7.56144952050385,7.18637826610402,8.31251141686151,9.14008362640264,9.66310493314808,8.46827812638421,9.72014259363305,11.3750232101361,8.79194552450768,9.15464314441944,0.995,0.999,0.986,0.965,0.995,1.0,0.999,1.0,0.998,0.998
22,10.8253143113247,8.16551737076387,14.2301073072207,9.275185395495,15.2902427811011,10.852592747367,12.726096258599,8.23100278152215,10.6784723695934,7.9208757340676,0.978,0.99,0.811,0.991,0.868,0.995,0.992,0.999,0.998,1.0
23,8.46015405913045,10.0580257201741,10.1071686103273,15.6211612982119,11.0025643720142,13.4506996890899,7.9569330420356,12.149653236792,10.0563012677132,11.2447905809066,0.996,0.859,0.907,0.629,0.988,0.889,1.0,0.916,0.993,0.892
24,11.8200712071743,12.4782581607061,14.7699920967233,14.3219941142139,12.009761116139,11.4898411348655,14.72819831965,12.4761979309647,14.8047785317827,12.908367660848,0.958,0.908,0.394,0.541,0.99,0.982,0.974,0.997,0.931,0.967
25,12.9081778110605,10.2706296391696,13.674923871299,10.1950346990275,15.3433399108978,9.13229800367304,14.2365906065748,9.971810274752,12.7080568479469,12.1761177309147,0.836,0.979,0.734,0.742,0.783,0.992,0.947,1.0,0.97,0.996
26,8.44390313000067,12.1445096381019,10.4499145556212,11.2039130630867,9.15364184209816,10.1188443405179,10.4670469108568,11.7245702311655,11.178901793395,9.67976293738093,0.989,0.834,0.966,0.786,0.982,0.989,0.998,0.995,0.991,0.99
27,7.32331213432728,8.32522045257419,11.0579148816514,9.60496884300398,9.10407137722055,10.2286948013133,8.34840060594697,10.133881892342,7.57876827324925,10.8091017438495,0.999,0.999,0.932,0.953,0.991,0.997,1.0,1.0,1.0,0.997
28,8.91115497063753,5.85576386309245,10.2032106980336,12.9003643690007,11.883045162493,10.7064742250133,9.82466635151475,12.8256921778165,9.31806922370678,15.9573358953786,0.998,1.0,0.986,0.785,0.97,0.993,0.998,1.0,0.99,0.963
29,10.1053175203049,5.86247365485289,11.9595701876375,8.70551553882884,12.093510710776,8.2492331750667,10.6716151790218,7.38006325368625,11.2115550095258,7.01566253460655,0.977,0.999,0.902,0.988,0.952,1.0,0.991,1.0,0.988,0.999
30,8.47308947551377,9.80820537943649,13.2409036458125,10.0598614107909,14.08457542998,8.50583838535457,10.8535734158851,8.83236903495961,9.36061895612321,10.1186422388308,0.958,0.975,0.624,0.823,0.891,0.999,0.996,1.0,0.997,1.0
31,12.0005170907865,7.86046513527222,11.5346700435934,8.44346941680144,12.8557237097513,7.85348456836815,17.0371744382365,7.31166864593594,12.4868057068957,6.1070457309298,0.914,1.0,0.889,0.991,0.94,0.999,0.921,1.0,0.972,1.0
32,5.52776068798671,10.0104795482253,6.93916482145037,11.3132171040672,7.1406401856326,12.4546045340071,5.93105234213184,10.4008598627137,5.08094963994851,9.17940110347755,1.0,0.986,1.0,0.958,1.0,0.926,1.0,0.992,1.0,1.0
33,6.73420753246236,12.0789115649035,8.14415946821524,14.7092412981479,8.63721256785481,12.7115818303052,9.55080512714144,14.7465546035793,7.92660468123203,12.6098731631397,1.0,0.987,0.914,0.78,0.997,1.0,0.998,0.851,0.999,0.992
34,9.40392193720838,9.15434307928938,10.6863746707048,9.0491765182677,9.31876070449733,8.58179582156163,11.6525456638834,9.744514327622,11.3182121156795,10.1863225533148,0.997,0.982,0.996,0.914,1.0,0.998,0.988,0.999,0.997,0.997
35,5.95044696217732,6.24110155185861,7.98548827123839,9.74285642914845,8.52081392713272,9.32378239036665,6.37975990304508,9.10064940588806,6.13579409701256,7.46368431441335,1.0,1.0,1.0,0.956,1.0,0.996,1.0,0.999,1.0,1.0
36,10.6273313915779,7.9079816622936,11.9565136597488,10.0940375668328,11.4300376977241,8.98376718028023,14.7674687954733,7.72800069639971,10.4581711333889,8.71594466438111,0.939,0.999,0.963,0.926,0.969,0.997,0.946,1.0,0.971,0.998
37,8.74050820632867,8.51236184667421,10.7769707811672,10.8118892349961,10.057458109479,9.69644423536863,11.1340773312582,13.7549267473017,11.0781572922439,13.7327234181107,0.998,0.997,0.75,0.993,0.996,0.991,0.984,0.958,0.978,0.94
38,7.74989155817312,10.6344637683977,10.4573813473882,11.8524052893138,10.5101611117898,13.9661809565185,9.67806037910794,12.1120062197877,8.43285005685817,10.489917298133,0.995,0.954,0.955,0.591,0.998,0.856,0.999,0.943,1.0,0.984
39,9.05838229982627,6.9433973162795,9.6680656609727,10.1993488933596,8.41600245548542,8.28609807443812,9.21730420974826,8.13767300323983,9.76981941383076,8.52027740415891,0.999,1.0,0.944,0.708,0.99,1.0,1.0,1.0,0.999,1.0
40,10.6400478999749,9.63825487297306,10.6162565034562,10.8189806822726,14.2239422216027,11.3147066879413,15.6161399160748,14.1613035862827,14.7574692730575,11.7046806284852,0.921,0.949,0.82,0.939,0.874,0.927,0.92,0.969,0.911,0.989
41,12.7275036320489,8.18184185869808,14.6166635356292,8.66618991404735,16.1716588039492,9.10351036930339,14.7329597865349,11.7907278628792,14.5351318599786,10.7362658023387,0.917,1.0,0.669,0.889,0.769,0.985,0.867,0.998,0.953,0.995
42,11.7960851029241,9.08471609681118,17.5305760916816,11.4854599127548,12.4564345071429,8.80885093546425,16.0132007579448,10.4355618187062,18.1745632204738,10.0282853185585,0.907,0.997,0.634,0.669,0.986,0.995,0.918,0.998,0.821,0.997
43,9.56654474042784,9.88104245615609,11.8799277969772,11.5902201813617,12.2100431257115,12.5999188481759,11.3991164607728,8.72867677720917,11.7083433177112,9.80264861993099,0.947,0.907,0.939,0.861,0.867,0.933,0.966,1.0,0.95,0.992
44,7.28114716395139,9.84858859234367,9.02067083644599,11.8587761400402,9.31788579776221,10.4797004430519,8.65535525777691,10.8818993991142,8.36988285128141,11.58398546681,1.0,0.921,1.0,0.659,0.999,0.976,1.0,0.971,0.999,0.945
45,8.10966217331891,12.0988907599929,10.0989586267349,13.097078245725,10.1001837228955,11.7021893756737,12.0885730972295,12.9157135382543,11.4944559790839,14.8380494424581,0.993,0.974,0.761,0.989,0.981,0.992,0.975,1.0,0.963,0.964
46,6.86319171117933,6.9249398833799,11.3264888513042,8.41794137364236,9.18924713452243,8.23434630278919,10.6363864272145,8.80269939460031,8.35741252334589,8.64797880411034,1.0,1.0,0.876,0.993,0.998,1.0,0.995,1.0,1.0,1.0
47,10.570327002489,9.95015375915514,11.2088849970737,12.2524642133651,9.07536212210785,11.5589259197192,11.1873817212169,11.284123564602,12.1013186534652,11.4548551123113,0.928,0.935,0.718,0.801,0.988,0.937,0.924,0.943,0.874,0.9
48,9.46228742230117,10.1763089438932,16.8902531721459,11.116928381872,18.1445477350313,8.48131199154463,14.8521043776143,9.70349190572824,13.6633287481947,11.2296825690706,0.975,0.929,0.858,0.694,0.752,1.0,0.972,0.997,0.975,0.964
49,8.54843373339071,12.9376384342742,8.3641633383092,12.4483901970982,8.2287280040971,14.2418495664471,7.65781603824422,14.6723934472863,8.53299950203159,14.1469694817098,0.985,0.852,0.813,0.904,1.0,0.929,0.998,0.887,0.995,0.941
50,4.04543154224359,10.0036610165842,7.92478435141888,16.7290100925457,6.64786045003054,9.67080577945039,7.03589237776805,15.9211211753458,8.89201591107076,11.9283710077867,1.0,1.0,0.999,0.934,1.0,1.0,1.0,0.943,1.0,0.998
51,11.5967378297839,15.1378865274289,13.2592833413842,14.2467330277474,11.1534778239936,11.8252029156858,14.364150003499,15.02799715267,13.8635395296563,15.9690749148198,0.898,0.785,0.692,0.534,0.994,0.985,0.929,0.948,0.95,0.921
52,11.6942928555592,10.0736472964168,12.993860016337,10.7786254751448,12.0364525079043,9.57761709614866,11.0692118827675,8.95228338327059,12.4853719367416,10.3254513979342,0.835,0.928,0.748,0.945,0.973,0.993,0.989,1.0,0.963,0.991
53,9.32454622214546,7.17756755462877,17.8517087566277,9.72681973009803,18.2973978443844,8.53441734811594,11.2216753395084,9.28121984204982,14.6474921894072,8.3058386476805,0.992,0.998,0.51,0.69,0.694,1.0,1.0,1.0,0.949,1.0
54,10.506445668941,8.2888203215956,13.244841197312,10.3519097648069,13.4294402663885,10.3438487264409,12.9226790777085,11.3347449382679,12.6284185043743,10.7824079884779,0.966,0.999,0.926,0.81,0.975,0.974,0.984,0.998,0.99,0.998
55,10.9189269688031,8.85990664415005,9.26584134369055,11.4462277434853,9.96547814352897,8.96004934844625,13.047720688081,11.525790107139,13.921960269726,13.3831798768907,0.871,0.959,0.74,0.988,0.964,1.0,0.944,0.994,0.933,0.951
56,10.2639106283077,8.75550480919796,13.3143520040647,10.1256649264793,11.4870992684982,9.2004327952141,9.93183270607068,9.72999379416784,8.68657749878082,10.168028411852,0.984,0.995,0.806,0.963,0.952,1.0,0.999,1.0,1.0,0.999
57,6.96845227451905,9.63991134381791,11.6032584565287,9.93226385694481,8.75962857616965,11.4175728355144,7.74774236172069,9.87057364762336,7.7453891707119,9.45231459324941,0.999,0.915,0.848,0.824,0.979,0.908,1.0,0.999,1.0,0.998
58,7.95892543001712,4.84200581735747,9.44129280440755,6.58358433740994,8.10250655205476,7.0981813721003,8.09444598155833,7.45903943832257,8.63862487728068,6.78854474340576,1.0,1.0,0.967,1.0,1.0,1.0,1.0,1.0,0.999,1.0
59,10.1136324356467,8.96511361179638,10.1159127958451,10.9020781624576,10.5985014859237,8.94883173491638,11.9118326415969,10.4560622570236,13.1551618798909,10.392057366427,0.978,0.948,0.971,0.772,0.992,0.996,0.988,0.98,0.978,0.996
60,10.7006188354118,6.269159778004,15.1139807348476,9.87301482669168,15.2859121789641,9.07142713965529,14.0216472995925,9.23519745189886,15.5653895040828,6.3235702132174,0.998,1.0,0.607,0.878,0.997,1.0,1.0,1.0,0.979,1.0
61,7.32782092823042,6.66250628469531,9.4370807081952,9.31566986199153,8.84066243444191,8.66376331923805,11.0266949212647,7.80924229045001,10.9549070373395,8.21013897667968,0.999,1.0,0.977,0.982,1.0,1.0,0.977,1.0,0.995,1.0
62,8.14789698583353,8.28331804468138,8.58927077058903,10.3592025276413,8.82535865697283,9.64391440165447,8.45506897865587,10.4080469528323,9.19931661575573,10.0685376586657,0.977,0.998,0.988,0.81,1.0,0.998,1.0,1.0,1.0,1.0
63,7.24675897343954,15.9669833218367,9.49662288874326,19.050847628275,9.48170650032873,20.5594039441306,8.18790907148998,17.6927026059404,10.6707740834723,19.613238116379,0.999,0.694,0.935,0.369,0.994,0.413,1.0,0.814,0.989,0.759
64,9.57524292718101,13.6384234544344,9.33892631255296,16.5674308373903,10.980629243485,12.6561271159886,10.5123218290471,12.7364225725255,9.1081462764878,12.6947736909843,0.938,0.676,0.838,0.67,0.957,0.883,0.992,0.935,0.982,0.777
65,11.0153736067998,8.40897457245624,14.3117984282411,9.04050166641397,13.5686247025827,8.39440159271073,12.1836359435214,10.0044720008834,8.73119954598308,10.9956475384328,0.966,0.998,0.59,0.996,0.946,0.999,0.965,0.996,1.0,0.997
66,8.48792914427949,9.34388293437665,8.47260063844055,11.7174664602226,8.66463639758534,9.74780787384896,8.99660698818892,10.0682923687204,8.93639776412336,9.42490177040528,0.991,0.982,0.848,0.917,0.993,0.985,0.995,0.986,0.994,0.998
67,20.7644882083856,11.5279848192832,20.9970874508364,12.5102146166417,21.1347141634905,11.7141338391316,21.0807786125182,13.1730857741884,20.9760361469695,12.806143099666,0.654,0.911,0.214,0.909,0.882,0.936,0.769,0.928,0.792,0.942
68,6.72715126587671,6.46101683520929,6.60759239998819,10.3884209292093,6.32222678236914,6.96971242133104,8.47114102965949,8.40162110641823,5.57672401672045,7.8533971620165,1.0,0.999,1.0,0.692,1.0,1.0,1.0,0.999,1.0,1.0
69,11.3839196673994,9.15827303777048,12.739747369982,9.94226833839235,15.575312349227,9.56085270926441,17.1743105089618,8.91910005456346,14.9519670777336,11.7807681654543,0.98,0.991,0.917,0.819,0.935,1.0,0.96,1.0,0.955,0.978
70,6.93064382840216,6.04327366852179,9.3616584088308,8.53836725849395,8.94393412445099,7.78806040822202,9.04381424699189,6.82550088811213,10.4563690190328,7.12604460481424,1.0,1.0,0.966,1.0,0.995,1.0,1.0,1.0,1.0,1.0
71,10.7435179202747,8.32119227270787,13.2473424685404,8.96483687816878,10.247639552341,9.68649249271093,12.0197122700183,9.00618122046484,13.3525413163806,9.22753151023979,0.887,0.972,0.58,0.977,0.977,0.977,0.967,0.993,0.966,0.993
72,14.8591617000215,7.19219278097567,14.6208985293095,8.94229871147495,14.81730227649,7.63040300488746,14.6603658821042,5.93859261624827,14.809996065244,7.66760489181292,0.834,1.0,0.584,0.965,0.938,1.0,0.951,1.0,0.963,1.0
73,11.4896840308985,8.71322092756401,11.4180057445994,10.848494250181,10.2657763437007,9.99880022970287,11.8823230582026,8.12128095605524,14.0172810209923,8.11527225321463,0.972,1.0,0.867,0.99,0.997,1.0,0.999,1.0,0.971,1.0
74,7.11860232136941,8.07745209559418,7.67246158242718,10.3044607369906,8.23656216194773,7.04838121378231,9.16224921841293,6.25696983196552,7.3938508776945,8.97030870377336,0.993,1.0,0.962,0.851,0.998,1.0,0.993,1.0,1.0,0.998
75,10.6529792687169,5.70277796586045,13.6479046327965,9.91697433413045,10.7132414782218,6.02394187814154,11.9600664492521,7.80882343824282,13.3512453176868,8.3672679197044,0.919,1.0,0.603,0.849,0.976,1.0,0.965,1.0,0.975,1.0
76,7.79326696993095,9.80963814268154,10.8013405751238,15.9902280499728,10.6361962747464,12.5870952315833,12.4121896077787,12.6432877995781,10.5068108273616,10.1796648569899,0.996,0.917,0.921,0.674,0.991,0.947,0.988,0.967,0.995,0.994
77,8.25396301883237,9.81290890226446,12.3983125889769,8.99577794870442,9.35449304033442,9.31266498969914,8.28138770740586,10.9565339734064,7.77863004601807,9.97739807489605,0.996,0.978,0.875,0.887,0.999,0.998,1.0,0.994,1.0,0.999
78,8.13062184329129,8.35306354602324,8.70830226938596,10.3440718921252,8.31919339517047,8.57847363860915,7.81427543384288,9.32694018899721,8.05730137213282,9.88397878122285,0.993,0.991,0.865,0.968,0.993,1.0,1.0,1.0,0.998,0.999
79,11.6618930707691,8.72641226312696,11.3964478718302,13.6708842225867,10.9645542005917,11.7332722988399,12.8278738839318,9.95323569503872,13.5265757203095,9.51407811646211,0.937,0.96,0.903,0.594,1.0,0.96,0.989,0.99,0.995,0.999
80,12.1088324579878,7.94271536630527,18.577490081556,9.31533956406072,14.6883354892843,10.164493221118,12.7957204998286,9.66555097272961,12.4504973063917,10.2345470867733,0.943,1.0,0.683,0.796,0.942,0.981,0.994,1.0,0.98,0.997
81,7.1069039664826,11.2249359081773,7.68515705754876,12.8248156654263,7.73539536142414,16.152112411877,5.86670735569023,13.0027505287211,7.36721541959636,13.1657387565964,1.0,0.894,0.984,0.765,1.0,0.775,1.0,0.964,1.0,0.955
82,8.74526149544649,9.13593813141337,9.19684584061235,15.179851051898,9.51073138188828,13.5586808702307,12.5420165598895,10.6181391292283,10.5200840570832,10.1510192809782,0.993,0.96,0.972,0.666,1.0,0.809,0.981,0.982,1.0,0.999
83,11.4778095539294,9.01901097899042,13.1924262657529,11.0108537667291,12.5121479056169,11.8917913696888,13.3771409514418,15.5656222743037,12.900908230267,11.84210494951,0.897,1.0,0.58,0.995,0.936,0.994,0.948,0.971,0.948,0.999
84,6.96558593643919,9.11310455141798,8.34700038105098,9.50501354322072,8.33134397035639,10.0337074139475,8.07806710229914,10.0295499473721,10.7503980555066,13.8051091151904,1.0,0.999,0.942,0.883,1.0,0.986,1.0,0.997,0.997,0.968
85,7.36972564840478,9.37391014466155,11.2304784473958,9.76582322689213,10.9002810328992,9.11264847931234,8.1957622854325,8.71774080726165,11.2451223636035,11.4211373642181,1.0,0.966,0.972,0.763,0.951,0.986,1.0,0.995,0.988,0.989
86,10.8860336594944,8.10028198564423,12.8186308381792,8.2500065648832,12.761993762417,9.47150467776739,14.7790577328822,9.05600691768947,12.1122564972903,9.54466136903726,0.961,0.999,0.895,0.999,0.967,0.998,0.998,0.996,0.994,0.997
87,10.3356986751834,11.206173157374,12.7283207954859,11.1200066183774,12.4687646857209,13.5707523872181,13.5751731584928,12.9960295857579,14.768855143455,14.6286643264603,0.999,0.931,0.991,0.784,0.999,0.932,0.988,0.97,0.994,0.973
88,8.86483817705547,7.41335774625425,11.1111712535738,7.95261152018417,12.4545473388261,9.10078888965725,9.21356966854469,8.37560238421727,10.5667114706329,8.95296396978623,0.997,1.0,0.877,0.999,0.926,1.0,1.0,1.0,0.972,0.996
89,7.84011487718181,8.12084776436821,13.3167622812267,9.24792836864654,10.055079229163,6.61781014717689,13.2204036215168,9.02027778549162,12.4103808923229,7.65421014232467,0.993,0.989,0.87,0.99,0.983,1.0,0.976,1.0,0.989,1.0
90,6.84513363908034,11.2795924869719,13.2199057482043,11.7652831791565,8.81407973697296,15.161847542581,6.22073350257164,12.4619849413147,6.40494947202389,12.5876912454086,0.996,0.964,0.912,0.981,1.0,0.871,1.0,0.989,1.0,0.991
91,7.60330177113402,9.17487554340451,9.0369335181009,10.1927891484291,7.66735533043664,12.3384654690763,7.74929433882233,9.85961493787573,8.06392485349135,8.97023615912716,0.998,0.971,0.958,0.781,1.0,0.941,0.998,0.993,0.992,0.999
92,6.95466836568716,8.04781882336885,9.34641388497846,13.8327057828707,8.28689908718422,7.74020199236784,9.29981617708976,8.91185056734887,7.49750637741251,9.26006399770225,1.0,1.0,0.78,0.992,1.0,1.0,1.0,1.0,1.0,1.0
93,7.54794095840996,11.5533317002561,8.77224363195276,14.379357155047,11.2573692929846,15.0021576796515,8.69726409923305,13.7765341769675,9.28166672493859,11.6154134619041,1.0,0.858,0.936,0.761,0.989,0.85,1.0,0.944,0.999,0.89
94,10.9452160029696,14.3211749042859,16.6665424252103,16.4679896690777,12.1100072437694,17.0596485947706,11.6182516357675,16.1853949904206,15.4289826442892,16.7304751454381,0.975,0.816,0.651,0.522,0.994,0.622,0.998,0.817,0.982,0.827
95,8.71971558674773,8.75304731202544,11.5625777023167,9.01668872327688,11.9490689546545,9.19989995221452,11.1790608720926,8.35128769935848,9.33268146113264,9.6255995264204,0.954,0.999,0.914,1.0,0.978,1.0,0.995,1.0,1.0,1.0
96,9.192719647041,8.43930032156284,14.587545666434,14.190227911014,11.9383280056178,10.7876790963451,12.1991505014756,17.2164009538614,11.5706157248349,10.4426638633974,0.977,1.0,0.791,0.945,0.968,0.999,0.982,0.943,0.983,0.991
97,10.5494854412342,9.60377500275802,11.9006241967539,9.15133941826898,9.64995929581164,9.91650306827687,12.1223772825189,11.1473382199535,11.2585720121283,10.0621965886139,0.983,0.961,0.665,0.756,0.998,0.979,0.986,0.99,0.994,1.0
98,7.51726498531032,5.04381315227049,8.07873179892014,11.8135281088806,8.84386994587129,6.60148183105902,8.64955099491415,6.73395084373912,8.18993263293455,6.61820364061408,0.994,1.0,0.871,1.0,1.0,1.0,1.0,1.0,1.0,1.0
99,16.069029808399,12.273601895496,17.6407378759818,14.6529599248302,15.6215744397226,15.5523182850759,16.1961831588604,12.0488016082153,16.4899448166662,10.8487813997492,0.71,0.866,0.544,0.841,0.953,0.705,0.917,0.987,0.869,0.997
100,12.1293601442583,8.48685829847614,19.9914317095086,9.44233924406822,15.9893894046336,11.6563618139409,13.0730058053192,8.61417659437419,11.4607926021155,8.96871144930739,0.886,0.974,0.322,0.778,0.713,0.942,0.964,0.999,0.969,0.996
101,7.85833601600939,8.5924856984104,20.6490487682337,10.1874307717376,8.63090728262041,10.5490007757887,9.61717388990159,10.5559436976636,9.30600573612248,10.5556221158897,0.99,0.987,0.965,0.796,0.995,0.939,0.998,0.978,0.997,0.934
102,4.7066655665456,4.35796122741119,8.35450339539624,9.19330646463624,7.14843294894289,5.57908887598644,6.03574051067829,4.84815387709133,5.22623968690514,4.90750620484325,1.0,1.0,0.968,1.0,1.0,1.0,1.0,1.0,1.0,1.0
103,10.2372610098635,11.8923025291667,13.7142501665895,14.9358894572018,12.1614820530961,12.0581702893179,10.9020624395251,13.5991006174475,12.3086300974537,12.143583370663,0.974,0.954,0.8,0.683,0.973,0.941,0.992,0.975,0.97,0.986
104,11.0226111338649,4.78932187562484,18.4653318077053,4.83679910728306,16.9811084358098,5.07488378107498,15.2467714716923,7.35552656615142,19.0416700371408,7.87833258941387,0.943,1.0,0.834,1.0,0.954,1.0,0.97,1.0,0.889,1.0
105,8.45596022442527,9.7493612075967,14.4622297689187,11.1474736615414,10.4941404533393,10.8055427691778,8.18269960395869,9.79088896939063,6.84050826298043,9.54111474744234,0.99,0.938,0.71,0.909,0.998,0.922,0.999,0.985,1.0,0.982
106,10.6147654176897,8.47950992206476,17.4857445510229,9.22129549316398,13.9385280478897,9.44189707526061,18.5768001209941,15.5986675156239,12.9193905453858,11.0696099276775,0.984,1.0,0.831,1.0,0.962,0.989,0.905,0.949,0.975,0.985
107,7.8335343520047,6.39383208720455,8.31844630957938,12.0459447730554,8.26950749822621,9.79991347337958,8.74704802622018,7.60410615249741,9.31631840461132,7.89801993392269,0.998,1.0,0.823,0.766,0.997,0.984,1.0,1.0,0.999,1.0
108,10.4767824227612,8.47593089120291,15.5417704801281,7.92645857296156,13.0842839318022,7.9652690769404,11.6774853228168,9.25512882186842,10.6940766924618,9.11025532924462,0.933,1.0,0.744,0.998,0.909,1.0,0.979,1.0,0.99,1.0
109,8.32359688195933,8.72245121984455,8.58705196424317,9.51960245731523,10.3840746396914,6.89972800528384,11.9943317757355,7.54059304044628,13.2418520161645,9.08806604910306,0.995,0.998,0.985,1.0,0.999,1.0,0.997,1.0,0.985,1.0
110,7.27952187900531,5.58670018750356,9.7389284979412,9.63832739914622,10.268710885523,7.26611491781089,8.7024127318588,6.93388733129452,8.50333648200918,6.62251090027178,0.988,1.0,0.964,0.947,0.971,1.0,1.0,1.0,1.0,1.0
111,7.19895501967126,8.10117009997181,8.971635029981,8.93130298741675,7.50731508432934,9.34610253707665,9.02204768707825,10.6235155772042,8.02426514050001,10.037964568884,1.0,0.99,0.821,0.964,1.0,0.999,0.999,0.997,1.0,0.996
112,8.38149712555788,14.7409226575667,9.01189997746649,16.6729868130075,7.72214448847815,13.0628733607516,9.63627845870459,13.7711965648246,9.62460891540658,16.1813578998544,0.954,0.673,0.787,0.455,0.998,0.965,0.994,1.0,0.968,0.817
113,8.56360869110747,8.43103932596525,8.57223265854102,10.0285017284416,8.50786085329061,8.48990533411409,13.4977302625548,7.38582182124822,10.3685073686996,9.54552130297219,0.999,0.991,0.946,0.769,1.0,0.994,0.982,0.998,1.0,0.999
114,9.06400341532988,10.0814376415842,8.23704145473783,10.1600208021281,8.09504718155706,9.07896981333168,8.4935162022616,10.4924910097293,8.83038284585033,11.0634362097426,0.966,0.948,0.981,0.998,0.996,0.996,0.996,0.997,0.995,0.997
115,8.63032145139869,9.30817402563985,10.183570395759,12.0252540715848,10.1105068241384,10.4270189684869,9.79377200220702,13.4952863766891,9.83388564003959,11.4365901762347,0.987,0.962,0.949,0.892,0.971,0.988,0.984,0.979,0.998,0.994
116,9.64774519033192,10.031611836965,13.0192522935444,9.99884725741926,12.7175864936796,12.9047730645254,12.1526182485839,10.1125427460396,11.773298171742,9.70389676331586,0.979,0.957,0.768,0.948,0.936,0.992,0.953,1.0,0.923,0.989
117,9.3654078213141,13.1241982139541,9.55616593067274,14.7127397870292,8.26455296274291,11.4907570653353,9.6554538424691,12.8288078393385,10.1313947630084,13.3984297712217,0.996,0.958,0.778,0.618,0.999,0.999,0.997,0.998,0.998,0.98
118,6.2352659652313,8.49372750140442,7.69635427259826,10.6164982367821,8.33834423130392,9.14840374123214,6.28690962389533,10.2793331332361,5.77932062212983,8.93930275380506,1.0,0.999,1.0,0.961,0.995,0.993,1.0,0.992,1.0,1.0
119,8.5602161070717,9.70043714660523,9.15435738013104,12.9761479822025,11.9457405019783,12.1569106642338,9.21496329764177,10.0475301122915,7.5503576774529,9.55688303380339,0.97,0.898,0.819,0.819,0.924,0.915,0.998,0.967,1.0,0.983
120,7.6079804801261,7.88290646898704,8.79118617730058,10.8729389871038,8.6729003934207,9.07333079824678,11.1083185819207,8.83415820663322,8.52051798384614,10.106742824328,0.996,0.999,0.953,0.956,0.997,1.0,0.997,0.999,0.997,0.975
121,7.39705929169011,8.39372103873125,15.0061333522736,16.1811006503268,12.8758952615259,9.32257155633232,9.95735829573037,8.78902415692701,10.9066744953222,10.0737817027551,0.999,0.999,0.713,0.752,0.972,0.996,0.998,1.0,0.996,0.999
122,13.4795635525775,6.00510991200612,15.0562211596095,5.55814864097392,17.4837405464502,6.65340397787604,16.6544745442953,6.76563448030519,15.0349275735553,6.19171450357174,0.9,1.0,0.804,1.0,0.831,1.0,0.976,1.0,0.968,1.0
123,8.61252341625904,12.6975567561846,8.54059201229685,14.3511724398387,8.44871565956679,12.055986479694,8.73157081427136,13.4233662550258,9.18675349399508,12.8211736028874,0.989,0.822,0.843,0.526,0.998,0.961,1.0,0.936,1.0,0.987
124,8.17047270639809,8.29964577191176,8.15855261518091,10.5296982169643,8.86144738944153,9.43836919121004,8.26187961657485,10.880731635061,8.76231745433255,8.68822819919182,0.997,0.999,0.937,0.918,0.999,0.997,1.0,0.991,1.0,1.0
125,9.05037674512597,7.43894151138079,9.41883691795969,10.9552640084144,9.51179629231739,9.41980352548845,8.63662351373976,9.89789598712276,8.85906947450529,9.44202127887723,0.982,1.0,0.828,0.957,0.996,0.992,0.994,1.0,0.999,1.0
126,9.31992803858736,9.296309267282,10.2175343208904,9.78152158232122,9.34579066972395,7.62658349335576,10.3828392715165,9.46909325759227,10.63301203559,10.8785999515011,0.959,0.961,0.967,0.942,0.999,1.0,0.982,0.988,0.965,0.939
127,8.29361667800666,7.91608939982218,8.54992732536072,8.99589926505948,7.62618263279366,7.79823444346177,7.90469152168449,7.66656442660688,6.72446103786625,7.04171471361424,0.995,1.0,0.891,0.957,0.998,1.0,1.0,1.0,1.0,1.0
128,15.6998858820566,9.48605557549851,16.372868746301,14.1416510894333,16.0504644135764,11.2548973532562,16.1157272219686,9.79659287649497,17.7742996406933,12.9100485179491,0.798,0.996,0.529,0.919,0.919,0.996,0.967,1.0,0.933,0.982
129,9.1755049653968,9.24741629250697,10.0606482470923,9.68222514762022,9.73134455922923,9.70869802391243,11.0528220891202,8.80894884600677,12.4754218978765,9.75421982753162,0.963,0.975,0.971,0.991,0.98,1.0,0.98,1.0,0.966,0.998
130,8.94277086963438,8.07690348886411,8.01211340979095,8.79370289609936,7.30439936295802,8.15067509754771,8.53529924243178,8.58695458722477,8.77019317388049,9.74083282182664,0.983,0.994,0.982,0.995,1.0,1.0,1.0,1.0,1.0,1.0
131,13.9547325046105,5.93156980759012,14.1858157335517,8.89339886089081,14.6085195797665,9.69085290176312,14.3261313632195,10.1880700767291,14.4796129468072,9.27159302791693,0.829,1.0,0.882,0.903,0.924,1.0,0.945,0.996,0.979,0.998
132,8.19613763513503,14.9866416719563,10.110257940458,16.8119053477828,9.09463391701808,17.6044661828936,9.33848967269064,14.4213052838808,8.81638375423308,16.0975754226656,0.992,0.676,0.799,0.637,1.0,0.623,0.999,0.955,0.999,0.775
133,8.18357301840792,8.39913920465356,12.027252038297,10.613660172914,9.20486722616051,8.93745999902809,8.3429112208169,9.97891187621767,8.71859956455634,11.5842522429609,0.993,0.995,0.841,0.88,0.986,0.997,1.0,0.988,1.0,0.977
134,7.11984722844298,10.0590333659961,7.80897208192459,11.3467719641972,9.47249422701079,10.4068347191875,7.84765322377808,12.0634671123836,7.16776494044127,11.492294080901,0.996,0.973,0.999,0.692,1.0,0.991,1.0,0.981,1.0,0.971
135,6.49044943836122,6.21538539217758,8.32418186869423,6.77054704373244,8.18310796120491,6.51302571244578,6.78571393336405,5.87417685482432,8.23069903848524,7.03162505829585,1.0,1.0,0.752,0.996,0.997,1.0,1.0,1.0,1.0,1.0
136,10.502085601311,7.51672059388142,11.035978204469,9.29799602400477,10.7005793407281,8.62546157115474,11.3407814023552,10.4873359268421,12.5856978131153,8.88141413297746,0.941,1.0,0.846,1.0,0.986,1.0,0.986,0.999,0.902,1.0
137,8.86022039113439,8.46242463775802,17.9322585248384,10.1186972207089,13.89830067688,10.1592224595033,14.5416360026808,11.6138415036621,11.7293571278114,8.29737031709196,0.99,0.987,0.548,0.896,0.978,0.988,0.963,0.993,0.993,0.999
138,7.90543902619411,12.5754859216299,9.79629225248184,21.2256508689235,8.66862287078614,16.224059019894,9.16803220716497,14.2824829109432,9.4692677790915,16.1645537175007,0.981,0.87,0.913,0.579,0.995,0.874,0.999,0.954,0.984,0.851
139,10.7484715743531,6.50462867498035,15.5591537192021,8.09105316884905,14.5829597216805,9.09206065762475,11.397043842641,7.17785487682622,9.04899952823681,8.20737521932401,0.931,1.0,0.617,1.0,0.88,1.0,0.979,1.0,0.999,1.0
140,10.3360038785343,9.95699713778518,13.2472208185552,10.5137433854511,14.3465015663102,8.75057908110612,12.4619716705656,10.8373031794449,17.9303162057786,10.692368427324,0.994,0.976,0.888,0.859,0.969,0.998,0.994,0.995,0.913,0.993
141,7.94996419686391,10.1734357342055,7.93569416218396,10.7490437145151,8.13030032173471,10.9184823206588,9.68407870138465,11.2060058704627,11.2417469191105,11.1093418122794,0.99,0.932,0.986,0.939,0.999,0.966,0.987,0.998,0.987,0.995
142,9.01403771415347,6.61516124285594,14.6084416278579,10.7793575799767,12.0340929853868,8.78784267674184,10.8715856427826,13.7069336470528,10.4918391070477,8.42716907758813,0.999,1.0,0.824,0.968,0.904,0.999,0.994,1.0,0.996,0.999
143,8.83342038654407,8.51118992901799,10.0314353615025,8.92831480576426,13.0746241900023,8.58456496156892,12.3502597417812,8.89553389869247,9.69222059939736,9.04775265688287,0.989,0.988,0.893,0.989,0.928,0.995,0.959,1.0,0.994,0.988
144,8.0551953553288,5.36494042295097,8.02163125816094,18.5345341740427,9.14821414025083,6.67449883394712,8.08757476245616,6.62171291212751,7.57148487524764,8.20281565109083,0.994,1.0,0.982,1.0,0.996,1.0,1.0,1.0,1.0,0.994
145,8.85070002258574,5.56302307602859,18.6563152471349,8.7694067846824,12.569594132353,8.10070267073223,10.2498593592168,8.92181584261693,10.1389766847989,9.32721106304653,0.996,1.0,0.593,1.0,0.983,1.0,1.0,1.0,0.999,0.999
146,9.42041499134088,13.9025706252807,9.13950247158182,15.5828058194966,10.542442865845,16.6057177053583,11.6133236974635,11.9507310393455,12.1141650322073,13.5011244945503,0.987,0.89,0.95,0.913,0.994,0.74,0.993,1.0,0.991,0.973
147,7.95693545856305,8.94633349840789,13.7967979211417,9.52941648101503,10.3107023634817,9.56130944572465,7.3873674370323,10.070300394064,9.84097763881517,10.1453976097731,0.997,0.985,0.94,0.729,0.994,0.993,1.0,0.998,0.999,0.995
148,7.44168546472917,13.4181704061175,8.28767109528363,15.6429479676326,7.38673078006171,14.407099505453,9.22596515660571,14.2582411981275,8.89716560954127,15.3209977750798,0.992,0.897,0.992,0.77,1.0,0.98,0.996,0.996,0.998,0.955
149,7.46185893428129,10.6691947536974,7.93235003131055,12.1101804878467,8.20238862796477,11.4322866458293,9.19571854316288,12.6611998322744,7.40395562260293,12.5436491450442,0.995,0.843,0.964,0.697,0.996,0.952,0.998,0.876,1.0,0.902
150,8.43297526990337,9.0782633038006,9.59457924825836,10.3414765129422,9.44560147562963,11.5976686093286,9.24717484934002,8.93241914274112,9.97479193649104,9.87130281824449,0.998,0.988,0.747,0.675,0.995,0.952,0.999,0.994,0.98,0.999
151,6.69537342132325,9.19847081704038,8.35368489595129,9.22108717919645,7.10540398009041,9.03957192439835,5.66145654274713,10.1730749765457,6.47056929314903,11.0813813988734,1.0,0.988,0.862,0.793,1.0,0.998,1.0,0.99,1.0,0.993
152,7.61062935736072,9.05363610138353,12.7071270589201,10.4272332908631,9.23660185096105,10.0366744417763,8.97192512791847,12.0600317255351,8.21996219997732,10.038016209544,1.0,0.996,0.742,0.938,0.997,0.99,0.999,0.976,1.0,0.999
153,8.42065258703562,13.0041494446098,9.25113570073241,14.0303567765555,9.74301302249979,12.9066786244432,8.64498491271515,13.0020689371747,8.91887004632244,13.4946359654121,0.985,0.835,0.887,0.865,0.996,0.925,1.0,0.93,0.996,0.92
154,7.98522094812982,9.35264671124771,8.99145731407153,9.11126369623568,8.34057043692586,9.34216817615503,9.49660746564677,10.4099441981634,8.87770583746393,11.2265928939896,1.0,0.995,0.776,0.845,1.0,1.0,1.0,0.999,1.0,0.996
155,7.88965972372859,8.3472021566176,9.29345342570138,12.2574185975571,7.24831261944347,11.0605328121767,7.25762692808295,7.88906264493004,9.05996094358818,8.67318048525492,0.995,1.0,0.986,0.863,1.0,0.972,1.0,1.0,0.999,1.0
156,8.28947483079777,14.3443207508054,9.08340011855974,16.2289279322422,8.56278088435119,16.7108612105663,8.23086149679918,17.8037777708203,8.40858969927747,16.7175056101868,0.984,0.721,0.945,0.663,0.996,0.819,1.0,0.855,0.998,0.866
157,8.2608346982885,9.87549705222513,7.98739355253203,10.2421885938248,7.713164794798,9.59637126877952,9.43001925456256,10.5420842463396,8.67805213679166,10.166757786249,0.988,0.938,0.846,0.765,1.0,0.993,0.983,0.978,0.992,0.973
158,7.99823939697428,9.54589408645037,8.07612136468647,10.1018760768266,9.75041887013308,9.86303714744456,20.4428499455527,12.0121720939235,12.5782579561892,11.8608256021665,1.0,0.976,0.944,0.904,1.0,0.989,0.906,0.985,0.995,0.98
159,7.49980910377716,8.37954381301064,10.6620596867124,9.23959266396764,10.9398938865418,9.01551427466859,8.89436393403179,8.43158338230628,8.47153038566111,10.0448224083457,0.994,0.996,0.965,0.989,0.975,1.0,0.998,0.999,1.0,0.995
160,8.28345412990503,12.1185829779068,8.77846060279452,14.0333242586888,9.70614451598872,10.9485050309107,9.98198434981536,12.1925326466243,10.8991163387069,13.6894753740801,1.0,0.921,0.83,0.972,0.998,0.987,1.0,0.991,0.996,0.955
161,7.34264516691689,9.51186216322258,9.31056483818497,10.9666749853548,8.07601978809019,9.57896197817941,8.91610895752151,9.74618223741703,6.71171838879569,9.24782609702926,1.0,0.974,0.996,0.874,1.0,0.999,1.0,0.998,1.0,0.999
162,10.4489038867179,15.51995174769,9.70930785075035,14.5243048992849,10.449514084629,16.571817901081,12.4839019019081,14.429905355148,11.3312998556069,14.4554720224479,0.958,0.823,0.935,0.618,0.987,0.853,0.975,0.99,0.966,0.879
163,8.30467193636539,10.4843687932382,8.88000949619151,12.5943923181148,8.53149706661221,9.81361892346849,8.91932888866597,9.1541752382168,7.95011711266936,9.95018903168552,0.976,0.879,0.857,0.8,0.977,0.996,0.997,0.999,1.0,0.981
164,7.46918647571817,8.85775080255331,8.90888392847896,10.6300305790027,8.92827962939806,11.9541285694439,11.0345478570602,10.8034839890809,13.9093943200337,14.0252926973693,1.0,0.955,0.867,0.968,1.0,0.96,0.998,0.982,0.995,0.946
165,7.79283678994205,8.80233255043464,8.27110420414813,9.244926560204,8.9857467806302,8.99181111253564,7.87082083727442,9.34266998405975,8.29185970678242,8.99670352263627,0.995,0.998,0.827,0.86,0.985,0.996,1.0,1.0,0.999,0.999
166,7.85473431400272,8.47365930666618,11.4340840181956,10.5272938433577,8.90423262682157,11.6683894110308,11.4751630988892,10.9151406958445,10.4752941374654,10.3684137929362,1.0,0.977,0.816,0.788,0.99,0.952,0.988,0.984,0.944,0.933
167,7.65134373268205,8.99284983479092,8.15247017792573,10.1455545274762,10.3273710375919,8.26473472054054,8.28341591731883,9.45546051290164,8.12047079808309,9.22495617385795,0.995,0.976,0.974,1.0,0.969,0.999,0.999,0.999,1.0,1.0
168,8.94690967156104,11.4257455342539,10.0589247283572,20.2463994440145,10.2648947292971,11.3212850847576,8.81410844150754,13.9320360294174,8.93256174706278,10.8094496761141,0.992,0.935,0.803,0.856,0.993,0.992,1.0,0.989,0.998,0.986
169,9.29750765366237,8.71126792210506,9.68786864916086,8.47511410517448,8.47316737707824,10.8878694673463,11.1619804395485,9.71769221201077,14.8318195377094,12.3745793693468,0.957,0.995,0.952,1.0,1.0,1.0,0.994,1.0,0.988,0.999
170,8.93333387727995,8.61324281749798,9.02384790940585,10.7647386094535,11.1654743409665,9.14060944196391,10.4442247932858,8.93356896540193,11.7433182598386,8.54607690102073,0.966,0.983,0.902,0.948,0.908,0.998,0.998,1.0,0.963,1.0
171,8.94144284357778,8.25534887627037,9.83503262530591,11.6300867287599,10.2603845729184,8.9271332945927,12.8384370450142,9.65014541479683,11.3237568421004,8.29269895766248,0.982,0.999,0.991,0.977,0.991,1.0,0.997,1.0,0.997,0.999
172,8.56230732542971,9.27674871415429,8.9625181409709,9.36624379344687,9.00239174562008,10.5999763741788,10.6639032789033,12.6350591508723,9.36256752275733,10.7864707800973,0.991,0.982,0.966,0.886,0.998,0.997,0.994,0.982,1.0,0.997
173,11.322619925689,8.43932715578836,11.3564054254395,10.5505510270898,10.5887257620657,11.2017341141583,12.0883130308003,9.15029513345492,13.016942491087,7.99847302314574,0.924,1.0,0.715,0.97,0.991,0.998,0.991,1.0,0.97,1.0
174,8.97127471256372,9.84239619969256,9.6008666321371,12.2752644596207,9.86902508690563,10.2417603504969,7.93663271766146,11.0137109105369,9.44887487842689,10.8607247202039,0.969,0.96,0.97,0.717,0.996,0.99,1.0,0.986,1.0,0.983
175,8.99414010740492,9.46249106378235,9.53021777689449,9.90609613417467,11.6354567553747,9.64008764821069,11.6305459723741,9.83073306065446,13.5205244811343,12.7433749154476,0.987,0.989,0.931,0.977,0.995,0.998,1.0,0.998,0.998,0.977
176,7.37523666112853,7.80701191267506,8.33279693594404,8.94903863260943,8.95052129575109,8.33354378952568,9.03285115527401,8.45298262675184,9.93900829242341,10.0854801020848,1.0,1.0,0.935,0.999,0.99,1.0,0.993,1.0,1.0,1.0
177,7.1214451336248,12.0355722104462,10.7016397887719,14.0021603995747,11.7908053077491,13.3635852758613,10.6490631325458,13.9164971097445,9.32533568467742,13.6836546945416,1.0,0.855,0.995,0.819,0.999,0.911,0.992,0.947,0.997,0.908
178,9.53601145349593,10.1622479589458,14.5290016194634,12.5534955753471,16.4062683764176,10.7873933434028,14.3803073283063,11.5961311719513,10.7247422897403,10.5634077984429,0.959,0.953,0.926,0.619,0.91,0.998,0.974,0.995,0.993,1.0
179,7.1017635734389,9.50953330806879,8.5140838109296,13.2463503859825,8.54404917770042,12.6160470779844,9.21233447988287,9.77395158900933,8.62586901408324,9.39186873235296,1.0,0.997,0.859,0.902,0.997,0.981,0.998,0.999,1.0,1.0
180,8.82036613988949,15.9948300849909,9.64501702450851,16.3292120028678,11.7498333646336,17.0239089528447,8.13271629026882,17.0608682675036,9.25690400230681,16.8040129776994,0.997,0.715,0.842,0.753,0.97,0.662,1.0,0.912,0.999,0.848
181,11.3660641215358,9.80379603395846,15.5309677029498,15.9633871239773,15.9738257791299,9.24361216892904,14.8811270958628,10.0933422394741,14.1234447378627,11.3450510464379,0.987,0.99,0.783,0.956,0.881,0.993,0.977,0.999,0.995,0.987
182,6.90261137819296,7.31525691061719,8.4382417724311,9.48193411689449,8.1174918670189,8.85007901370018,6.28183600956038,9.43310356381038,6.47009560500254,6.93557322050906,1.0,1.0,0.893,0.956,1.0,0.999,1.0,1.0,1.0,1.0
183,8.22265717358397,8.50533178505233,9.25557309942636,14.6779844392055,8.17849004332181,10.8145901530954,10.061194335198,10.3350979796036,11.1287552750712,8.20406335733141,0.991,0.999,0.944,0.945,1.0,0.99,0.985,1.0,0.996,1.0
184,8.28888298748799,11.2904597471008,8.61909964469602,15.9403864801611,7.31583294698135,12.7237830300048,7.62393273289506,13.468695671517,7.67495945515233,12.4828456014767,0.997,0.918,0.845,0.735,1.0,0.984,1.0,0.97,1.0,0.958
185,8.44852349437087,7.40726512671266,9.88215493071973,8.40957482755087,10.9058413062713,7.8630854331037,10.4160273318651,6.85988101160887,10.34382466517,7.05590599487481,0.991,1.0,0.832,0.991,0.973,1.0,0.987,1.0,0.982,1.0
186,9.22119401355503,12.7689561309947,8.84795980421781,11.3351711334673,9.33770725923751,16.1542010699575,8.69150305651386,13.5519686588521,9.86934059992543,13.2180902460031,0.992,0.826,0.936,0.618,1.0,0.842,0.999,0.953,0.998,0.951
187,11.477076594176,4.67613729762756,15.1817238918872,7.59885377277079,14.4405287360018,8.37209935937125,14.232458011173,8.15213281096459,13.0928735089704,6.2841680301661,0.992,1.0,0.703,1.0,0.964,1.0,0.99,0.999,0.989,1.0
188,8.03873651719578,6.07312742564981,8.91348299857458,6.79953292450975,10.7847973114935,7.66269870676584,9.17513964936756,7.05735756099297,8.86900121008759,6.70200400353946,0.995,1.0,0.94,1.0,0.982,1.0,0.995,1.0,0.998,1.0
189,7.32549150246994,10.1802032455543,10.0632391004066,13.7555608489512,10.0882524137268,11.0100633232518,10.1215116829758,11.856005752935,10.4431930534535,11.4602327668232,1.0,0.963,0.997,0.718,0.997,0.98,0.999,0.991,0.998,0.989
190,8.7615937881082,11.0746398796863,9.15414560585528,12.2658626095659,9.29607992031887,11.234638963145,10.2383498521211,11.7252626748299,9.61981686083013,10.4681051010638,0.989,0.919,0.97,0.611,0.994,0.997,0.998,0.988,0.985,0.988
191,7.47065993032737,6.40477794778596,11.2434882197866,19.5052774856697,7.82722535387949,9.64373878478401,9.71822123575332,13.3033551210416,10.2153193603213,10.1128482199393,1.0,1.0,0.996,0.845,1.0,1.0,1.0,0.996,1.0,1.0
192,11.2866209360879,9.01109492480031,17.8498680296066,9.65107817996512,13.1672251616037,8.77939014118736,11.1600287715611,9.34772987295998,10.5230336543014,10.118548064215,0.9,0.992,0.616,0.928,0.938,0.996,0.989,0.999,0.996,1.0
193,7.70452513803298,13.437927172124,13.2349265634737,17.7186837540583,9.8606264522479,17.1480782388246,8.59058990483496,15.3398368616085,8.30503169991746,14.2278336014675,0.998,0.841,0.839,0.649,0.995,0.811,1.0,0.975,1.0,0.939
194,10.2812391349954,5.36495485022454,8.4153587412682,4.87130905072268,10.2585393280001,8.10364317700784,10.8375998199914,6.27338297978136,12.1138951231898,4.74180814363523,0.99,1.0,0.945,1.0,0.993,1.0,0.998,1.0,0.992,1.0
195,6.84442320986295,8.12771606766514,8.24086567277382,9.20910769249614,8.92173695344761,9.23172734028992,10.0083101970549,9.99831390371964,9.88614225867508,10.9152006438896,1.0,0.971,0.911,0.818,1.0,0.971,0.997,0.991,1.0,0.985
196,11.3942430864627,15.3323950178287,13.2467481623503,17.2188245851875,11.8149799204337,15.4355751133605,13.2472127834853,16.38695616989,12.8570195449307,16.7162358412481,0.939,0.737,0.967,0.656,0.99,0.904,0.981,0.9,0.937,0.844
197,7.03607137449979,10.0270869877354,7.96003088583797,16.0057304041957,8.76257303456828,14.8903230903028,13.5991049567157,16.7110059918793,9.91095883560319,17.8402938860895,1.0,0.969,0.892,0.949,1.0,0.97,1.0,0.954,1.0,0.935
198,6.1003033792461,9.11142371558449,8.09915100462755,10.9695446732451,7.65392569153343,11.6668278360624,8.89844663764385,12.7853253567505,6.32801362502018,9.32414977146813,1.0,0.965,1.0,0.937,1.0,0.959,0.999,0.963,1.0,1.0
199,6.29326769632158,7.39750443013524,10.2071909312552,10.5698725940667,9.21224665897697,10.8068405762981,10.3598941091067,9.74572850339373,9.40214935468447,10.4846128909344,1.0,0.995,0.914,0.942,0.998,1.0,0.997,0.981,1.0,0.995
