paper_id,bibtex,entry_type,venue,publisher,year,peer_reviewed,publisher_type,publisher_family,publisher_type_source,doaj_listed,is_open_access,J_verbatim,J_numeric,J_report_reported,J_coding_rule,n_scenarios,J_is_outer_replication,confounded_with,justification_given,justification_quote,justification_type,is_arxiv_preprint
Wu2022,"@article{Wu2022,
  title = {Matching on Generalized Propensity Scores with Continuous Exposures},
  volume = {119},
  ISSN = {1537-274X},
  url = {http://dx.doi.org/10.1080/01621459.2022.2144737},
  DOI = {10.1080/01621459.2022.2144737},
  number = {545},
  journal = {Journal of the American Statistical Association},
  publisher = {Informa UK Limited},
  author = {Wu,  Xiao and Mealli,  Fabrizia and Kioumourtzoglou,  Marianthi-Anna and Dominici,  Francesca and Braun,  Danielle},
  year = {2022},
  month = dec,
  pages = {757–772}
}",article,Journal of the American Statistical Association,Informa UK Limited,2022,Y,hybrid/subscription,commercial,not listed in DOAJ,0,0,500,500,1,REVIEW_REQUIRED,REVIEW_REQUIRED,REVIEW_REQUIRED,REVIEW_REQUIRED,REVIEW_REQUIRED,,REVIEW_REQUIRED,0
Kennedy2016,"@article{Kennedy2016,
  title = {Non-parametric Methods for Doubly Robust Estimation of Continuous Treatment Effects},
  volume = {79},
  ISSN = {1467-9868},
  url = {http://dx.doi.org/10.1111/rssb.12212},
  DOI = {10.1111/rssb.12212},
  number = {4},
  journal = {Journal of the Royal Statistical Society Series B: Statistical Methodology},
  publisher = {Oxford University Press (OUP)},
  author = {Kennedy,  Edward H. and Ma,  Zongming and McHugh,  Matthew D. and Small,  Dylan S.},
  year = {2016},
  month = sep,
  pages = {1229–1245}
}",article,Journal of the Royal Statistical Society Series B: Statistical Methodology,Oxford University Press (OUP),2016,Y,hybrid/subscription,university-press,not listed in DOAJ,0,0,500,500,1,REVIEW_REQUIRED,REVIEW_REQUIRED,REVIEW_REQUIRED,REVIEW_REQUIRED,REVIEW_REQUIRED,,REVIEW_REQUIRED,0
Wager2018,"@article{Wager2018,
  title = {Estimation and Inference of Heterogeneous Treatment Effects using Random Forests},
  volume = {113},
  ISSN = {1537-274X},
  url = {http://dx.doi.org/10.1080/01621459.2017.1319839},
  DOI = {10.1080/01621459.2017.1319839},
  number = {523},
  journal = {Journal of the American Statistical Association},
  publisher = {Informa UK Limited},
  author = {Wager,  Stefan and Athey,  Susan},
  year = {2018},
  month = jun,
  pages = {1228–1242}
}",article,Journal of the American Statistical Association,Informa UK Limited,2018,Y,hybrid/subscription,commercial,not listed in DOAJ,0,0,500,500,1,REVIEW_REQUIRED,REVIEW_REQUIRED,REVIEW_REQUIRED,REVIEW_REQUIRED,REVIEW_REQUIRED,,REVIEW_REQUIRED,0
Hahn2020,"@article{Hahn2020,
  title = {Bayesian Regression Tree Models for Causal Inference: Regularization,  Confounding,  and Heterogeneous Effects (with Discussion)},
  volume = {15},
  ISSN = {1936-0975},
  url = {http://dx.doi.org/10.1214/19-BA1195},
  DOI = {10.1214/19-ba1195},
  number = {3},
  journal = {Bayesian Analysis},
  publisher = {Institute of Mathematical Statistics},
  author = {Hahn,  P. Richard and Murray,  Jared S. and Carvalho,  Carlos M.},
  year = {2020},
  month = sep 
}",article,Bayesian Analysis,Institute of Mathematical Statistics,2020,Y,diamond-OA,society,DOAJ exact title match (1931-6690),1,1,200,200,1,REVIEW_REQUIRED,REVIEW_REQUIRED,REVIEW_REQUIRED,REVIEW_REQUIRED,REVIEW_REQUIRED,,REVIEW_REQUIRED,0
pmlr-v130-curth21a,"@InProceedings{pmlr-v130-curth21a,
  title = 	 { Nonparametric Estimation of Heterogeneous Treatment Effects: From Theory to Learning Algorithms },
  author =       {Curth, Alicia and van der Schaar, Mihaela},
  booktitle = 	 {Proceedings of The 24th International Conference on Artificial Intelligence and Statistics},
  pages = 	 {1810--1818},
  year = 	 {2021},
  editor = 	 {Banerjee, Arindam and Fukumizu, Kenji},
  volume = 	 {130},
  series = 	 {Proceedings of Machine Learning Research},
  month = 	 {13--15 Apr},
  publisher =    {PMLR},
  pdf = 	 {http://proceedings.mlr.press/v130/curth21a/curth21a.pdf},
  url = 	 {https://proceedings.mlr.press/v130/curth21a.html},
}",inproceedings,Proceedings of The 24th International Conference on Artificial Intelligence and Statistics,PMLR,2021,Y,conference,conference,entry type / proceedings title,0,0,100,100,1,REVIEW_REQUIRED,REVIEW_REQUIRED,REVIEW_REQUIRED,REVIEW_REQUIRED,REVIEW_REQUIRED,,REVIEW_REQUIRED,0
pmlr-v70-shalit17a,"@InProceedings{pmlr-v70-shalit17a,
  title = 	 {Estimating individual treatment effect: generalization bounds and algorithms},
  author =       {Uri Shalit and Fredrik D. Johansson and David Sontag},
  booktitle = 	 {Proceedings of the 34th International Conference on Machine Learning},
  pages = 	 {3076--3085},
  year = 	 {2017},
  editor = 	 {Precup, Doina and Teh, Yee Whye},
  volume = 	 {70},
  series = 	 {Proceedings of Machine Learning Research},
  month = 	 {06--11 Aug},
  publisher =    {PMLR},
  pdf = 	 {http://proceedings.mlr.press/v70/shalit17a/shalit17a.pdf},
  url = 	 {https://proceedings.mlr.press/v70/shalit17a.html},
}",inproceedings,Proceedings of the 34th International Conference on Machine Learning,PMLR,2017,Y,conference,conference,entry type / proceedings title,0,0,1000,1000,1,REVIEW_REQUIRED,REVIEW_REQUIRED,REVIEW_REQUIRED,REVIEW_REQUIRED,REVIEW_REQUIRED,,REVIEW_REQUIRED,0
NEURIPS2019_8fb5f8be,"@inproceedings{NEURIPS2019_8fb5f8be,
 author = {Shi, Claudia and Blei, David and Veitch, Victor},
 booktitle = {Advances in Neural Information Processing Systems},
 editor = {H. Wallach and H. Larochelle and A. Beygelzimer and F. d\textquotesingle Alch\'{e}-Buc and E. Fox and R. Garnett},
 pages = {},
 publisher = {Curran Associates, Inc.},
 title = {Adapting Neural Networks for the Estimation of Treatment Effects},
 url = {https://proceedings.neurips.cc/paper_files/paper/2019/file/8fb5f8be2aa9d6c64a04e3ab9f63feee-Paper.pdf},
 volume = {32},
 year = {2019}
}",inproceedings,Advances in Neural Information Processing Systems,"Curran Associates, Inc.",2019,Y,conference,conference,entry type / proceedings title,0,0,1000,1000,1,REVIEW_REQUIRED,REVIEW_REQUIRED,REVIEW_REQUIRED,REVIEW_REQUIRED,REVIEW_REQUIRED,,REVIEW_REQUIRED,0
Hassanpour2020Learning,"@inproceedings{
Hassanpour2020Learning,
title={Learning Disentangled Representations for CounterFactual Regression}, publisher = {International Conference on Learning Representations (ICLR)},
author={Negar Hassanpour and Russell Greiner},
booktitle={International Conference on Learning Representations},
year={2020},
url={https://openreview.net/forum?id=HkxBJT4YvB}
}",inproceedings,International Conference on Learning Representations,International Conference on Learning Representations (ICLR),2020,Y,conference,conference,entry type / proceedings title,0,0,100,100,1,REVIEW_REQUIRED,REVIEW_REQUIRED,REVIEW_REQUIRED,REVIEW_REQUIRED,REVIEW_REQUIRED,,REVIEW_REQUIRED,0
BENCHMARKS2021_2a79ea27,"@inproceedings{BENCHMARKS2021_2a79ea27,
 author = {Curth, Alicia and Svensson, David and Weatherall, Jim and van der Schaar, Mihaela},
 booktitle = {Proceedings of the Neural Information Processing Systems Track on Datasets and Benchmarks},
 editor = {J. Vanschoren and S. Yeung},
 pages = {},
 publisher = {Curran},
 title = {Really Doing Great at Estimating CATE? A Critical Look at ML Benchmarking Practices in Treatment Effect Estimation},
 url = {https://datasets-benchmarks-proceedings.neurips.cc/paper_files/paper/2021/file/2a79ea27c279e471f4d180b08d62b00a-Paper-round2.pdf},
 volume = {1},
 year = {2021}
}",inproceedings,Proceedings of the Neural Information Processing Systems Track on Datasets and Benchmarks,Curran,2021,Y,conference,conference,entry type / proceedings title,0,0,100,100,1,REVIEW_REQUIRED,REVIEW_REQUIRED,REVIEW_REQUIRED,REVIEW_REQUIRED,REVIEW_REQUIRED,,REVIEW_REQUIRED,0
Hill2011,"@article{Hill2011,
  title = {Bayesian Nonparametric Modeling for Causal Inference},
  volume = {20},
  ISSN = {1537-2715},
  url = {http://dx.doi.org/10.1198/jcgs.2010.08162},
  DOI = {10.1198/jcgs.2010.08162},
  number = {1},
  journal = {Journal of Computational and Graphical Statistics},
  publisher = {Informa UK Limited},
  author = {Hill,  Jennifer L.},
  year = {2011},
  month = jan,
  pages = {217–240}
}",article,Journal of Computational and Graphical Statistics,Informa UK Limited,2011,Y,hybrid/subscription,commercial,not listed in DOAJ,0,0,1000,1000,1,REVIEW_REQUIRED,REVIEW_REQUIRED,REVIEW_REQUIRED,REVIEW_REQUIRED,REVIEW_REQUIRED,,REVIEW_REQUIRED,0
pmlr-v206-krantsevich23a,"@InProceedings{pmlr-v206-krantsevich23a,
  title = 	 {Stochastic Tree Ensembles for Estimating Heterogeneous Effects},
  author =       {Krantsevich, Nikolay and He, Jingyu and Hahn, P. Richard},
  booktitle = 	 {Proceedings of The 26th International Conference on Artificial Intelligence and Statistics},
  pages = 	 {6120--6131},
  year = 	 {2023},
  editor = 	 {Ruiz, Francisco and Dy, Jennifer and van de Meent, Jan-Willem},
  volume = 	 {206},
  series = 	 {Proceedings of Machine Learning Research},
  month = 	 {25--27 Apr},
  publisher =    {PMLR},
  pdf = 	 {https://proceedings.mlr.press/v206/krantsevich23a/krantsevich23a.pdf},
  url = 	 {https://proceedings.mlr.press/v206/krantsevich23a.html},
}",inproceedings,Proceedings of The 26th International Conference on Artificial Intelligence and Statistics,PMLR,2023,Y,conference,conference,entry type / proceedings title,0,0,200,200,1,REVIEW_REQUIRED,REVIEW_REQUIRED,REVIEW_REQUIRED,REVIEW_REQUIRED,REVIEW_REQUIRED,,REVIEW_REQUIRED,0
Abrevaya2015,"@article{Abrevaya2015,
  title = {Estimating Conditional Average Treatment Effects},
  volume = {33},
  ISSN = {1537-2707},
  url = {http://dx.doi.org/10.1080/07350015.2014.975555},
  DOI = {10.1080/07350015.2014.975555},
  number = {4},
  journal = {Journal of Business \& Economic Statistics},
  publisher = {Informa UK Limited},
  author = {Abrevaya,  Jason and Hsu,  Yu-Chin and Lieli,  Robert P.},
  year = {2015},
  month = oct,
  pages = {485–505}
}",article,Journal of Business \& Economic Statistics,Informa UK Limited,2015,Y,hybrid/subscription,commercial,not listed in DOAJ,0,0,1000,1000,1,REVIEW_REQUIRED,REVIEW_REQUIRED,REVIEW_REQUIRED,REVIEW_REQUIRED,REVIEW_REQUIRED,,REVIEW_REQUIRED,0
Yadlowsky2020,"@article{Yadlowsky2020,
  title = {Estimation and Validation of Ratio-based Conditional Average Treatment Effects Using Observational Data},
  volume = {116},
  ISSN = {1537-274X},
  url = {http://dx.doi.org/10.1080/01621459.2020.1772080},
  DOI = {10.1080/01621459.2020.1772080},
  number = {533},
  journal = {Journal of the American Statistical Association},
  publisher = {Informa UK Limited},
  author = {Yadlowsky,  Steve and Pellegrini,  Fabio and Lionetto,  Federica and Braune,  Stefan and Tian,  Lu},
  year = {2020},
  month = jul,
  pages = {335–352}
}",article,Journal of the American Statistical Association,Informa UK Limited,2020,Y,hybrid/subscription,commercial,not listed in DOAJ,0,0,400,400,1,REVIEW_REQUIRED,REVIEW_REQUIRED,REVIEW_REQUIRED,REVIEW_REQUIRED,REVIEW_REQUIRED,,REVIEW_REQUIRED,0
Huang2023a,"@article{Huang2023a,
  title = {Robust Inference of Conditional Average Treatment Effects Using Dimension Reduction},
  ISSN = {1017-0405},
  url = {http://dx.doi.org/10.5705/ss.202020.0409},
  DOI = {10.5705/ss.202020.0409},
  journal = {Statistica Sinica},
  publisher = {Statistica Sinica (Institute of Statistical Science)},
  author = {Huang,  Ming-Yueh and Yang,  Shu},
  year = {2023}
}",article,Statistica Sinica,Statistica Sinica (Institute of Statistical Science),2023,Y,hybrid/subscription,society,not listed in DOAJ,0,0,1000,1000,1,REVIEW_REQUIRED,REVIEW_REQUIRED,REVIEW_REQUIRED,REVIEW_REQUIRED,REVIEW_REQUIRED,,REVIEW_REQUIRED,0
pmlr-v206-kuzmanovic23a,"@InProceedings{pmlr-v206-kuzmanovic23a,
  title = 	 {Estimating Conditional Average Treatment Effects with Missing Treatment Information},
  author =       {Kuzmanovic, Milan and Hatt, Tobias and Feuerriegel, Stefan},
  booktitle = 	 {Proceedings of The 26th International Conference on Artificial Intelligence and Statistics},
  pages = 	 {746--766},
  year = 	 {2023},
  editor = 	 {Ruiz, Francisco and Dy, Jennifer and van de Meent, Jan-Willem},
  volume = 	 {206},
  series = 	 {Proceedings of Machine Learning Research},
  month = 	 {25--27 Apr},
  publisher =    {PMLR},
  pdf = 	 {https://proceedings.mlr.press/v206/kuzmanovic23a/kuzmanovic23a.pdf},
  url = 	 {https://proceedings.mlr.press/v206/kuzmanovic23a.html},
}",inproceedings,Proceedings of The 26th International Conference on Artificial Intelligence and Statistics,PMLR,2023,Y,conference,conference,entry type / proceedings title,0,0,10,10,1,REVIEW_REQUIRED,REVIEW_REQUIRED,REVIEW_REQUIRED,REVIEW_REQUIRED,REVIEW_REQUIRED,,REVIEW_REQUIRED,0
Lee2017,"@article{Lee2017,
  title = {Doubly robust uniform confidence band for the conditional average treatment effect function},
  volume = {32},
  ISSN = {1099-1255},
  url = {http://dx.doi.org/10.1002/jae.2574},
  DOI = {10.1002/jae.2574},
  number = {7},
  journal = {Journal of Applied Econometrics},
  publisher = {Wiley},
  author = {Lee,  Sokbae and Okui,  Ryo and Whang,  Yoon‐Jae},
  year = {2017},
  month = may,
  pages = {1207–1225}
}",article,Journal of Applied Econometrics,Wiley,2017,Y,hybrid/subscription,commercial,not listed in DOAJ,0,0,5000,5000,1,REVIEW_REQUIRED,REVIEW_REQUIRED,REVIEW_REQUIRED,REVIEW_REQUIRED,REVIEW_REQUIRED,,REVIEW_REQUIRED,0
Yadlowsky2022,"@article{Yadlowsky2022,
  title = {Bounds on the conditional and average treatment effect with unobserved confounding factors},
  volume = {50},
  ISSN = {0090-5364},
  url = {http://dx.doi.org/10.1214/22-AOS2195},
  DOI = {10.1214/22-aos2195},
  number = {5},
  journal = {The Annals of Statistics},
  publisher = {Institute of Mathematical Statistics},
  author = {Yadlowsky,  Steve and Namkoong,  Hongseok and Basu,  Sanjay and Duchi,  John and Tian,  Lu},
  year = {2022},
  month = oct 
}",article,The Annals of Statistics,Institute of Mathematical Statistics,2022,Y,hybrid/subscription,society,not listed in DOAJ,0,0,500,500,1,REVIEW_REQUIRED,REVIEW_REQUIRED,REVIEW_REQUIRED,REVIEW_REQUIRED,REVIEW_REQUIRED,,REVIEW_REQUIRED,0
Fuentes2021,"@article{Fuentes2021,
  title = {Causal Inference with Multilevel Data: A Comparison of Different Propensity Score Weighting Approaches},
  volume = {57},
  ISSN = {1532-7906},
  url = {http://dx.doi.org/10.1080/00273171.2021.1925521},
  DOI = {10.1080/00273171.2021.1925521},
  number = {6},
  journal = {Multivariate Behavioral Research},
  publisher = {Informa UK Limited},
  author = {Fuentes,  Alvaro and L\""{u}dtke,  Oliver and Robitzsch,  Alexander},
  year = {2021},
  month = jun,
  pages = {916–939}
}",article,Multivariate Behavioral Research,Informa UK Limited,2021,Y,hybrid/subscription,commercial,not listed in DOAJ,0,0,1000,1000,1,REVIEW_REQUIRED,REVIEW_REQUIRED,REVIEW_REQUIRED,REVIEW_REQUIRED,REVIEW_REQUIRED,,REVIEW_REQUIRED,0
https://doi.org/10.48550/arxiv.2212.03578,"@misc{https://doi.org/10.48550/arxiv.2212.03578,
  doi = {10.48550/ARXIV.2212.03578},
  url = {https://arxiv.org/abs/2212.03578},
  author = {McClean,  Alec and Branson,  Zach and Kennedy,  Edward H.},
  keywords = {Methodology (stat.ME),  Statistics Theory (math.ST),  FOS: Computer and information sciences,  FOS: Computer and information sciences,  FOS: Mathematics,  FOS: Mathematics},
  title = {Nonparametric Estimation of Conditional Incremental Effects},
  publisher = {arXiv},
  year = {2022},
  copyright = {Creative Commons Attribution 4.0 International}
}",misc,,arXiv,2022,N,preprint,preprint-server,entry type @misc,0,0,1000,1000,1,REVIEW_REQUIRED,REVIEW_REQUIRED,REVIEW_REQUIRED,REVIEW_REQUIRED,REVIEW_REQUIRED,,REVIEW_REQUIRED,1
https://doi.org/10.48550/arxiv.2004.14497,"@misc{https://doi.org/10.48550/arxiv.2004.14497,
  doi = {10.48550/ARXIV.2004.14497},
  url = {https://arxiv.org/abs/2004.14497},
  author = {Kennedy,  Edward H.},
  keywords = {Statistics Theory (math.ST),  FOS: Mathematics,  FOS: Mathematics},
  title = {Towards optimal doubly robust estimation of heterogeneous causal effects},
  publisher = {arXiv},
  year = {2020},
  copyright = {arXiv.org perpetual,  non-exclusive license}
}",misc,,arXiv,2020,N,preprint,preprint-server,entry type @misc,0,0,100,100,1,REVIEW_REQUIRED,REVIEW_REQUIRED,REVIEW_REQUIRED,REVIEW_REQUIRED,REVIEW_REQUIRED,,REVIEW_REQUIRED,1
pmlr-v119-witty20a,"@InProceedings{pmlr-v119-witty20a,
  title = 	 {Causal Inference using {G}aussian Processes with Structured Latent Confounders},
  author =       {Witty, Sam and Takatsu, Kenta and Jensen, David and Mansinghka, Vikash},
  booktitle = 	 {Proceedings of the 37th International Conference on Machine Learning},
  pages = 	 {10313--10323},
  year = 	 {2020},
  editor = 	 {III, Hal Daumé and Singh, Aarti},
  volume = 	 {119},
  series = 	 {Proceedings of Machine Learning Research},
  month = 	 {13--18 Jul},
  publisher =    {PMLR},
  pdf = 	 {http://proceedings.mlr.press/v119/witty20a/witty20a.pdf},
  url = 	 {https://proceedings.mlr.press/v119/witty20a.html},
}",inproceedings,Proceedings of the 37th International Conference on Machine Learning,PMLR,2020,Y,conference,conference,entry type / proceedings title,0,0,100,100,1,REVIEW_REQUIRED,REVIEW_REQUIRED,REVIEW_REQUIRED,REVIEW_REQUIRED,REVIEW_REQUIRED,,REVIEW_REQUIRED,0
Huang2023b,"@article{Huang2023b,
  title = {GPMatch: A Bayesian causal inference approach using Gaussian process covariance function as a matching tool},
  volume = {9},
  ISSN = {2297-4687},
  url = {http://dx.doi.org/10.3389/fams.2023.1122114},
  DOI = {10.3389/fams.2023.1122114},
  journal = {Frontiers in Applied Mathematics and Statistics},
  publisher = {Frontiers Media SA},
  author = {Huang,  Bin and Chen,  Chen and Liu,  Jinzhong and Sivaganisan,  Siva},
  year = {2023},
  month = mar 
}",article,Frontiers in Applied Mathematics and Statistics,Frontiers Media SA,2023,Y,gold-OA,commercial,DOAJ exact title match (2297-4687),1,1,100,100,1,REVIEW_REQUIRED,REVIEW_REQUIRED,REVIEW_REQUIRED,REVIEW_REQUIRED,REVIEW_REQUIRED,,REVIEW_REQUIRED,0
Wang2023,"@article{Wang2023,
  title = {Local Gaussian Process Extrapolation for BART Models with Applications to Causal Inference},
  ISSN = {1537-2715},
  url = {http://dx.doi.org/10.1080/10618600.2023.2240384},
  DOI = {10.1080/10618600.2023.2240384},
  journal = {Journal of Computational and Graphical Statistics},
  publisher = {Informa UK Limited},
  author = {Wang,  Meijia and He,  Jingyu and Hahn,  P. Richard},
  year = {2023},
  month = jul,
  pages = {1–12}
}",article,Journal of Computational and Graphical Statistics,Informa UK Limited,2023,Y,hybrid/subscription,commercial,not listed in DOAJ,0,0,20,20,1,REVIEW_REQUIRED,REVIEW_REQUIRED,REVIEW_REQUIRED,REVIEW_REQUIRED,REVIEW_REQUIRED,,REVIEW_REQUIRED,0
Nie2020,"@article{Nie2020,
  title = {Quasi-oracle estimation of heterogeneous treatment effects},
  volume = {108},
  ISSN = {1464-3510},
  url = {http://dx.doi.org/10.1093/biomet/asaa076},
  DOI = {10.1093/biomet/asaa076},
  number = {2},
  journal = {Biometrika},
  publisher = {Oxford University Press (OUP)},
  author = {Nie,  X and Wager,  S},
  year = {2020},
  month = sep,
  pages = {299–319}
}",article,Biometrika,Oxford University Press (OUP),2020,Y,hybrid/subscription,university-press,not listed in DOAJ,0,0,500,500,1,REVIEW_REQUIRED,REVIEW_REQUIRED,REVIEW_REQUIRED,REVIEW_REQUIRED,REVIEW_REQUIRED,,REVIEW_REQUIRED,0
Horii2024,"@article{Horii2024,
  title = {Uncertainty Quantification in Heterogeneous Treatment Effect Estimation with Gaussian-Process-Based Partially Linear Model},
  volume = {38},
  ISSN = {2159-5399},
  url = {http://dx.doi.org/10.1609/aaai.v38i18.30025},
  DOI = {10.1609/aaai.v38i18.30025},
  number = {18},
  journal = {Proceedings of the AAAI Conference on Artificial Intelligence},
  publisher = {Association for the Advancement of Artificial Intelligence (AAAI)},
  author = {Horii,  Shunsuke and Chikahara,  Yoichi},
  year = {2024},
  month = mar,
  pages = {20420–20429}
}",article,Proceedings of the AAAI Conference on Artificial Intelligence,Association for the Advancement of Artificial Intelligence (AAAI),2024,Y,conference,conference,entry type / proceedings title,0,0,500,500,1,REVIEW_REQUIRED,REVIEW_REQUIRED,REVIEW_REQUIRED,REVIEW_REQUIRED,REVIEW_REQUIRED,,REVIEW_REQUIRED,0
Vegetabile2019,"@article{Vegetabile2019,
  title = {Optimally Balanced Gaussian Process Propensity Scores for Estimating Treatment Effects},
  volume = {183},
  ISSN = {1467-985X},
  url = {http://dx.doi.org/10.1111/rssa.12502},
  DOI = {10.1111/rssa.12502},
  number = {1},
  journal = {Journal of the Royal Statistical Society Series A: Statistics in Society},
  publisher = {Oxford University Press (OUP)},
  author = {Vegetabile,  Brian G. and Gillen,  Daniel L. and Stern,  Hal S.},
  year = {2019},
  month = sep,
  pages = {355–377}
}",article,Journal of the Royal Statistical Society Series A: Statistics in Society,Oxford University Press (OUP),2019,Y,hybrid/subscription,university-press,not listed in DOAJ,0,0,1000,1000,1,REVIEW_REQUIRED,REVIEW_REQUIRED,REVIEW_REQUIRED,REVIEW_REQUIRED,REVIEW_REQUIRED,,REVIEW_REQUIRED,0
Knzel2019,"@article{Knzel2019,
  title = {Metalearners for estimating heterogeneous treatment effects using machine learning},
  volume = {116},
  ISSN = {1091-6490},
  url = {http://dx.doi.org/10.1073/pnas.1804597116},
  DOI = {10.1073/pnas.1804597116},
  number = {10},
  journal = {Proceedings of the National Academy of Sciences},
  publisher = {Proceedings of the National Academy of Sciences},
  author = {K\""{u}nzel,  S\""{o}ren R. and Sekhon,  Jasjeet S. and Bickel,  Peter J. and Yu,  Bin},
  year = {2019},
  month = feb,
  pages = {4156–4165}
}",article,Proceedings of the National Academy of Sciences,Proceedings of the National Academy of Sciences,2019,Y,hybrid/subscription,society,not listed in DOAJ,0,0,30,30,1,REVIEW_REQUIRED,REVIEW_REQUIRED,REVIEW_REQUIRED,REVIEW_REQUIRED,REVIEW_REQUIRED,,REVIEW_REQUIRED,0
Suk2020,"@article{Suk2020,
  title = {Random Forests Approach for Causal Inference with Clustered Observational Data},
  volume = {56},
  ISSN = {1532-7906},
  url = {http://dx.doi.org/10.1080/00273171.2020.1808437},
  DOI = {10.1080/00273171.2020.1808437},
  number = {6},
  journal = {Multivariate Behavioral Research},
  publisher = {Informa UK Limited},
  author = {Suk,  Youmi and Kang,  Hyunseung and Kim,  Jee-Seon},
  year = {2020},
  month = aug,
  pages = {829–852}
}",article,Multivariate Behavioral Research,Informa UK Limited,2020,Y,hybrid/subscription,commercial,not listed in DOAJ,0,0,1000,1000,1,REVIEW_REQUIRED,REVIEW_REQUIRED,REVIEW_REQUIRED,REVIEW_REQUIRED,REVIEW_REQUIRED,,REVIEW_REQUIRED,0
Grimmer2017,"@article{Grimmer2017,
  title = {Estimating Heterogeneous Treatment Effects and the Effects of Heterogeneous Treatments with Ensemble Methods},
  volume = {25},
  ISSN = {1476-4989},
  url = {http://dx.doi.org/10.1017/pan.2017.15},
  DOI = {10.1017/pan.2017.15},
  number = {4},
  journal = {Political Analysis},
  publisher = {Cambridge University Press (CUP)},
  author = {Grimmer,  Justin and Messing,  Solomon and Westwood,  Sean J.},
  year = {2017},
  month = sep,
  pages = {413–434}
}",article,Political Analysis,Cambridge University Press (CUP),2017,Y,hybrid/subscription,university-press,not listed in DOAJ,0,0,100,100,1,REVIEW_REQUIRED,REVIEW_REQUIRED,REVIEW_REQUIRED,REVIEW_REQUIRED,REVIEW_REQUIRED,,REVIEW_REQUIRED,0
Powers2018,"@article{Powers2018,
  title = {Some methods for heterogeneous treatment effect estimation in high dimensions},
  volume = {37},
  ISSN = {1097-0258},
  url = {http://dx.doi.org/10.1002/sim.7623},
  DOI = {10.1002/sim.7623},
  number = {11},
  journal = {Statistics in Medicine},
  publisher = {Wiley},
  author = {Powers,  Scott and Qian,  Junyang and Jung,  Kenneth and Schuler,  Alejandro and Shah,  Nigam H. and Hastie,  Trevor and Tibshirani,  Robert},
  year = {2018},
  month = mar,
  pages = {1767–1787}
}",article,Statistics in Medicine,Wiley,2018,Y,hybrid/subscription,commercial,not listed in DOAJ,0,0,50,50,1,REVIEW_REQUIRED,REVIEW_REQUIRED,REVIEW_REQUIRED,REVIEW_REQUIRED,REVIEW_REQUIRED,,REVIEW_REQUIRED,0
NEURIPS2021_8526e096,"@inproceedings{NEURIPS2021_8526e096,
 author = {Curth, Alicia and van der Schaar, Mihaela},
 booktitle = {Advances in Neural Information Processing Systems},
 editor = {M. Ranzato and A. Beygelzimer and Y. Dauphin and P.S. Liang and J. Wortman Vaughan},
 pages = {15883--15894},
 publisher = {Curran Associates, Inc.},
 title = {On Inductive Biases for Heterogeneous Treatment Effect Estimation},
 url = {https://proceedings.neurips.cc/paper_files/paper/2021/file/8526e0962a844e4a2f158d831d5fddf7-Paper.pdf},
 volume = {34},
 year = {2021}
}",inproceedings,Advances in Neural Information Processing Systems,"Curran Associates, Inc.",2021,Y,conference,conference,entry type / proceedings title,0,0,100,100,1,REVIEW_REQUIRED,REVIEW_REQUIRED,REVIEW_REQUIRED,REVIEW_REQUIRED,REVIEW_REQUIRED,,REVIEW_REQUIRED,0
https://doi.org/10.48550/arxiv.2202.01336,"@misc{https://doi.org/10.48550/arxiv.2202.01336,
  doi = {10.48550/ARXIV.2202.01336},
  url = {https://arxiv.org/abs/2202.01336},
  author = {Zhang,  Yi-Fan and Zhang,  Hanlin and Lipton,  Zachary C. and Li,  Li Erran and Xing,  Eric P.},
  keywords = {Machine Learning (cs.LG),  FOS: Computer and information sciences,  FOS: Computer and information sciences},
  title = {Exploring Transformer Backbones for Heterogeneous Treatment Effect Estimation},
  publisher = {arXiv},
  year = {2022},
  copyright = {arXiv.org perpetual,  non-exclusive license}
}",misc,,arXiv,2022,N,preprint,preprint-server,entry type @misc,0,0,100,100,1,REVIEW_REQUIRED,REVIEW_REQUIRED,REVIEW_REQUIRED,REVIEW_REQUIRED,REVIEW_REQUIRED,,REVIEW_REQUIRED,1
pmlr-v202-wu23i,"@InProceedings{pmlr-v202-wu23i,
  title = 	 {Stable Estimation of Heterogeneous Treatment Effects},
  author =       {Wu, Anpeng and Kuang, Kun and Xiong, Ruoxuan and Li, Bo and Wu, Fei},
  booktitle = 	 {Proceedings of the 40th International Conference on Machine Learning},
  pages = 	 {37496--37510},
  year = 	 {2023},
  editor = 	 {Krause, Andreas and Brunskill, Emma and Cho, Kyunghyun and Engelhardt, Barbara and Sabato, Sivan and Scarlett, Jonathan},
  volume = 	 {202},
  series = 	 {Proceedings of Machine Learning Research},
  month = 	 {23--29 Jul},
  publisher =    {PMLR},
  pdf = 	 {https://proceedings.mlr.press/v202/wu23i/wu23i.pdf},
  url = 	 {https://proceedings.mlr.press/v202/wu23i.html},

}",inproceedings,Proceedings of the 40th International Conference on Machine Learning,PMLR,2023,Y,conference,conference,entry type / proceedings title,0,0,10,10,1,REVIEW_REQUIRED,REVIEW_REQUIRED,REVIEW_REQUIRED,REVIEW_REQUIRED,REVIEW_REQUIRED,,REVIEW_REQUIRED,0
Gao2021,"@article{Gao2021,
  title = {Assessment of heterogeneous treatment effect estimation accuracy via matching},
  volume = {40},
  ISSN = {1097-0258},
  url = {http://dx.doi.org/10.1002/sim.9010},
  DOI = {10.1002/sim.9010},
  number = {17},
  journal = {Statistics in Medicine},
  publisher = {Wiley},
  author = {Gao,  Zijun and Hastie,  Trevor and Tibshirani,  Robert},
  year = {2021},
  month = apr,
  pages = {3990–4013}
}",article,Statistics in Medicine,Wiley,2021,Y,hybrid/subscription,commercial,not listed in DOAJ,0,0,50,50,1,REVIEW_REQUIRED,REVIEW_REQUIRED,REVIEW_REQUIRED,REVIEW_REQUIRED,REVIEW_REQUIRED,,REVIEW_REQUIRED,0
Lyu2022,"@article{Lyu2022,
  title = {Estimating Heterogeneous Treatment Effects Within Latent Class Multilevel Models: A Bayesian Approach},
  volume = {48},
  ISSN = {1935-1054},
  url = {http://dx.doi.org/10.3102/10769986221115446},
  DOI = {10.3102/10769986221115446},
  number = {1},
  journal = {Journal of Educational and Behavioral Statistics},
  publisher = {American Educational Research Association (AERA)},
  author = {Lyu,  Weicong and Kim,  Jee-Seon and Suk,  Youmi},
  year = {2022},
  month = aug,
  pages = {3–36}
}",article,Journal of Educational and Behavioral Statistics,American Educational Research Association (AERA),2022,Y,hybrid/subscription,society,not listed in DOAJ,0,0,200,200,1,REVIEW_REQUIRED,REVIEW_REQUIRED,REVIEW_REQUIRED,REVIEW_REQUIRED,REVIEW_REQUIRED,,REVIEW_REQUIRED,0
Feng2019,"@article{Feng2019,
  title = {Estimation of Heterogeneous Individual Treatment Effects With Endogenous Treatments},
  volume = {115},
  ISSN = {1537-274X},
  url = {http://dx.doi.org/10.1080/01621459.2018.1543121},
  DOI = {10.1080/01621459.2018.1543121},
  number = {529},
  journal = {Journal of the American Statistical Association},
  publisher = {Informa UK Limited},
  author = {Feng,  Qian and Vuong,  Quang and Xu,  Haiqing},
  year = {2019},
  month = apr,
  pages = {231–240}
}",article,Journal of the American Statistical Association,Informa UK Limited,2019,Y,hybrid/subscription,commercial,not listed in DOAJ,0,0,200,200,1,REVIEW_REQUIRED,REVIEW_REQUIRED,REVIEW_REQUIRED,REVIEW_REQUIRED,REVIEW_REQUIRED,,REVIEW_REQUIRED,0
https://doi.org/10.48550/arxiv.2407.05287,"@misc{https://doi.org/10.48550/arxiv.2407.05287,
  doi = {10.48550/ARXIV.2407.05287},
  url = {https://arxiv.org/abs/2407.05287},
  author = {Frauen,  Dennis and Hess,  Konstantin and Feuerriegel,  Stefan},
  keywords = {Machine Learning (cs.LG),  Machine Learning (stat.ML),  FOS: Computer and information sciences,  FOS: Computer and information sciences},
  title = {Model-agnostic meta-learners for estimating heterogeneous treatment effects over time},
  publisher = {arXiv},
  year = {2024},
  copyright = {arXiv.org perpetual,  non-exclusive license}
}",misc,,arXiv,2024,N,preprint,preprint-server,entry type @misc,0,0,5,5,1,REVIEW_REQUIRED,REVIEW_REQUIRED,REVIEW_REQUIRED,REVIEW_REQUIRED,REVIEW_REQUIRED,,REVIEW_REQUIRED,1
Gong2021,"@article{Gong2021,
  title = {Heterogeneous treatment effect analysis based on machine‐learning methodology},
  volume = {10},
  ISSN = {2163-8306},
  url = {http://dx.doi.org/10.1002/psp4.12715},
  DOI = {10.1002/psp4.12715},
  number = {11},
  journal = {CPT: Pharmacometrics &amp; Systems Pharmacology},
  publisher = {Wiley},
  author = {Gong,  Xiajing and Hu,  Meng and Basu,  Mahashweta and Zhao,  Liang},
  year = {2021},
  month = oct,
  pages = {1433–1443}
}",article,CPT: Pharmacometrics &amp; Systems Pharmacology,Wiley,2021,Y,hybrid/subscription,commercial,not listed in DOAJ,0,0,200,200,1,REVIEW_REQUIRED,REVIEW_REQUIRED,REVIEW_REQUIRED,REVIEW_REQUIRED,REVIEW_REQUIRED,,REVIEW_REQUIRED,0
McJames2024,"@article{McJames2024,
  title = {Bayesian causal forests for multivariate outcomes: application to Irish data from an international large scale education assessment},
  volume = {188},
  ISSN = {1467-985X},
  url = {http://dx.doi.org/10.1093/jrsssa/qnae049},
  DOI = {10.1093/jrsssa/qnae049},
  number = {2},
  journal = {Journal of the Royal Statistical Society Series A: Statistics in Society},
  publisher = {Oxford University Press (OUP)},
  author = {McJames,  Nathan and O’Shea,  Ann and Goh,  Yong Chen and Parnell,  Andrew},
  year = {2024},
  month = may,
  pages = {428–450}
}",article,Journal of the Royal Statistical Society Series A: Statistics in Society,Oxford University Press (OUP),2024,Y,hybrid/subscription,university-press,not listed in DOAJ,0,0,1000,1000,1,REVIEW_REQUIRED,REVIEW_REQUIRED,REVIEW_REQUIRED,REVIEW_REQUIRED,REVIEW_REQUIRED,,REVIEW_REQUIRED,0
Caron2022,"@article{Caron2022,
  title = {Estimating Individual Treatment Effects using Non-Parametric Regression Models: a Review},
  volume = {185},
  ISSN = {1467-985X},
  url = {http://dx.doi.org/10.1111/rssa.12824},
  DOI = {10.1111/rssa.12824},
  number = {3},
  journal = {Journal of the Royal Statistical Society Series A: Statistics in Society},
  publisher = {Oxford University Press (OUP)},
  author = {Caron,  Alberto and Baio,  Gianluca and Manolopoulou,  Ioanna},
  year = {2022},
  month = mar,
  pages = {1115–1149}
}",article,Journal of the Royal Statistical Society Series A: Statistics in Society,Oxford University Press (OUP),2022,Y,hybrid/subscription,university-press,not listed in DOAJ,0,0,1000,1000,1,REVIEW_REQUIRED,REVIEW_REQUIRED,REVIEW_REQUIRED,REVIEW_REQUIRED,REVIEW_REQUIRED,,REVIEW_REQUIRED,0
nie2021nonparametric,"@incollection{nie2021nonparametric,
  title={Nonparametric heterogeneous treatment effect estimation in repeated cross sectional designs},
  author={Nie, Xinkun and Lu, Chen and Wager, Stefan},
  booktitle={Handbook of Statistical Methods for Precision Medicine},
  pages={181--206},
  year={2021},
  publisher={Chapman and Hall/CRC}
}",incollection,Handbook of Statistical Methods for Precision Medicine,Chapman and Hall/CRC,2021,Y,book-chapter,other,entry type @incollection/@book,0,0,200,200,1,REVIEW_REQUIRED,REVIEW_REQUIRED,REVIEW_REQUIRED,REVIEW_REQUIRED,REVIEW_REQUIRED,,REVIEW_REQUIRED,0
NEURIPS2020_f75b757d,"@inproceedings{NEURIPS2020_f75b757d,
 author = {Gao, Zijun and Han, Yanjun},
 booktitle = {Advances in Neural Information Processing Systems},
 editor = {H. Larochelle and M. Ranzato and R. Hadsell and M.F. Balcan and H. Lin},
 pages = {21751--21762},
 publisher = {Curran Associates, Inc.},
 title = {Minimax Optimal Nonparametric Estimation of Heterogeneous Treatment Effects},
 url = {https://proceedings.neurips.cc/paper_files/paper/2020/file/f75b757d3459c3e93e98ddab7b903938-Paper.pdf},
 volume = {33},
 year = {2020}
}",inproceedings,Advances in Neural Information Processing Systems,"Curran Associates, Inc.",2020,Y,conference,conference,entry type / proceedings title,0,0,100,100,1,REVIEW_REQUIRED,REVIEW_REQUIRED,REVIEW_REQUIRED,REVIEW_REQUIRED,REVIEW_REQUIRED,,REVIEW_REQUIRED,0
https://doi.org/10.48550/arxiv.2410.06377,"@misc{https://doi.org/10.48550/arxiv.2410.06377,
  doi = {10.48550/ARXIV.2410.06377},
  url = {https://arxiv.org/abs/2410.06377},
  author = {Zhang,  Xinhai and Qiao,  Xingye},
  keywords = {Methodology (stat.ME),  FOS: Computer and information sciences,  FOS: Computer and information sciences},
  title = {A Non-parametric Direct Learning Approach to Heterogeneous Treatment Effect Estimation under Unmeasured Confounding},
  publisher = {arXiv},
  year = {2024},
  copyright = {Creative Commons Attribution 4.0 International}
}",misc,,arXiv,2024,N,preprint,preprint-server,entry type @misc,0,0,100,100,1,REVIEW_REQUIRED,REVIEW_REQUIRED,REVIEW_REQUIRED,REVIEW_REQUIRED,REVIEW_REQUIRED,,REVIEW_REQUIRED,1
Tabib2019,"@article{Tabib2019,
  title = {Non-parametric individual treatment effect estimation for survival data with random forests},
  volume = {36},
  ISSN = {1367-4811},
  url = {http://dx.doi.org/10.1093/bioinformatics/btz602},
  DOI = {10.1093/bioinformatics/btz602},
  number = {2},
  journal = {Bioinformatics},
  publisher = {Oxford University Press (OUP)},
  author = {Tabib,  Sami and Larocque,  Denis},
  editor = {Wren,  Jonathan},
  year = {2019},
  month = aug,
  pages = {629–636}
}",article,Bioinformatics,Oxford University Press (OUP),2019,Y,hybrid/subscription,university-press,not listed in DOAJ,0,0,100,100,1,REVIEW_REQUIRED,REVIEW_REQUIRED,REVIEW_REQUIRED,REVIEW_REQUIRED,REVIEW_REQUIRED,,REVIEW_REQUIRED,0
Frlich2017,"@article{Frlich2017,
  title = {The finite sample performance of semi- and non-parametric estimators for treatment effects and policy evaluation},
  volume = {115},
  ISSN = {0167-9473},
  url = {http://dx.doi.org/10.1016/j.csda.2017.05.007},
  DOI = {10.1016/j.csda.2017.05.007},
  journal = {Computational Statistics &amp; Data Analysis},
  publisher = {Elsevier BV},
  author = {Fr\""{o}lich,  Markus and Huber,  Martin and Wiesenfarth,  Manuel},
  year = {2017},
  month = nov,
  pages = {91–102}
}",article,Computational Statistics &amp; Data Analysis,Elsevier BV,2017,Y,hybrid/subscription,commercial,not listed in DOAJ,0,0,1000,1000,1,REVIEW_REQUIRED,REVIEW_REQUIRED,REVIEW_REQUIRED,REVIEW_REQUIRED,REVIEW_REQUIRED,,REVIEW_REQUIRED,0
Rubinstein2023,"@article{Rubinstein2023,
  title = {Heterogeneous interventional effects with multiple mediators: Semiparametric and nonparametric approaches},
  volume = {11},
  ISSN = {2193-3685},
  url = {http://dx.doi.org/10.1515/jci-2022-0070},
  DOI = {10.1515/jci-2022-0070},
  number = {1},
  journal = {Journal of Causal Inference},
  publisher = {Walter de Gruyter GmbH},
  author = {Rubinstein,  Max and Branson,  Zach and Kennedy,  Edward H.},
  year = {2023},
  month = jan 
}",article,Journal of Causal Inference,Walter de Gruyter GmbH,2023,Y,gold-OA,commercial,DOAJ exact title match (2193-3677;2193-3685),1,1,1000,1000,1,REVIEW_REQUIRED,REVIEW_REQUIRED,REVIEW_REQUIRED,REVIEW_REQUIRED,REVIEW_REQUIRED,,REVIEW_REQUIRED,0
Kim2024,"@article{Kim2024,
  title = {Bayesian Nonparametric Model for Heterogeneous Treatment Effects With Zero‐Inflated Data},
  volume = {43},
  ISSN = {1097-0258},
  url = {http://dx.doi.org/10.1002/sim.10266},
  DOI = {10.1002/sim.10266},
  number = {30},
  journal = {Statistics in Medicine},
  publisher = {Wiley},
  author = {Kim,  Chanmin and Li,  Yisheng and Xu,  Ting and Liao,  Zhongxing},
  year = {2024},
  month = nov,
  pages = {5968–5982}
}",article,Statistics in Medicine,Wiley,2024,Y,hybrid/subscription,commercial,not listed in DOAJ,0,0,200,200,1,REVIEW_REQUIRED,REVIEW_REQUIRED,REVIEW_REQUIRED,REVIEW_REQUIRED,REVIEW_REQUIRED,,REVIEW_REQUIRED,0
Park2023,"@article{Park2023,
  title = {A groupwise approach for inferring heterogeneous treatment effects in causal inference},
  volume = {187},
  ISSN = {1467-985X},
  url = {http://dx.doi.org/10.1093/jrsssa/qnad125},
  DOI = {10.1093/jrsssa/qnad125},
  number = {2},
  journal = {Journal of the Royal Statistical Society Series A: Statistics in Society},
  publisher = {Oxford University Press (OUP)},
  author = {Park,  Chan and Kang,  Hyunseung},
  year = {2023},
  month = nov,
  pages = {374–392}
}",article,Journal of the Royal Statistical Society Series A: Statistics in Society,Oxford University Press (OUP),2023,Y,hybrid/subscription,university-press,not listed in DOAJ,0,0,500,500,1,REVIEW_REQUIRED,REVIEW_REQUIRED,REVIEW_REQUIRED,REVIEW_REQUIRED,REVIEW_REQUIRED,,REVIEW_REQUIRED,0
https://doi.org/10.48550/arxiv.2410.11797,"@misc{https://doi.org/10.48550/arxiv.2410.11797,
  doi = {10.48550/ARXIV.2410.11797},
  url = {https://arxiv.org/abs/2410.11797},
  author = {Bong,  Heejong and Fogarty,  Colin B. and Levina,  Elizaveta and Zhu,  Ji},
  keywords = {Methodology (stat.ME),  FOS: Computer and information sciences,  FOS: Computer and information sciences},
  title = {Heterogeneous Treatment Effects under Network Interference: A Nonparametric Approach Based on Node Connectivity},
  publisher = {arXiv},
  year = {2024},
  copyright = {Creative Commons Attribution 4.0 International}
}",misc,,arXiv,2024,N,preprint,preprint-server,entry type @misc,0,0,80,80,1,REVIEW_REQUIRED,REVIEW_REQUIRED,REVIEW_REQUIRED,REVIEW_REQUIRED,REVIEW_REQUIRED,,REVIEW_REQUIRED,1
Caron2022,"@article{Caron2022,
  title = {Shrinkage Bayesian Causal Forests for Heterogeneous Treatment Effects Estimation},
  volume = {31},
  ISSN = {1537-2715},
  url = {http://dx.doi.org/10.1080/10618600.2022.2067549},
  DOI = {10.1080/10618600.2022.2067549},
  number = {4},
  journal = {Journal of Computational and Graphical Statistics},
  publisher = {Informa UK Limited},
  author = {Caron,  Alberto and Baio,  Gianluca and Manolopoulou,  Ioanna},
  year = {2022},
  month = may,
  pages = {1202–1214}
}",article,Journal of Computational and Graphical Statistics,Informa UK Limited,2022,Y,hybrid/subscription,commercial,not listed in DOAJ,0,0,1000,1000,1,REVIEW_REQUIRED,REVIEW_REQUIRED,REVIEW_REQUIRED,REVIEW_REQUIRED,REVIEW_REQUIRED,,REVIEW_REQUIRED,0
Brantner2024,"@article{Brantner2024,
  title = {Comparison of methods that combine multiple randomized trials to estimate heterogeneous treatment effects},
  volume = {43},
  ISSN = {1097-0258},
  url = {http://dx.doi.org/10.1002/sim.9955},
  DOI = {10.1002/sim.9955},
  number = {7},
  journal = {Statistics in Medicine},
  publisher = {Wiley},
  author = {Brantner,  Carly Lupton and Nguyen,  Trang Quynh and Tang,  Tengjie and Zhao,  Congwen and Hong,  Hwanhee and Stuart,  Elizabeth A.},
  year = {2024},
  month = jan,
  pages = {1291–1314}
}",article,Statistics in Medicine,Wiley,2024,Y,hybrid/subscription,commercial,not listed in DOAJ,0,0,1000,1000,1,REVIEW_REQUIRED,REVIEW_REQUIRED,REVIEW_REQUIRED,REVIEW_REQUIRED,REVIEW_REQUIRED,,REVIEW_REQUIRED,0
NEURIPS2021_e0eacd98,"@inproceedings{NEURIPS2021_e0eacd98,
 author = {Curth, Alicia and Lee, Changhee and van der Schaar, Mihaela},
 booktitle = {Advances in Neural Information Processing Systems},
 editor = {M. Ranzato and A. Beygelzimer and Y. Dauphin and P.S. Liang and J. Wortman Vaughan},
 pages = {26740--26753},
 publisher = {Curran Associates, Inc.},
 title = {SurvITE: Learning Heterogeneous Treatment Effects from Time-to-Event Data},
 url = {https://proceedings.neurips.cc/paper_files/paper/2021/file/e0eacd983971634327ae1819ea8b6214-Paper.pdf},
 volume = {34},
 year = {2021}
}",inproceedings,Advances in Neural Information Processing Systems,"Curran Associates, Inc.",2021,Y,conference,conference,entry type / proceedings title,0,0,Not mentioned,,0,REVIEW_REQUIRED,REVIEW_REQUIRED,REVIEW_REQUIRED,REVIEW_REQUIRED,REVIEW_REQUIRED,,REVIEW_REQUIRED,0
Daz2021,"@article{Daz2021,
  title = {Nonparametric Causal Effects Based on Longitudinal Modified Treatment Policies},
  volume = {118},
  ISSN = {1537-274X},
  url = {http://dx.doi.org/10.1080/01621459.2021.1955691},
  DOI = {10.1080/01621459.2021.1955691},
  number = {542},
  journal = {Journal of the American Statistical Association},
  publisher = {Informa UK Limited},
  author = {Díaz,  Iván and Williams,  Nicholas and Hoffman,  Katherine L. and Schenck,  Edward J.},
  year = {2021},
  month = sep,
  pages = {846–857}
}",article,Journal of the American Statistical Association,Informa UK Limited,2021,Y,hybrid/subscription,commercial,not listed in DOAJ,0,0,1000,1000,1,REVIEW_REQUIRED,REVIEW_REQUIRED,REVIEW_REQUIRED,REVIEW_REQUIRED,REVIEW_REQUIRED,,REVIEW_REQUIRED,0
https://doi.org/10.48550/arxiv.2203.10975,"@misc{https://doi.org/10.48550/arxiv.2203.10975,
  doi = {10.48550/ARXIV.2203.10975},
  url = {https://arxiv.org/abs/2203.10975},
  author = {Wan,  Shu and Zheng,  Chen and Sun,  Zhonggen and Xu,  Mengfan and Yang,  Xiaoqing and Zhu,  Hongtu and Guo,  Jiecheng},
  keywords = {Machine Learning (stat.ML),  Machine Learning (cs.LG),  Applications (stat.AP),  Methodology (stat.ME),  FOS: Computer and information sciences,  FOS: Computer and information sciences},
  title = {GCF: Generalized Causal Forest for Heterogeneous Treatment Effect Estimation in Online Marketplace},
  publisher = {arXiv},
  year = {2022},
  copyright = {arXiv.org perpetual,  non-exclusive license}
}",misc,,arXiv,2022,N,preprint,preprint-server,entry type @misc,0,0,100,100,1,REVIEW_REQUIRED,REVIEW_REQUIRED,REVIEW_REQUIRED,REVIEW_REQUIRED,REVIEW_REQUIRED,,REVIEW_REQUIRED,1
Heiler2024,"@article{Heiler2024,
  title = {Heterogeneous treatment effect bounds under sample selection with an application to the effects of social media on political polarization},
  volume = {244},
  ISSN = {0304-4076},
  url = {http://dx.doi.org/10.1016/j.jeconom.2024.105856},
  DOI = {10.1016/j.jeconom.2024.105856},
  number = {1},
  journal = {Journal of Econometrics},
  publisher = {Elsevier BV},
  author = {Heiler,  Phillip},
  year = {2024},
  month = aug,
  pages = {105856}
}",article,Journal of Econometrics,Elsevier BV,2024,Y,hybrid/subscription,commercial,not listed in DOAJ,0,0,1000,1000,1,REVIEW_REQUIRED,REVIEW_REQUIRED,REVIEW_REQUIRED,REVIEW_REQUIRED,REVIEW_REQUIRED,,REVIEW_REQUIRED,0
Shin2023,"@article{Shin2023,
  title = {Improved Inference for Doubly Robust Estimators of Heterogeneous Treatment Effects},
  volume = {79},
  ISSN = {1541-0420},
  url = {http://dx.doi.org/10.1111/biom.13837},
  DOI = {10.1111/biom.13837},
  number = {4},
  journal = {Biometrics},
  publisher = {Oxford University Press (OUP)},
  author = {Shin,  Heejun and Antonelli,  Joseph},
  year = {2023},
  month = feb,
  pages = {3140–3152}
}",article,Biometrics,Oxford University Press (OUP),2023,Y,hybrid/subscription,university-press,not listed in DOAJ,0,0,500,500,1,REVIEW_REQUIRED,REVIEW_REQUIRED,REVIEW_REQUIRED,REVIEW_REQUIRED,REVIEW_REQUIRED,,REVIEW_REQUIRED,0
https://doi.org/10.48550/arxiv.2407.07067,"@misc{https://doi.org/10.48550/arxiv.2407.07067,
  doi = {10.48550/ARXIV.2407.07067},
  url = {https://arxiv.org/abs/2407.07067},
  author = {Thal,  Dan R. C. and Forrow,  Lauren V. and Lipman,  Erin R. and Starling,  Jennifer E. and Finucane,  Mariel M.},
  keywords = {Methodology (stat.ME),  FOS: Computer and information sciences,  FOS: Computer and information sciences},
  title = {Aggregate Bayesian Causal Forests: The ABCs of Flexible Causal Inference for Hierarchically Structured Data},
  publisher = {arXiv},
  year = {2024},
  copyright = {Creative Commons Attribution 4.0 International}
}",misc,,arXiv,2024,N,preprint,preprint-server,entry type @misc,0,0,200,200,1,REVIEW_REQUIRED,REVIEW_REQUIRED,REVIEW_REQUIRED,REVIEW_REQUIRED,REVIEW_REQUIRED,,REVIEW_REQUIRED,1
Kim2025,"@article{Kim2025,
  title = {Bayesian nonparametric trees for principal causal effects},
  volume = {81},
  ISSN = {1541-0420},
  url = {http://dx.doi.org/10.1093/biomtc/ujaf024},
  DOI = {10.1093/biomtc/ujaf024},
  number = {1},
  journal = {Biometrics},
  publisher = {Oxford University Press (OUP)},
  author = {Kim,  Chanmin and Zigler,  Corwin},
  year = {2025},
  month = jan 
}",article,Biometrics,Oxford University Press (OUP),2025,Y,hybrid/subscription,university-press,not listed in DOAJ,0,0,200,200,1,REVIEW_REQUIRED,REVIEW_REQUIRED,REVIEW_REQUIRED,REVIEW_REQUIRED,REVIEW_REQUIRED,,REVIEW_REQUIRED,0
10.1214/20-AOAS1438,"@article{10.1214/20-AOAS1438,
author = {Jennifer E. Starling and Jared S. Murray and Patricia A. Lohr and Abigail R. A. Aiken and Carlos M. Carvalho and James G. Scott},
title = {{Targeted Smooth Bayesian Causal Forests: An analysis of heterogeneous treatment effects for simultaneous vs. interval medical abortion regimens over gestation}},
volume = {15},
journal = {The Annals of Applied Statistics},
number = {3},
publisher = {Institute of Mathematical Statistics},
pages = {1194 -- 1219},
keywords = {Bayesian additive regression tree, Causal inference, Gaussian process, heterogeneous treatment effects, regularization},
year = {2021},
doi = {10.1214/20-AOAS1438},
URL = {https://doi.org/10.1214/20-AOAS1438}
}",article,The Annals of Applied Statistics,Institute of Mathematical Statistics,2021,Y,hybrid/subscription,society,not listed in DOAJ,0,0,50,50,1,REVIEW_REQUIRED,REVIEW_REQUIRED,REVIEW_REQUIRED,REVIEW_REQUIRED,REVIEW_REQUIRED,,REVIEW_REQUIRED,0
https://doi.org/10.48550/arxiv.2407.11927,"@misc{https://doi.org/10.48550/arxiv.2407.11927,
  doi = {10.48550/ARXIV.2407.11927},
  url = {https://arxiv.org/abs/2407.11927},
  author = {McJames,  Nathan and O'Shea,  Ann and Parnell,  Andrew},
  keywords = {Machine Learning (stat.ML),  Machine Learning (cs.LG),  Applications (stat.AP),  FOS: Computer and information sciences,  FOS: Computer and information sciences},
  title = {Bayesian Causal Forests for Longitudinal Data: Assessing the Impact of Part-Time Work on Growth in High School Mathematics Achievement},
  publisher = {arXiv},
  year = {2024},
  copyright = {Creative Commons Attribution 4.0 International}
}",misc,,arXiv,2024,N,preprint,preprint-server,entry type @misc,0,0,1000,1000,1,REVIEW_REQUIRED,REVIEW_REQUIRED,REVIEW_REQUIRED,REVIEW_REQUIRED,REVIEW_REQUIRED,,REVIEW_REQUIRED,1
10.1214/21-AOAS1579,"@article{10.1214/21-AOAS1579,
author = {Falco J. Bargagli-Stoffi and Kristof De Witte and Giorgio Gnecco},
title = {{Heterogeneous causal effects with imperfect compliance: A Bayesian machine learning approach}},
volume = {16},
journal = {The Annals of Applied Statistics},
number = {3},
publisher = {Institute of Mathematical Statistics},
pages = {1986 -- 2009},
keywords = {Causal inference, Heterogeneous effects, instrumental variable, Interpretable machine learning, school funding, students’ performance},
year = {2022},
doi = {10.1214/21-AOAS1579},
URL = {https://doi.org/10.1214/21-AOAS1579}
}",article,The Annals of Applied Statistics,Institute of Mathematical Statistics,2022,Y,hybrid/subscription,society,not listed in DOAJ,0,0,500,500,1,REVIEW_REQUIRED,REVIEW_REQUIRED,REVIEW_REQUIRED,REVIEW_REQUIRED,REVIEW_REQUIRED,,REVIEW_REQUIRED,0
https://doi.org/10.48550/arxiv.2504.03480,"@misc{https://doi.org/10.48550/arxiv.2504.03480,
  doi = {10.48550/ARXIV.2504.03480},
  url = {https://arxiv.org/abs/2504.03480},
  author = {Zorzetto,  Dafne and Landy,  Jenna and Zigler,  Corwin and Parmigiani,  Giovanni and De Vito,  Roberta},
  keywords = {Methodology (stat.ME),  FOS: Computer and information sciences,  FOS: Computer and information sciences},
  title = {Multivariate Causal Effects: a Bayesian Causal Regression Factor Model},
  publisher = {arXiv},
  year = {2025},
  copyright = {Creative Commons Attribution 4.0 International}
}",misc,,arXiv,2025,N,preprint,preprint-server,entry type @misc,0,0,50,50,1,REVIEW_REQUIRED,REVIEW_REQUIRED,REVIEW_REQUIRED,REVIEW_REQUIRED,REVIEW_REQUIRED,,REVIEW_REQUIRED,1
Pang2016,"@article{Pang2016,
  title = {Effect Estimation in Point-Exposure Studies with Binary Outcomes and High-Dimensional Covariate Data – A Comparison of Targeted Maximum Likelihood Estimation and Inverse Probability of Treatment Weighting},
  volume = {12},
  ISSN = {1557-4679},
  url = {http://dx.doi.org/10.1515/ijb-2015-0034},
  DOI = {10.1515/ijb-2015-0034},
  number = {2},
  journal = {The International Journal of Biostatistics},
  publisher = {Walter de Gruyter GmbH},
  author = {Pang,  Menglan and Schuster,  Tibor and Filion,  Kristian B. and Schnitzer,  Mireille E. and Eberg,  Maria and Platt,  Robert W.},
  year = {2016},
  month = nov 
}",article,The International Journal of Biostatistics,Walter de Gruyter GmbH,2016,Y,hybrid/subscription,commercial,not listed in DOAJ,0,0,1000,1000,1,REVIEW_REQUIRED,REVIEW_REQUIRED,REVIEW_REQUIRED,REVIEW_REQUIRED,REVIEW_REQUIRED,,REVIEW_REQUIRED,0
Mayer2020,"@article{Mayer2020,
  title = {Doubly robust treatment effect estimation with missing attributes},
  volume = {14},
  ISSN = {1932-6157},
  url = {http://dx.doi.org/10.1214/20-AOAS1356},
  DOI = {10.1214/20-aoas1356},
  number = {3},
  journal = {The Annals of Applied Statistics},
  publisher = {Institute of Mathematical Statistics},
  author = {Mayer,  Imke and Sverdrup,  Erik and Gauss,  Tobias and Moyer,  Jean-Denis and Wager,  Stefan and Josse,  Julie},
  year = {2020},
  month = sep 
}",article,The Annals of Applied Statistics,Institute of Mathematical Statistics,2020,Y,hybrid/subscription,society,not listed in DOAJ,0,0,100,100,1,REVIEW_REQUIRED,REVIEW_REQUIRED,REVIEW_REQUIRED,REVIEW_REQUIRED,REVIEW_REQUIRED,,REVIEW_REQUIRED,0
Chaudhuri2025,"@article{Chaudhuri2025,
  title = {Heavy tail robust estimation and inference for average treatment effects},
  volume = {44},
  ISSN = {1532-4168},
  url = {http://dx.doi.org/10.1080/07474938.2024.2444229},
  DOI = {10.1080/07474938.2024.2444229},
  number = {5},
  journal = {Econometric Reviews},
  publisher = {Informa UK Limited},
  author = {Chaudhuri,  Saraswata and Hill,  Jonathan B.},
  year = {2025},
  month = jan,
  pages = {544–586}
}",article,Econometric Reviews,Informa UK Limited,2025,Y,hybrid/subscription,commercial,not listed in DOAJ,0,0,10000,10000,1,REVIEW_REQUIRED,REVIEW_REQUIRED,REVIEW_REQUIRED,REVIEW_REQUIRED,REVIEW_REQUIRED,,REVIEW_REQUIRED,0
https://doi.org/10.48550/arxiv.2308.02005,"@misc{https://doi.org/10.48550/arxiv.2308.02005,
  doi = {10.48550/ARXIV.2308.02005},
  url = {https://arxiv.org/abs/2308.02005},
  author = {Zhu,  Jianan and Zhang,  Jeffrey and Guo,  Zijian and Heng,  Siyu},
  keywords = {Methodology (stat.ME),  FOS: Computer and information sciences,  FOS: Computer and information sciences},
  title = {Randomization-Based Inference for Average Treatment Effects in Inexactly Matched Observational Studies},
  publisher = {arXiv},
  year = {2023},
  copyright = {arXiv.org perpetual,  non-exclusive license}
}",misc,,arXiv,2023,N,preprint,preprint-server,entry type @misc,0,0,1000,1000,1,REVIEW_REQUIRED,REVIEW_REQUIRED,REVIEW_REQUIRED,REVIEW_REQUIRED,REVIEW_REQUIRED,,REVIEW_REQUIRED,1
sloczynski2022doubly,"@article{sloczynski2022doubly,
  title={Doubly robust estimation of local average treatment effects using inverse probability weighted regression adjustment},
  author={S{\l}oczy{\'n}ski, Tymon and Uysal, S Derya and Wooldridge, Jeffrey M},
  year={2022},
  publisher={JSTOR}
}",article,,JSTOR,2022,REVIEW_REQUIRED,working-paper,other,no journal or booktitle field,0,0,1000,1000,1,REVIEW_REQUIRED,REVIEW_REQUIRED,REVIEW_REQUIRED,REVIEW_REQUIRED,REVIEW_REQUIRED,,REVIEW_REQUIRED,0
Scotina2019,"@article{Scotina2019,
  title = {Matching estimators for causal effects of multiple treatments},
  volume = {29},
  ISSN = {1477-0334},
  url = {http://dx.doi.org/10.1177/0962280219850858},
  DOI = {10.1177/0962280219850858},
  number = {4},
  journal = {Statistical Methods in Medical Research},
  publisher = {SAGE Publications},
  author = {Scotina,  Anthony D and Beaudoin,  Francesca L and Gutman,  Roee},
  year = {2019},
  month = may,
  pages = {1051–1066}
}",article,Statistical Methods in Medical Research,SAGE Publications,2019,Y,hybrid/subscription,commercial,not listed in DOAJ,0,0,500,500,1,REVIEW_REQUIRED,REVIEW_REQUIRED,REVIEW_REQUIRED,REVIEW_REQUIRED,REVIEW_REQUIRED,,REVIEW_REQUIRED,0
Kuang2017,"@article{Kuang2017,
  title = {Treatment Effect Estimation with Data-Driven Variable Decomposition},
  volume = {31},
  ISSN = {2159-5399},
  url = {http://dx.doi.org/10.1609/aaai.v31i1.10480},
  DOI = {10.1609/aaai.v31i1.10480},
  number = {1},
  journal = {Proceedings of the AAAI Conference on Artificial Intelligence},
  publisher = {Association for the Advancement of Artificial Intelligence (AAAI)},
  author = {Kuang,  Kun and Cui,  Peng and Li,  Bo and Jiang,  Meng and Yang,  Shiqiang and Wang,  Fei},
  year = {2017},
  month = feb 
}",article,Proceedings of the AAAI Conference on Artificial Intelligence,Association for the Advancement of Artificial Intelligence (AAAI),2017,Y,conference,conference,entry type / proceedings title,0,0,50,50,1,REVIEW_REQUIRED,REVIEW_REQUIRED,REVIEW_REQUIRED,REVIEW_REQUIRED,REVIEW_REQUIRED,,REVIEW_REQUIRED,0
Khan2023,"@article{Khan2023,
  title = {Adaptive normalization for IPW estimation},
  volume = {11},
  ISSN = {2193-3685},
  url = {http://dx.doi.org/10.1515/jci-2022-0019},
  DOI = {10.1515/jci-2022-0019},
  number = {1},
  journal = {Journal of Causal Inference},
  publisher = {Walter de Gruyter GmbH},
  author = {Khan,  Samir and Ugander,  Johan},
  year = {2023},
  month = jan 
}",article,Journal of Causal Inference,Walter de Gruyter GmbH,2023,Y,gold-OA,commercial,DOAJ exact title match (2193-3677;2193-3685),1,1,100000,100000,1,REVIEW_REQUIRED,REVIEW_REQUIRED,REVIEW_REQUIRED,REVIEW_REQUIRED,REVIEW_REQUIRED,,REVIEW_REQUIRED,0
Schochet2022,"@article{Schochet2022,
  title = {Estimating complier average causal effects for clustered RCTs when the treatment affects the service population},
  volume = {10},
  ISSN = {2193-3685},
  url = {http://dx.doi.org/10.1515/jci-2022-0033},
  DOI = {10.1515/jci-2022-0033},
  number = {1},
  journal = {Journal of Causal Inference},
  publisher = {Walter de Gruyter GmbH},
  author = {Schochet,  Peter Z.},
  year = {2022},
  month = jan,
  pages = {300–334}
}",article,Journal of Causal Inference,Walter de Gruyter GmbH,2022,Y,gold-OA,commercial,DOAJ exact title match (2193-3677;2193-3685),1,1,1000,1000,1,REVIEW_REQUIRED,REVIEW_REQUIRED,REVIEW_REQUIRED,REVIEW_REQUIRED,REVIEW_REQUIRED,,REVIEW_REQUIRED,0
Bijwaard2018,"@article{Bijwaard2018,
  title = {An IPW estimator for mediation effects in hazard models: with an application to schooling,  cognitive ability and mortality},
  volume = {57},
  ISSN = {1435-8921},
  url = {http://dx.doi.org/10.1007/s00181-018-1432-9},
  DOI = {10.1007/s00181-018-1432-9},
  number = {1},
  journal = {Empirical Economics},
  publisher = {Springer Science and Business Media LLC},
  author = {Bijwaard,  Govert E. and Jones,  Andrew M.},
  year = {2018},
  month = may,
  pages = {129–175}
}",article,Empirical Economics,Springer Science and Business Media LLC,2018,Y,hybrid/subscription,commercial,not listed in DOAJ,0,0,100,100,1,REVIEW_REQUIRED,REVIEW_REQUIRED,REVIEW_REQUIRED,REVIEW_REQUIRED,REVIEW_REQUIRED,,REVIEW_REQUIRED,0
Linden2015,"@article{Linden2015,
  title = {Estimating causal effects for multivalued treatments: a comparison of approaches},
  volume = {35},
  ISSN = {1097-0258},
  url = {http://dx.doi.org/10.1002/sim.6768},
  DOI = {10.1002/sim.6768},
  number = {4},
  journal = {Statistics in Medicine},
  publisher = {Wiley},
  author = {Linden,  Ariel and Uysal,  S. Derya and Ryan,  Andrew and Adams,  John L.},
  year = {2015},
  month = oct,
  pages = {534–552}
}",article,Statistics in Medicine,Wiley,2015,Y,hybrid/subscription,commercial,not listed in DOAJ,0,0,10000,10000,1,REVIEW_REQUIRED,REVIEW_REQUIRED,REVIEW_REQUIRED,REVIEW_REQUIRED,REVIEW_REQUIRED,,REVIEW_REQUIRED,0
Lee2021,"@article{Lee2021,
  title = {Partially Pooled Propensity Score Models for Average Treatment Effect Estimation with Multilevel Data},
  volume = {184},
  ISSN = {1467-985X},
  url = {http://dx.doi.org/10.1111/rssa.12741},
  DOI = {10.1111/rssa.12741},
  number = {4},
  journal = {Journal of the Royal Statistical Society Series A: Statistics in Society},
  publisher = {Oxford University Press (OUP)},
  author = {Lee,  Youjin and Nguyen,  Trang Q. and Stuart,  Elizabeth A.},
  year = {2021},
  month = sep,
  pages = {1578–1598}
}",article,Journal of the Royal Statistical Society Series A: Statistics in Society,Oxford University Press (OUP),2021,Y,hybrid/subscription,university-press,not listed in DOAJ,0,0,1000,1000,1,REVIEW_REQUIRED,REVIEW_REQUIRED,REVIEW_REQUIRED,REVIEW_REQUIRED,REVIEW_REQUIRED,,REVIEW_REQUIRED,0
NEURIPS2024_0fd3d809,"@inproceedings{NEURIPS2024_0fd3d809,
 author = {Lee, Joowon and Huling, Jared D. and Chen, Guanhua},
 booktitle = {Advances in Neural Information Processing Systems},
 editor = {A. Globerson and L. Mackey and D. Belgrave and A. Fan and U. Paquet and J. Tomczak and C. Zhang},
 pages = {8411--8476},
 publisher = {Curran Associates, Inc.},
 title = {An effective framework for estimating individualized treatment rules},
 url = {https://proceedings.neurips.cc/paper_files/paper/2024/file/0fd3d8093b3ba73d19b393a1326fdba7-Paper-Conference.pdf},
 volume = {37},
 year = {2024}
}",inproceedings,Advances in Neural Information Processing Systems,"Curran Associates, Inc.",2024,Y,conference,conference,entry type / proceedings title,0,0,100,100,1,REVIEW_REQUIRED,REVIEW_REQUIRED,REVIEW_REQUIRED,REVIEW_REQUIRED,REVIEW_REQUIRED,,REVIEW_REQUIRED,0
Newsome2018,"@article{Newsome2018,
  title = {Estimating long‐term treatment effects in observational data: A comparison of the performance of different methods under real‐world uncertainty},
  volume = {37},
  ISSN = {1097-0258},
  url = {http://dx.doi.org/10.1002/sim.7664},
  DOI = {10.1002/sim.7664},
  number = {15},
  journal = {Statistics in Medicine},
  publisher = {Wiley},
  author = {Newsome,  Simon J. and Keogh,  Ruth H. and Daniel,  Rhian M.},
  year = {2018},
  month = apr,
  pages = {2367–2390}
}",article,Statistics in Medicine,Wiley,2018,Y,hybrid/subscription,commercial,not listed in DOAJ,0,0,1000,1000,1,REVIEW_REQUIRED,REVIEW_REQUIRED,REVIEW_REQUIRED,REVIEW_REQUIRED,REVIEW_REQUIRED,,REVIEW_REQUIRED,0
Sun2024,"@article{Sun2024,
  title = {Estimation of network treatment effects with non-ignorable missing confounders},
  volume = {12},
  ISSN = {2193-3685},
  url = {http://dx.doi.org/10.1515/jci-2022-0079},
  DOI = {10.1515/jci-2022-0079},
  number = {1},
  journal = {Journal of Causal Inference},
  publisher = {Walter de Gruyter GmbH},
  author = {Sun,  Zhaohan and Zhu,  Yeying and Dubin,  Joel A.},
  year = {2024},
  month = jan 
}",article,Journal of Causal Inference,Walter de Gruyter GmbH,2024,Y,gold-OA,commercial,DOAJ exact title match (2193-3677;2193-3685),1,1,1000,1000,1,REVIEW_REQUIRED,REVIEW_REQUIRED,REVIEW_REQUIRED,REVIEW_REQUIRED,REVIEW_REQUIRED,,REVIEW_REQUIRED,0
Mosquera2023,"@article{Mosquera2023,
  title = {Properties of inverse probability of adherence weighted estimator of the per-protocol effect for sustained treatment strategies under different data-generating mechanisms and adherence patterns},
  volume = {56},
  ISSN = {0256-422X},
  url = {http://dx.doi.org/10.3329/jsr.v56i2.67467},
  DOI = {10.3329/jsr.v56i2.67467},
  number = {2},
  journal = {Journal of Statistical Research},
  publisher = {Bangladesh Academy of Sciences},
  author = {Mosquera,  Lucy and Karim,  Mohammad Ehsanul and Hossain,  Md Belal},
  year = {2023},
  month = jul,
  pages = {133–154}
}",article,Journal of Statistical Research,Bangladesh Academy of Sciences,2023,Y,hybrid/subscription,society,not listed in DOAJ,0,0,1000,1000,1,REVIEW_REQUIRED,REVIEW_REQUIRED,REVIEW_REQUIRED,REVIEW_REQUIRED,REVIEW_REQUIRED,,REVIEW_REQUIRED,0
Liu2023,"@article{Liu2023,
  title = {Joint evaluation of placebo and treatment effects in cluster randomized trials by causal inference models},
  volume = {132},
  ISSN = {1551-7144},
  url = {http://dx.doi.org/10.1016/j.cct.2023.107308},
  DOI = {10.1016/j.cct.2023.107308},
  journal = {Contemporary Clinical Trials},
  publisher = {Elsevier BV},
  author = {Liu,  Wei and Zhang,  Bo},
  year = {2023},
  month = sep,
  pages = {107308}
}",article,Contemporary Clinical Trials,Elsevier BV,2023,Y,hybrid/subscription,commercial,not listed in DOAJ,0,0,200,200,1,REVIEW_REQUIRED,REVIEW_REQUIRED,REVIEW_REQUIRED,REVIEW_REQUIRED,REVIEW_REQUIRED,,REVIEW_REQUIRED,0
Valente2019,"@article{Valente2019,
  title = {A Viable Alternative When Propensity Scores Fail: Evaluation of Inverse Propensity Weighting and Sequential G-Estimation in a Two-Wave Mediation Model},
  volume = {55},
  ISSN = {1532-7906},
  url = {http://dx.doi.org/10.1080/00273171.2019.1614429},
  DOI = {10.1080/00273171.2019.1614429},
  number = {2},
  journal = {Multivariate Behavioral Research},
  publisher = {Informa UK Limited},
  author = {Valente,  Matthew J. and MacKinnon,  David P. and Mazza,  Gina L.},
  year = {2019},
  month = jun,
  pages = {165–187}
}",article,Multivariate Behavioral Research,Informa UK Limited,2019,Y,hybrid/subscription,commercial,not listed in DOAJ,0,0,1000,1000,1,REVIEW_REQUIRED,REVIEW_REQUIRED,REVIEW_REQUIRED,REVIEW_REQUIRED,REVIEW_REQUIRED,,REVIEW_REQUIRED,0
Liu2024,"@article{Liu2024,
  title = {Causal inference for treatment effects in partially nested designs.},
  volume = {29},
  ISSN = {1082-989X},
  url = {http://dx.doi.org/10.1037/met0000565},
  DOI = {10.1037/met0000565},
  number = {3},
  journal = {Psychological Methods},
  publisher = {American Psychological Association (APA)},
  author = {Liu,  Xiao and Liu,  Fang and Miller-Graff,  Laura and Howell,  Kathryn H. and Wang,  Lijuan},
  year = {2024},
  month = jun,
  pages = {457–479}
}",article,Psychological Methods,American Psychological Association (APA),2024,Y,hybrid/subscription,society,not listed in DOAJ,0,0,500,500,1,REVIEW_REQUIRED,REVIEW_REQUIRED,REVIEW_REQUIRED,REVIEW_REQUIRED,REVIEW_REQUIRED,,REVIEW_REQUIRED,0
pmlr-v151-xu22c,"@InProceedings{pmlr-v151-xu22c,
  title = 	 { Calibration Error for Heterogeneous Treatment Effects },
  author =       {Xu, Yizhe and Yadlowsky, Steve},
  booktitle = 	 {Proceedings of The 25th International Conference on Artificial Intelligence and Statistics},
  pages = 	 {9280--9303},
  year = 	 {2022},
  editor = 	 {Camps-Valls, Gustau and Ruiz, Francisco J. R. and Valera, Isabel},
  volume = 	 {151},
  series = 	 {Proceedings of Machine Learning Research},
  month = 	 {28--30 Mar},
  publisher =    {PMLR},
  pdf = 	 {https://proceedings.mlr.press/v151/xu22c/xu22c.pdf},
  url = 	 {https://proceedings.mlr.press/v151/xu22c.html},
}",inproceedings,Proceedings of The 25th International Conference on Artificial Intelligence and Statistics,PMLR,2022,Y,conference,conference,entry type / proceedings title,0,0,1000,1000,1,REVIEW_REQUIRED,REVIEW_REQUIRED,REVIEW_REQUIRED,REVIEW_REQUIRED,REVIEW_REQUIRED,,REVIEW_REQUIRED,0
Ress2024,"@article{Ress2024,
  title = {Comparing methods for estimating causal treatment effects of administrative health data: A plasmode simulation study},
  volume = {33},
  ISSN = {1099-1050},
  url = {http://dx.doi.org/10.1002/hec.4891},
  DOI = {10.1002/hec.4891},
  number = {12},
  journal = {Health Economics},
  publisher = {Wiley},
  author = {Ress,  Vanessa and Wild,  Eva‐Maria},
  year = {2024},
  month = sep,
  pages = {2757–2777}
}",article,Health Economics,Wiley,2024,Y,hybrid/subscription,commercial,not listed in DOAJ,0,0,1000,1000,1,REVIEW_REQUIRED,REVIEW_REQUIRED,REVIEW_REQUIRED,REVIEW_REQUIRED,REVIEW_REQUIRED,,REVIEW_REQUIRED,0
Heiler2021,"@article{Heiler2021,
  title = {Efficient Covariate Balancing for the Local Average Treatment Effect},
  volume = {40},
  ISSN = {1537-2707},
  url = {http://dx.doi.org/10.1080/07350015.2021.1946067},
  DOI = {10.1080/07350015.2021.1946067},
  number = {4},
  journal = {Journal of Business &amp; Economic Statistics},
  publisher = {Informa UK Limited},
  author = {Heiler,  Phillip},
  year = {2021},
  month = aug,
  pages = {1569–1582}
}",article,Journal of Business &amp; Economic Statistics,Informa UK Limited,2021,Y,hybrid/subscription,commercial,not listed in DOAJ,0,0,20000,20000,1,REVIEW_REQUIRED,REVIEW_REQUIRED,REVIEW_REQUIRED,REVIEW_REQUIRED,REVIEW_REQUIRED,,REVIEW_REQUIRED,0
Chan2015,"@article{Chan2015,
  title = {Globally Efficient Non-Parametric Inference of Average Treatment Effects by Empirical Balancing Calibration Weighting},
  volume = {78},
  ISSN = {1467-9868},
  url = {http://dx.doi.org/10.1111/rssb.12129},
  DOI = {10.1111/rssb.12129},
  number = {3},
  journal = {Journal of the Royal Statistical Society Series B: Statistical Methodology},
  publisher = {Oxford University Press (OUP)},
  author = {Chan,  Kwun Chuen Gary and Yam,  Sheung Chi Phillip and Zhang,  Zheng},
  year = {2015},
  month = nov,
  pages = {673–700}
}",article,Journal of the Royal Statistical Society Series B: Statistical Methodology,Oxford University Press (OUP),2015,Y,hybrid/subscription,university-press,not listed in DOAJ,0,0,1000,1000,1,REVIEW_REQUIRED,REVIEW_REQUIRED,REVIEW_REQUIRED,REVIEW_REQUIRED,REVIEW_REQUIRED,,REVIEW_REQUIRED,0
Abadie2002,"@book{Abadie2002,
  title = {Simple and Bias-Corrected Matching Estimators for Average Treatment Effects},
  url = {http://dx.doi.org/10.3386/t0283}, publisher = {National Bureau of Economic Research (NBER)},
  DOI = {10.3386/t0283},
  institution = {National Bureau of Economic Research},
  author = {Abadie,  Alberto and Imbens,  Guido},
  year = {2002},
  month = oct 
}",book,,National Bureau of Economic Research (NBER),2002,REVIEW_REQUIRED,working-paper,other,no journal or booktitle field,0,0,10000,10000,1,REVIEW_REQUIRED,REVIEW_REQUIRED,REVIEW_REQUIRED,REVIEW_REQUIRED,REVIEW_REQUIRED,,REVIEW_REQUIRED,0
Zhao2004,"@article{Zhao2004,
  title = {Using Matching to Estimate Treatment Effects: Data Requirements,  Matching Metrics,  and Monte Carlo Evidence},
  volume = {86},
  ISSN = {1530-9142},
  url = {http://dx.doi.org/10.1162/003465304323023705},
  DOI = {10.1162/003465304323023705},
  number = {1},
  journal = {Review of Economics and Statistics},
  publisher = {MIT Press - Journals},
  author = {Zhao,  Zhong},
  year = {2004},
  month = feb,
  pages = {91–107}
}",article,Review of Economics and Statistics,MIT Press - Journals,2004,Y,hybrid/subscription,university-press,not listed in DOAJ,0,0,200,200,1,REVIEW_REQUIRED,REVIEW_REQUIRED,REVIEW_REQUIRED,REVIEW_REQUIRED,REVIEW_REQUIRED,,REVIEW_REQUIRED,0
Abadie2011,"@article{Abadie2011,
  title = {Bias-Corrected Matching Estimators for Average Treatment Effects},
  volume = {29},
  ISSN = {1537-2707},
  url = {http://dx.doi.org/10.1198/jbes.2009.07333},
  DOI = {10.1198/jbes.2009.07333},
  number = {1},
  journal = {Journal of Business &amp; Economic Statistics},
  publisher = {Informa UK Limited},
  author = {Abadie,  Alberto and Imbens,  Guido W.},
  year = {2011},
  month = jan,
  pages = {1–11}
}",article,Journal of Business &amp; Economic Statistics,Informa UK Limited,2011,Y,hybrid/subscription,commercial,not listed in DOAJ,0,0,10000,10000,1,REVIEW_REQUIRED,REVIEW_REQUIRED,REVIEW_REQUIRED,REVIEW_REQUIRED,REVIEW_REQUIRED,,REVIEW_REQUIRED,0
NIPS2017_b2eeb736,"@inproceedings{NIPS2017_b2eeb736,
 author = {Li, Sheng and Fu, Yun},
 booktitle = {Advances in Neural Information Processing Systems},
 editor = {I. Guyon and U. Von Luxburg and S. Bengio and H. Wallach and R. Fergus and S. Vishwanathan and R. Garnett},
 pages = {},
 publisher = {Curran Associates, Inc.},
 title = {Matching on Balanced Nonlinear Representations for Treatment Effects Estimation},
 url = {https://proceedings.neurips.cc/paper_files/paper/2017/file/b2eeb7362ef83deff5c7813a67e14f0a-Paper.pdf},
 volume = {30},
 year = {2017}
}",inproceedings,Advances in Neural Information Processing Systems,"Curran Associates, Inc.",2017,Y,conference,conference,entry type / proceedings title,0,0,200,200,1,REVIEW_REQUIRED,REVIEW_REQUIRED,REVIEW_REQUIRED,REVIEW_REQUIRED,REVIEW_REQUIRED,,REVIEW_REQUIRED,0
Hill2005,"@article{Hill2005,
  title = {Interval estimation for treatment effects using propensity score matching},
  volume = {25},
  ISSN = {1097-0258},
  url = {http://dx.doi.org/10.1002/sim.2277},
  DOI = {10.1002/sim.2277},
  number = {13},
  journal = {Statistics in Medicine},
  publisher = {Wiley},
  author = {Hill,  Jennifer and Reiter,  Jerome P.},
  year = {2005},
  month = oct,
  pages = {2230–2256}
}",article,Statistics in Medicine,Wiley,2005,Y,hybrid/subscription,commercial,not listed in DOAJ,0,0,1000,1000,1,REVIEW_REQUIRED,REVIEW_REQUIRED,REVIEW_REQUIRED,REVIEW_REQUIRED,REVIEW_REQUIRED,,REVIEW_REQUIRED,0
Heinz2022,"@article{Heinz2022,
  title = {Impact of the matching algorithm on the treatment effect estimate: A neutral comparison study},
  volume = {66},
  ISSN = {1521-4036},
  url = {http://dx.doi.org/10.1002/bimj.202100292},
  DOI = {10.1002/bimj.202100292},
  number = {1},
  journal = {Biometrical Journal},
  publisher = {Wiley},
  author = {Heinz,  Priska and Wendel‐Garcia,  Pedro David and Held,  Ulrike},
  year = {2022},
  month = apr 
}",article,Biometrical Journal,Wiley,2022,Y,hybrid/subscription,commercial,not listed in DOAJ,0,0,2500,2500,1,REVIEW_REQUIRED,REVIEW_REQUIRED,REVIEW_REQUIRED,REVIEW_REQUIRED,REVIEW_REQUIRED,,REVIEW_REQUIRED,0
Balzer2016,"@article{Balzer2016,
  title = {Targeted estimation and inference for the sample average treatment effect in trials with and without pair‐matching},
  volume = {35},
  ISSN = {1097-0258},
  url = {http://dx.doi.org/10.1002/sim.6965},
  DOI = {10.1002/sim.6965},
  number = {21},
  journal = {Statistics in Medicine},
  publisher = {Wiley},
  author = {Balzer,  Laura B. and Petersen,  Maya L. and van der Laan,  Mark J.},
  year = {2016},
  month = apr,
  pages = {3717–3732}
}",article,Statistics in Medicine,Wiley,2016,Y,hybrid/subscription,commercial,not listed in DOAJ,0,0,5000,5000,1,REVIEW_REQUIRED,REVIEW_REQUIRED,REVIEW_REQUIRED,REVIEW_REQUIRED,REVIEW_REQUIRED,,REVIEW_REQUIRED,0
Gao2021,"@article{Gao2021,
  title = {Assessment of heterogeneous treatment effect estimation accuracy via matching},
  volume = {40},
  ISSN = {1097-0258},
  url = {http://dx.doi.org/10.1002/sim.9010},
  DOI = {10.1002/sim.9010},
  number = {17},
  journal = {Statistics in Medicine},
  publisher = {Wiley},
  author = {Gao,  Zijun and Hastie,  Trevor and Tibshirani,  Robert},
  year = {2021},
  month = apr,
  pages = {3990–4013}
}",article,Statistics in Medicine,Wiley,2021,Y,hybrid/subscription,commercial,not listed in DOAJ,0,0,200,200,1,REVIEW_REQUIRED,REVIEW_REQUIRED,REVIEW_REQUIRED,REVIEW_REQUIRED,REVIEW_REQUIRED,,REVIEW_REQUIRED,0
Chu2020,"@inproceedings{Chu2020,
  series = {CIKM ’20},
  title = {Matching in Selective and Balanced Representation Space for Treatment Effects Estimation},
  url = {http://dx.doi.org/10.1145/3340531.3412037},
  DOI = {10.1145/3340531.3412037},
  booktitle = {Proceedings of the 29th ACM International Conference on Information &amp; Knowledge Management},
  publisher = {ACM},
  author = {Chu,  Zhixuan and Rathbun,  Stephen L. and Li,  Sheng},
  year = {2020},
  month = oct,
  collection = {CIKM ’20}
}",inproceedings,Proceedings of the 29th ACM International Conference on Information &amp; Knowledge Management,ACM,2020,Y,conference,conference,entry type / proceedings title,0,0,1000,1000,1,REVIEW_REQUIRED,REVIEW_REQUIRED,REVIEW_REQUIRED,REVIEW_REQUIRED,REVIEW_REQUIRED,,REVIEW_REQUIRED,0
Scotina2019,"@article{Scotina2019,
  title = {Matching estimators for causal effects of multiple treatments},
  volume = {29},
  ISSN = {1477-0334},
  url = {http://dx.doi.org/10.1177/0962280219850858},
  DOI = {10.1177/0962280219850858},
  number = {4},
  journal = {Statistical Methods in Medical Research},
  publisher = {SAGE Publications},
  author = {Scotina,  Anthony D and Beaudoin,  Francesca L and Gutman,  Roee},
  year = {2019},
  month = may,
  pages = {1051–1066}
}",article,Statistical Methods in Medical Research,SAGE Publications,2019,Y,hybrid/subscription,commercial,not listed in DOAJ,0,0,500,500,1,REVIEW_REQUIRED,REVIEW_REQUIRED,REVIEW_REQUIRED,REVIEW_REQUIRED,REVIEW_REQUIRED,,REVIEW_REQUIRED,0
Morgan2006,"@article{Morgan2006,
  title = {Matching Estimators of Causal Effects: Prospects and Pitfalls in Theory and Practice},
  volume = {35},
  ISSN = {1552-8294},
  url = {http://dx.doi.org/10.1177/0049124106289164},
  DOI = {10.1177/0049124106289164},
  number = {1},
  journal = {Sociological Methods &amp; Research},
  publisher = {SAGE Publications},
  author = {Morgan,  Stephen L. and Harding,  David J.},
  year = {2006},
  month = aug,
  pages = {3–60}
}",article,Sociological Methods &amp; Research,SAGE Publications,2006,Y,hybrid/subscription,commercial,not listed in DOAJ,0,0,50000,50000,1,REVIEW_REQUIRED,REVIEW_REQUIRED,REVIEW_REQUIRED,REVIEW_REQUIRED,REVIEW_REQUIRED,,REVIEW_REQUIRED,0
Kreif2013,"@article{Kreif2013,
  title = {Regression-adjusted matching and double-robust methods for estimating average treatment effects in health economic evaluation},
  volume = {13},
  ISSN = {1572-9400},
  url = {http://dx.doi.org/10.1007/s10742-013-0109-2},
  DOI = {10.1007/s10742-013-0109-2},
  number = {2–4},
  journal = {Health Services and Outcomes Research Methodology},
  publisher = {Springer Science and Business Media LLC},
  author = {Kreif,  Noémi and Grieve,  Richard and Radice,  Rosalba and Sekhon,  Jasjeet S.},
  year = {2013},
  month = oct,
  pages = {174–202}
}",article,Health Services and Outcomes Research Methodology,Springer Science and Business Media LLC,2013,Y,hybrid/subscription,commercial,not listed in DOAJ,0,0,1000,1000,1,REVIEW_REQUIRED,REVIEW_REQUIRED,REVIEW_REQUIRED,REVIEW_REQUIRED,REVIEW_REQUIRED,,REVIEW_REQUIRED,0
Abadie2021,"@article{Abadie2021,
  title = {Robust Post-Matching Inference},
  volume = {117},
  ISSN = {1537-274X},
  url = {http://dx.doi.org/10.1080/01621459.2020.1840383},
  DOI = {10.1080/01621459.2020.1840383},
  number = {538},
  journal = {Journal of the American Statistical Association},
  publisher = {Informa UK Limited},
  author = {Abadie,  Alberto and Spiess,  Jann},
  year = {2021},
  month = jan,
  pages = {983–995}
}",article,Journal of the American Statistical Association,Informa UK Limited,2021,Y,hybrid/subscription,commercial,not listed in DOAJ,0,0,1000,1000,1,REVIEW_REQUIRED,REVIEW_REQUIRED,REVIEW_REQUIRED,REVIEW_REQUIRED,REVIEW_REQUIRED,,REVIEW_REQUIRED,0
Balzer2014,"@article{Balzer2014,
  title = {Adaptive pair‐matching in randomized trials with unbiased and efficient effect estimation},
  volume = {34},
  ISSN = {1097-0258},
  url = {http://dx.doi.org/10.1002/sim.6380},
  DOI = {10.1002/sim.6380},
  number = {6},
  journal = {Statistics in Medicine},
  publisher = {Wiley},
  author = {Balzer,  Laura B. and Petersen,  Maya L. and van der Laan,  Mark J.},
  year = {2014},
  month = nov,
  pages = {999–1011}
}",article,Statistics in Medicine,Wiley,2014,Y,hybrid/subscription,commercial,not listed in DOAJ,0,0,5000,5000,1,REVIEW_REQUIRED,REVIEW_REQUIRED,REVIEW_REQUIRED,REVIEW_REQUIRED,REVIEW_REQUIRED,,REVIEW_REQUIRED,0
Rickles2014,"@article{Rickles2014,
  title = {A Two-Stage Propensity Score Matching Strategy for Treatment Effect Estimation in a Multisite Observational Study},
  volume = {39},
  ISSN = {1935-1054},
  url = {http://dx.doi.org/10.3102/1076998614559748},
  DOI = {10.3102/1076998614559748},
  number = {6},
  journal = {Journal of Educational and Behavioral Statistics},
  publisher = {American Educational Research Association (AERA)},
  author = {Rickles,  Jordan H. and Seltzer,  Michael},
  year = {2014},
  month = dec,
  pages = {612–636}
}",article,Journal of Educational and Behavioral Statistics,American Educational Research Association (AERA),2014,Y,hybrid/subscription,society,not listed in DOAJ,0,0,500,500,1,REVIEW_REQUIRED,REVIEW_REQUIRED,REVIEW_REQUIRED,REVIEW_REQUIRED,REVIEW_REQUIRED,,REVIEW_REQUIRED,0
