cell_id,seed,status,hostname,started_at,finished_at,runtime_seconds,shard_index,num_shards,output_paths,error
B_0025,400025,completed,laptopvanHugo,2026-08-08T14:37:54.741867+00:00,2026-08-08T14:37:54.793522+00:00,0.051704769997741096,0,1,"{""covariance"":""/home/hugo_souto/Stuff/Submitted_Research/TISCA_paper/Test-Informed-Simulation-Count-Algorithm-TISCA/results/E1/module_b_joint_covariance_smoke.csv"",""manifest"":""/home/hugo_souto/Stuff/Submitted_Research/TISCA_paper/Test-Informed-Simulation-Count-Algorithm-TISCA/results/E1/module_b_joint_manifest_smoke.csv"",""operating_characteristics"":""/home/hugo_souto/Stuff/Submitted_Research/TISCA_paper/Test-Informed-Simulation-Count-Algorithm-TISCA/results/E1/module_b_joint_operating_characteristics_smoke.csv"",""verdict"":""/home/hugo_souto/Stuff/Submitted_Research/TISCA_paper/Test-Informed-Simulation-Count-Algorithm-TISCA/results/E1/module_b_joint_verdict_smoke.md""}",
B_0027,400027,completed,laptopvanHugo,2026-08-08T14:37:54.742145+00:00,2026-08-08T14:37:54.796852+00:00,0.054737320002459455,0,1,"{""covariance"":""/home/hugo_souto/Stuff/Submitted_Research/TISCA_paper/Test-Informed-Simulation-Count-Algorithm-TISCA/results/E1/module_b_joint_covariance_smoke.csv"",""manifest"":""/home/hugo_souto/Stuff/Submitted_Research/TISCA_paper/Test-Informed-Simulation-Count-Algorithm-TISCA/results/E1/module_b_joint_manifest_smoke.csv"",""operating_characteristics"":""/home/hugo_souto/Stuff/Submitted_Research/TISCA_paper/Test-Informed-Simulation-Count-Algorithm-TISCA/results/E1/module_b_joint_operating_characteristics_smoke.csv"",""verdict"":""/home/hugo_souto/Stuff/Submitted_Research/TISCA_paper/Test-Informed-Simulation-Count-Algorithm-TISCA/results/E1/module_b_joint_verdict_smoke.md""}",
B_0065,400065,completed,laptopvanHugo,2026-08-08T14:37:54.742909+00:00,2026-08-08T14:37:54.817033+00:00,0.07415519699861761,0,1,"{""covariance"":""/home/hugo_souto/Stuff/Submitted_Research/TISCA_paper/Test-Informed-Simulation-Count-Algorithm-TISCA/results/E1/module_b_joint_covariance_smoke.csv"",""manifest"":""/home/hugo_souto/Stuff/Submitted_Research/TISCA_paper/Test-Informed-Simulation-Count-Algorithm-TISCA/results/E1/module_b_joint_manifest_smoke.csv"",""operating_characteristics"":""/home/hugo_souto/Stuff/Submitted_Research/TISCA_paper/Test-Informed-Simulation-Count-Algorithm-TISCA/results/E1/module_b_joint_operating_characteristics_smoke.csv"",""verdict"":""/home/hugo_souto/Stuff/Submitted_Research/TISCA_paper/Test-Informed-Simulation-Count-Algorithm-TISCA/results/E1/module_b_joint_verdict_smoke.md""}",
B_0067,400067,completed,laptopvanHugo,2026-08-08T14:37:54.743216+00:00,2026-08-08T14:37:54.800444+00:00,0.05736728400006541,0,1,"{""covariance"":""/home/hugo_souto/Stuff/Submitted_Research/TISCA_paper/Test-Informed-Simulation-Count-Algorithm-TISCA/results/E1/module_b_joint_covariance_smoke.csv"",""manifest"":""/home/hugo_souto/Stuff/Submitted_Research/TISCA_paper/Test-Informed-Simulation-Count-Algorithm-TISCA/results/E1/module_b_joint_manifest_smoke.csv"",""operating_characteristics"":""/home/hugo_souto/Stuff/Submitted_Research/TISCA_paper/Test-Informed-Simulation-Count-Algorithm-TISCA/results/E1/module_b_joint_operating_characteristics_smoke.csv"",""verdict"":""/home/hugo_souto/Stuff/Submitted_Research/TISCA_paper/Test-Informed-Simulation-Count-Algorithm-TISCA/results/E1/module_b_joint_verdict_smoke.md""}",
B_0105,400105,completed,laptopvanHugo,2026-08-08T14:37:54.743186+00:00,2026-08-08T14:37:54.788415+00:00,0.045257562000188045,0,1,"{""covariance"":""/home/hugo_souto/Stuff/Submitted_Research/TISCA_paper/Test-Informed-Simulation-Count-Algorithm-TISCA/results/E1/module_b_joint_covariance_smoke.csv"",""manifest"":""/home/hugo_souto/Stuff/Submitted_Research/TISCA_paper/Test-Informed-Simulation-Count-Algorithm-TISCA/results/E1/module_b_joint_manifest_smoke.csv"",""operating_characteristics"":""/home/hugo_souto/Stuff/Submitted_Research/TISCA_paper/Test-Informed-Simulation-Count-Algorithm-TISCA/results/E1/module_b_joint_operating_characteristics_smoke.csv"",""verdict"":""/home/hugo_souto/Stuff/Submitted_Research/TISCA_paper/Test-Informed-Simulation-Count-Algorithm-TISCA/results/E1/module_b_joint_verdict_smoke.md""}",
B_0107,400107,completed,laptopvanHugo,2026-08-08T14:37:54.743427+00:00,2026-08-08T14:37:54.808063+00:00,0.06469897300121374,0,1,"{""covariance"":""/home/hugo_souto/Stuff/Submitted_Research/TISCA_paper/Test-Informed-Simulation-Count-Algorithm-TISCA/results/E1/module_b_joint_covariance_smoke.csv"",""manifest"":""/home/hugo_souto/Stuff/Submitted_Research/TISCA_paper/Test-Informed-Simulation-Count-Algorithm-TISCA/results/E1/module_b_joint_manifest_smoke.csv"",""operating_characteristics"":""/home/hugo_souto/Stuff/Submitted_Research/TISCA_paper/Test-Informed-Simulation-Count-Algorithm-TISCA/results/E1/module_b_joint_operating_characteristics_smoke.csv"",""verdict"":""/home/hugo_souto/Stuff/Submitted_Research/TISCA_paper/Test-Informed-Simulation-Count-Algorithm-TISCA/results/E1/module_b_joint_verdict_smoke.md""}",
B_0145,400145,completed,laptopvanHugo,2026-08-08T14:37:54.744006+00:00,2026-08-08T14:37:54.804269+00:00,0.06035965900082374,0,1,"{""covariance"":""/home/hugo_souto/Stuff/Submitted_Research/TISCA_paper/Test-Informed-Simulation-Count-Algorithm-TISCA/results/E1/module_b_joint_covariance_smoke.csv"",""manifest"":""/home/hugo_souto/Stuff/Submitted_Research/TISCA_paper/Test-Informed-Simulation-Count-Algorithm-TISCA/results/E1/module_b_joint_manifest_smoke.csv"",""operating_characteristics"":""/home/hugo_souto/Stuff/Submitted_Research/TISCA_paper/Test-Informed-Simulation-Count-Algorithm-TISCA/results/E1/module_b_joint_operating_characteristics_smoke.csv"",""verdict"":""/home/hugo_souto/Stuff/Submitted_Research/TISCA_paper/Test-Informed-Simulation-Count-Algorithm-TISCA/results/E1/module_b_joint_verdict_smoke.md""}",
B_0147,400147,completed,laptopvanHugo,2026-08-08T14:37:54.744001+00:00,2026-08-08T14:37:54.815373+00:00,0.0714030500021181,0,1,"{""covariance"":""/home/hugo_souto/Stuff/Submitted_Research/TISCA_paper/Test-Informed-Simulation-Count-Algorithm-TISCA/results/E1/module_b_joint_covariance_smoke.csv"",""manifest"":""/home/hugo_souto/Stuff/Submitted_Research/TISCA_paper/Test-Informed-Simulation-Count-Algorithm-TISCA/results/E1/module_b_joint_manifest_smoke.csv"",""operating_characteristics"":""/home/hugo_souto/Stuff/Submitted_Research/TISCA_paper/Test-Informed-Simulation-Count-Algorithm-TISCA/results/E1/module_b_joint_operating_characteristics_smoke.csv"",""verdict"":""/home/hugo_souto/Stuff/Submitted_Research/TISCA_paper/Test-Informed-Simulation-Count-Algorithm-TISCA/results/E1/module_b_joint_verdict_smoke.md""}",
B_0185,400185,completed,laptopvanHugo,2026-08-08T14:37:54.745174+00:00,2026-08-08T14:37:54.792705+00:00,0.04869258799953968,0,1,"{""covariance"":""/home/hugo_souto/Stuff/Submitted_Research/TISCA_paper/Test-Informed-Simulation-Count-Algorithm-TISCA/results/E1/module_b_joint_covariance_smoke.csv"",""manifest"":""/home/hugo_souto/Stuff/Submitted_Research/TISCA_paper/Test-Informed-Simulation-Count-Algorithm-TISCA/results/E1/module_b_joint_manifest_smoke.csv"",""operating_characteristics"":""/home/hugo_souto/Stuff/Submitted_Research/TISCA_paper/Test-Informed-Simulation-Count-Algorithm-TISCA/results/E1/module_b_joint_operating_characteristics_smoke.csv"",""verdict"":""/home/hugo_souto/Stuff/Submitted_Research/TISCA_paper/Test-Informed-Simulation-Count-Algorithm-TISCA/results/E1/module_b_joint_verdict_smoke.md""}",
B_0187,400187,completed,laptopvanHugo,2026-08-08T14:37:54.788694+00:00,2026-08-08T14:37:54.838744+00:00,0.0500718439980119,0,1,"{""covariance"":""/home/hugo_souto/Stuff/Submitted_Research/TISCA_paper/Test-Informed-Simulation-Count-Algorithm-TISCA/results/E1/module_b_joint_covariance_smoke.csv"",""manifest"":""/home/hugo_souto/Stuff/Submitted_Research/TISCA_paper/Test-Informed-Simulation-Count-Algorithm-TISCA/results/E1/module_b_joint_manifest_smoke.csv"",""operating_characteristics"":""/home/hugo_souto/Stuff/Submitted_Research/TISCA_paper/Test-Informed-Simulation-Count-Algorithm-TISCA/results/E1/module_b_joint_operating_characteristics_smoke.csv"",""verdict"":""/home/hugo_souto/Stuff/Submitted_Research/TISCA_paper/Test-Informed-Simulation-Count-Algorithm-TISCA/results/E1/module_b_joint_verdict_smoke.md""}",
B_0225,400225,completed,laptopvanHugo,2026-08-08T14:37:54.793079+00:00,2026-08-08T14:37:54.907462+00:00,0.11441089300205931,0,1,"{""covariance"":""/home/hugo_souto/Stuff/Submitted_Research/TISCA_paper/Test-Informed-Simulation-Count-Algorithm-TISCA/results/E1/module_b_joint_covariance_smoke.csv"",""manifest"":""/home/hugo_souto/Stuff/Submitted_Research/TISCA_paper/Test-Informed-Simulation-Count-Algorithm-TISCA/results/E1/module_b_joint_manifest_smoke.csv"",""operating_characteristics"":""/home/hugo_souto/Stuff/Submitted_Research/TISCA_paper/Test-Informed-Simulation-Count-Algorithm-TISCA/results/E1/module_b_joint_operating_characteristics_smoke.csv"",""verdict"":""/home/hugo_souto/Stuff/Submitted_Research/TISCA_paper/Test-Informed-Simulation-Count-Algorithm-TISCA/results/E1/module_b_joint_verdict_smoke.md""}",
B_0227,400227,completed,laptopvanHugo,2026-08-08T14:37:54.793814+00:00,2026-08-08T14:37:54.903613+00:00,0.1098159389985085,0,1,"{""covariance"":""/home/hugo_souto/Stuff/Submitted_Research/TISCA_paper/Test-Informed-Simulation-Count-Algorithm-TISCA/results/E1/module_b_joint_covariance_smoke.csv"",""manifest"":""/home/hugo_souto/Stuff/Submitted_Research/TISCA_paper/Test-Informed-Simulation-Count-Algorithm-TISCA/results/E1/module_b_joint_manifest_smoke.csv"",""operating_characteristics"":""/home/hugo_souto/Stuff/Submitted_Research/TISCA_paper/Test-Informed-Simulation-Count-Algorithm-TISCA/results/E1/module_b_joint_operating_characteristics_smoke.csv"",""verdict"":""/home/hugo_souto/Stuff/Submitted_Research/TISCA_paper/Test-Informed-Simulation-Count-Algorithm-TISCA/results/E1/module_b_joint_verdict_smoke.md""}",
B_0265,400265,completed,laptopvanHugo,2026-08-08T14:37:54.797094+00:00,2026-08-08T14:37:54.910779+00:00,0.11369721700248192,0,1,"{""covariance"":""/home/hugo_souto/Stuff/Submitted_Research/TISCA_paper/Test-Informed-Simulation-Count-Algorithm-TISCA/results/E1/module_b_joint_covariance_smoke.csv"",""manifest"":""/home/hugo_souto/Stuff/Submitted_Research/TISCA_paper/Test-Informed-Simulation-Count-Algorithm-TISCA/results/E1/module_b_joint_manifest_smoke.csv"",""operating_characteristics"":""/home/hugo_souto/Stuff/Submitted_Research/TISCA_paper/Test-Informed-Simulation-Count-Algorithm-TISCA/results/E1/module_b_joint_operating_characteristics_smoke.csv"",""verdict"":""/home/hugo_souto/Stuff/Submitted_Research/TISCA_paper/Test-Informed-Simulation-Count-Algorithm-TISCA/results/E1/module_b_joint_verdict_smoke.md""}",
B_0267,400267,completed,laptopvanHugo,2026-08-08T14:37:54.800871+00:00,2026-08-08T14:37:54.918116+00:00,0.11726144700151053,0,1,"{""covariance"":""/home/hugo_souto/Stuff/Submitted_Research/TISCA_paper/Test-Informed-Simulation-Count-Algorithm-TISCA/results/E1/module_b_joint_covariance_smoke.csv"",""manifest"":""/home/hugo_souto/Stuff/Submitted_Research/TISCA_paper/Test-Informed-Simulation-Count-Algorithm-TISCA/results/E1/module_b_joint_manifest_smoke.csv"",""operating_characteristics"":""/home/hugo_souto/Stuff/Submitted_Research/TISCA_paper/Test-Informed-Simulation-Count-Algorithm-TISCA/results/E1/module_b_joint_operating_characteristics_smoke.csv"",""verdict"":""/home/hugo_souto/Stuff/Submitted_Research/TISCA_paper/Test-Informed-Simulation-Count-Algorithm-TISCA/results/E1/module_b_joint_verdict_smoke.md""}",
B_0305,400305,completed,laptopvanHugo,2026-08-08T14:37:54.804530+00:00,2026-08-08T14:37:54.920839+00:00,0.11632047099919873,0,1,"{""covariance"":""/home/hugo_souto/Stuff/Submitted_Research/TISCA_paper/Test-Informed-Simulation-Count-Algorithm-TISCA/results/E1/module_b_joint_covariance_smoke.csv"",""manifest"":""/home/hugo_souto/Stuff/Submitted_Research/TISCA_paper/Test-Informed-Simulation-Count-Algorithm-TISCA/results/E1/module_b_joint_manifest_smoke.csv"",""operating_characteristics"":""/home/hugo_souto/Stuff/Submitted_Research/TISCA_paper/Test-Informed-Simulation-Count-Algorithm-TISCA/results/E1/module_b_joint_operating_characteristics_smoke.csv"",""verdict"":""/home/hugo_souto/Stuff/Submitted_Research/TISCA_paper/Test-Informed-Simulation-Count-Algorithm-TISCA/results/E1/module_b_joint_verdict_smoke.md""}",
B_0307,400307,completed,laptopvanHugo,2026-08-08T14:37:54.808316+00:00,2026-08-08T14:37:54.921422+00:00,0.11311890599972685,0,1,"{""covariance"":""/home/hugo_souto/Stuff/Submitted_Research/TISCA_paper/Test-Informed-Simulation-Count-Algorithm-TISCA/results/E1/module_b_joint_covariance_smoke.csv"",""manifest"":""/home/hugo_souto/Stuff/Submitted_Research/TISCA_paper/Test-Informed-Simulation-Count-Algorithm-TISCA/results/E1/module_b_joint_manifest_smoke.csv"",""operating_characteristics"":""/home/hugo_souto/Stuff/Submitted_Research/TISCA_paper/Test-Informed-Simulation-Count-Algorithm-TISCA/results/E1/module_b_joint_operating_characteristics_smoke.csv"",""verdict"":""/home/hugo_souto/Stuff/Submitted_Research/TISCA_paper/Test-Informed-Simulation-Count-Algorithm-TISCA/results/E1/module_b_joint_verdict_smoke.md""}",
B_0345,400345,completed,laptopvanHugo,2026-08-08T14:37:54.815657+00:00,2026-08-08T14:37:54.938907+00:00,0.12326263399882009,0,1,"{""covariance"":""/home/hugo_souto/Stuff/Submitted_Research/TISCA_paper/Test-Informed-Simulation-Count-Algorithm-TISCA/results/E1/module_b_joint_covariance_smoke.csv"",""manifest"":""/home/hugo_souto/Stuff/Submitted_Research/TISCA_paper/Test-Informed-Simulation-Count-Algorithm-TISCA/results/E1/module_b_joint_manifest_smoke.csv"",""operating_characteristics"":""/home/hugo_souto/Stuff/Submitted_Research/TISCA_paper/Test-Informed-Simulation-Count-Algorithm-TISCA/results/E1/module_b_joint_operating_characteristics_smoke.csv"",""verdict"":""/home/hugo_souto/Stuff/Submitted_Research/TISCA_paper/Test-Informed-Simulation-Count-Algorithm-TISCA/results/E1/module_b_joint_verdict_smoke.md""}",
B_0347,400347,completed,laptopvanHugo,2026-08-08T14:37:54.817207+00:00,2026-08-08T14:37:54.933003+00:00,0.11581629200009047,0,1,"{""covariance"":""/home/hugo_souto/Stuff/Submitted_Research/TISCA_paper/Test-Informed-Simulation-Count-Algorithm-TISCA/results/E1/module_b_joint_covariance_smoke.csv"",""manifest"":""/home/hugo_souto/Stuff/Submitted_Research/TISCA_paper/Test-Informed-Simulation-Count-Algorithm-TISCA/results/E1/module_b_joint_manifest_smoke.csv"",""operating_characteristics"":""/home/hugo_souto/Stuff/Submitted_Research/TISCA_paper/Test-Informed-Simulation-Count-Algorithm-TISCA/results/E1/module_b_joint_operating_characteristics_smoke.csv"",""verdict"":""/home/hugo_souto/Stuff/Submitted_Research/TISCA_paper/Test-Informed-Simulation-Count-Algorithm-TISCA/results/E1/module_b_joint_verdict_smoke.md""}",
B_0385,400385,completed,laptopvanHugo,2026-08-08T14:37:54.838981+00:00,2026-08-08T14:37:55.541005+00:00,0.7020334340013505,0,1,"{""covariance"":""/home/hugo_souto/Stuff/Submitted_Research/TISCA_paper/Test-Informed-Simulation-Count-Algorithm-TISCA/results/E1/module_b_joint_covariance_smoke.csv"",""manifest"":""/home/hugo_souto/Stuff/Submitted_Research/TISCA_paper/Test-Informed-Simulation-Count-Algorithm-TISCA/results/E1/module_b_joint_manifest_smoke.csv"",""operating_characteristics"":""/home/hugo_souto/Stuff/Submitted_Research/TISCA_paper/Test-Informed-Simulation-Count-Algorithm-TISCA/results/E1/module_b_joint_operating_characteristics_smoke.csv"",""verdict"":""/home/hugo_souto/Stuff/Submitted_Research/TISCA_paper/Test-Informed-Simulation-Count-Algorithm-TISCA/results/E1/module_b_joint_verdict_smoke.md""}",
B_0387,400387,completed,laptopvanHugo,2026-08-08T14:37:54.903835+00:00,2026-08-08T14:37:55.538815+00:00,0.6349918839987367,0,1,"{""covariance"":""/home/hugo_souto/Stuff/Submitted_Research/TISCA_paper/Test-Informed-Simulation-Count-Algorithm-TISCA/results/E1/module_b_joint_covariance_smoke.csv"",""manifest"":""/home/hugo_souto/Stuff/Submitted_Research/TISCA_paper/Test-Informed-Simulation-Count-Algorithm-TISCA/results/E1/module_b_joint_manifest_smoke.csv"",""operating_characteristics"":""/home/hugo_souto/Stuff/Submitted_Research/TISCA_paper/Test-Informed-Simulation-Count-Algorithm-TISCA/results/E1/module_b_joint_operating_characteristics_smoke.csv"",""verdict"":""/home/hugo_souto/Stuff/Submitted_Research/TISCA_paper/Test-Informed-Simulation-Count-Algorithm-TISCA/results/E1/module_b_joint_verdict_smoke.md""}",
B_0425,400425,completed,laptopvanHugo,2026-08-08T14:37:54.907678+00:00,2026-08-08T14:37:55.089074+00:00,0.18141251300039585,0,1,"{""covariance"":""/home/hugo_souto/Stuff/Submitted_Research/TISCA_paper/Test-Informed-Simulation-Count-Algorithm-TISCA/results/E1/module_b_joint_covariance_smoke.csv"",""manifest"":""/home/hugo_souto/Stuff/Submitted_Research/TISCA_paper/Test-Informed-Simulation-Count-Algorithm-TISCA/results/E1/module_b_joint_manifest_smoke.csv"",""operating_characteristics"":""/home/hugo_souto/Stuff/Submitted_Research/TISCA_paper/Test-Informed-Simulation-Count-Algorithm-TISCA/results/E1/module_b_joint_operating_characteristics_smoke.csv"",""verdict"":""/home/hugo_souto/Stuff/Submitted_Research/TISCA_paper/Test-Informed-Simulation-Count-Algorithm-TISCA/results/E1/module_b_joint_verdict_smoke.md""}",
B_0427,400427,completed,laptopvanHugo,2026-08-08T14:37:54.910916+00:00,2026-08-08T14:37:55.086162+00:00,0.1752623560023494,0,1,"{""covariance"":""/home/hugo_souto/Stuff/Submitted_Research/TISCA_paper/Test-Informed-Simulation-Count-Algorithm-TISCA/results/E1/module_b_joint_covariance_smoke.csv"",""manifest"":""/home/hugo_souto/Stuff/Submitted_Research/TISCA_paper/Test-Informed-Simulation-Count-Algorithm-TISCA/results/E1/module_b_joint_manifest_smoke.csv"",""operating_characteristics"":""/home/hugo_souto/Stuff/Submitted_Research/TISCA_paper/Test-Informed-Simulation-Count-Algorithm-TISCA/results/E1/module_b_joint_operating_characteristics_smoke.csv"",""verdict"":""/home/hugo_souto/Stuff/Submitted_Research/TISCA_paper/Test-Informed-Simulation-Count-Algorithm-TISCA/results/E1/module_b_joint_verdict_smoke.md""}",
B_0465,400465,completed,laptopvanHugo,2026-08-08T14:37:54.918315+00:00,2026-08-08T14:37:55.119127+00:00,0.20082817100046668,0,1,"{""covariance"":""/home/hugo_souto/Stuff/Submitted_Research/TISCA_paper/Test-Informed-Simulation-Count-Algorithm-TISCA/results/E1/module_b_joint_covariance_smoke.csv"",""manifest"":""/home/hugo_souto/Stuff/Submitted_Research/TISCA_paper/Test-Informed-Simulation-Count-Algorithm-TISCA/results/E1/module_b_joint_manifest_smoke.csv"",""operating_characteristics"":""/home/hugo_souto/Stuff/Submitted_Research/TISCA_paper/Test-Informed-Simulation-Count-Algorithm-TISCA/results/E1/module_b_joint_operating_characteristics_smoke.csv"",""verdict"":""/home/hugo_souto/Stuff/Submitted_Research/TISCA_paper/Test-Informed-Simulation-Count-Algorithm-TISCA/results/E1/module_b_joint_verdict_smoke.md""}",
B_0467,400467,completed,laptopvanHugo,2026-08-08T14:37:54.920931+00:00,2026-08-08T14:37:55.109084+00:00,0.1881659699974989,0,1,"{""covariance"":""/home/hugo_souto/Stuff/Submitted_Research/TISCA_paper/Test-Informed-Simulation-Count-Algorithm-TISCA/results/E1/module_b_joint_covariance_smoke.csv"",""manifest"":""/home/hugo_souto/Stuff/Submitted_Research/TISCA_paper/Test-Informed-Simulation-Count-Algorithm-TISCA/results/E1/module_b_joint_manifest_smoke.csv"",""operating_characteristics"":""/home/hugo_souto/Stuff/Submitted_Research/TISCA_paper/Test-Informed-Simulation-Count-Algorithm-TISCA/results/E1/module_b_joint_operating_characteristics_smoke.csv"",""verdict"":""/home/hugo_souto/Stuff/Submitted_Research/TISCA_paper/Test-Informed-Simulation-Count-Algorithm-TISCA/results/E1/module_b_joint_verdict_smoke.md""}",
B_0505,400505,completed,laptopvanHugo,2026-08-08T14:37:54.921552+00:00,2026-08-08T14:37:55.083102+00:00,0.16157293099968228,0,1,"{""covariance"":""/home/hugo_souto/Stuff/Submitted_Research/TISCA_paper/Test-Informed-Simulation-Count-Algorithm-TISCA/results/E1/module_b_joint_covariance_smoke.csv"",""manifest"":""/home/hugo_souto/Stuff/Submitted_Research/TISCA_paper/Test-Informed-Simulation-Count-Algorithm-TISCA/results/E1/module_b_joint_manifest_smoke.csv"",""operating_characteristics"":""/home/hugo_souto/Stuff/Submitted_Research/TISCA_paper/Test-Informed-Simulation-Count-Algorithm-TISCA/results/E1/module_b_joint_operating_characteristics_smoke.csv"",""verdict"":""/home/hugo_souto/Stuff/Submitted_Research/TISCA_paper/Test-Informed-Simulation-Count-Algorithm-TISCA/results/E1/module_b_joint_verdict_smoke.md""}",
B_0507,400507,completed,laptopvanHugo,2026-08-08T14:37:54.933272+00:00,2026-08-08T14:37:55.113824+00:00,0.18056441400040057,0,1,"{""covariance"":""/home/hugo_souto/Stuff/Submitted_Research/TISCA_paper/Test-Informed-Simulation-Count-Algorithm-TISCA/results/E1/module_b_joint_covariance_smoke.csv"",""manifest"":""/home/hugo_souto/Stuff/Submitted_Research/TISCA_paper/Test-Informed-Simulation-Count-Algorithm-TISCA/results/E1/module_b_joint_manifest_smoke.csv"",""operating_characteristics"":""/home/hugo_souto/Stuff/Submitted_Research/TISCA_paper/Test-Informed-Simulation-Count-Algorithm-TISCA/results/E1/module_b_joint_operating_characteristics_smoke.csv"",""verdict"":""/home/hugo_souto/Stuff/Submitted_Research/TISCA_paper/Test-Informed-Simulation-Count-Algorithm-TISCA/results/E1/module_b_joint_verdict_smoke.md""}",
B_0545,400545,completed,laptopvanHugo,2026-08-08T14:37:54.939049+00:00,2026-08-08T14:37:55.122147+00:00,0.18310829599795397,0,1,"{""covariance"":""/home/hugo_souto/Stuff/Submitted_Research/TISCA_paper/Test-Informed-Simulation-Count-Algorithm-TISCA/results/E1/module_b_joint_covariance_smoke.csv"",""manifest"":""/home/hugo_souto/Stuff/Submitted_Research/TISCA_paper/Test-Informed-Simulation-Count-Algorithm-TISCA/results/E1/module_b_joint_manifest_smoke.csv"",""operating_characteristics"":""/home/hugo_souto/Stuff/Submitted_Research/TISCA_paper/Test-Informed-Simulation-Count-Algorithm-TISCA/results/E1/module_b_joint_operating_characteristics_smoke.csv"",""verdict"":""/home/hugo_souto/Stuff/Submitted_Research/TISCA_paper/Test-Informed-Simulation-Count-Algorithm-TISCA/results/E1/module_b_joint_verdict_smoke.md""}",
B_0547,400547,completed,laptopvanHugo,2026-08-08T14:37:55.083299+00:00,2026-08-08T14:37:55.236229+00:00,0.1529416070006846,0,1,"{""covariance"":""/home/hugo_souto/Stuff/Submitted_Research/TISCA_paper/Test-Informed-Simulation-Count-Algorithm-TISCA/results/E1/module_b_joint_covariance_smoke.csv"",""manifest"":""/home/hugo_souto/Stuff/Submitted_Research/TISCA_paper/Test-Informed-Simulation-Count-Algorithm-TISCA/results/E1/module_b_joint_manifest_smoke.csv"",""operating_characteristics"":""/home/hugo_souto/Stuff/Submitted_Research/TISCA_paper/Test-Informed-Simulation-Count-Algorithm-TISCA/results/E1/module_b_joint_operating_characteristics_smoke.csv"",""verdict"":""/home/hugo_souto/Stuff/Submitted_Research/TISCA_paper/Test-Informed-Simulation-Count-Algorithm-TISCA/results/E1/module_b_joint_verdict_smoke.md""}",
B_0585,400585,completed,laptopvanHugo,2026-08-08T14:37:55.086420+00:00,2026-08-08T14:37:55.705484+00:00,0.6190750999994634,0,1,"{""covariance"":""/home/hugo_souto/Stuff/Submitted_Research/TISCA_paper/Test-Informed-Simulation-Count-Algorithm-TISCA/results/E1/module_b_joint_covariance_smoke.csv"",""manifest"":""/home/hugo_souto/Stuff/Submitted_Research/TISCA_paper/Test-Informed-Simulation-Count-Algorithm-TISCA/results/E1/module_b_joint_manifest_smoke.csv"",""operating_characteristics"":""/home/hugo_souto/Stuff/Submitted_Research/TISCA_paper/Test-Informed-Simulation-Count-Algorithm-TISCA/results/E1/module_b_joint_operating_characteristics_smoke.csv"",""verdict"":""/home/hugo_souto/Stuff/Submitted_Research/TISCA_paper/Test-Informed-Simulation-Count-Algorithm-TISCA/results/E1/module_b_joint_verdict_smoke.md""}",
B_0587,400587,completed,laptopvanHugo,2026-08-08T14:37:55.089209+00:00,2026-08-08T14:37:55.681970+00:00,0.5927710670002853,0,1,"{""covariance"":""/home/hugo_souto/Stuff/Submitted_Research/TISCA_paper/Test-Informed-Simulation-Count-Algorithm-TISCA/results/E1/module_b_joint_covariance_smoke.csv"",""manifest"":""/home/hugo_souto/Stuff/Submitted_Research/TISCA_paper/Test-Informed-Simulation-Count-Algorithm-TISCA/results/E1/module_b_joint_manifest_smoke.csv"",""operating_characteristics"":""/home/hugo_souto/Stuff/Submitted_Research/TISCA_paper/Test-Informed-Simulation-Count-Algorithm-TISCA/results/E1/module_b_joint_operating_characteristics_smoke.csv"",""verdict"":""/home/hugo_souto/Stuff/Submitted_Research/TISCA_paper/Test-Informed-Simulation-Count-Algorithm-TISCA/results/E1/module_b_joint_verdict_smoke.md""}",
B_0589,400589,completed,laptopvanHugo,2026-08-08T14:37:55.109256+00:00,2026-08-08T14:37:55.784259+00:00,0.6750137870003527,0,1,"{""covariance"":""/home/hugo_souto/Stuff/Submitted_Research/TISCA_paper/Test-Informed-Simulation-Count-Algorithm-TISCA/results/E1/module_b_joint_covariance_smoke.csv"",""manifest"":""/home/hugo_souto/Stuff/Submitted_Research/TISCA_paper/Test-Informed-Simulation-Count-Algorithm-TISCA/results/E1/module_b_joint_manifest_smoke.csv"",""operating_characteristics"":""/home/hugo_souto/Stuff/Submitted_Research/TISCA_paper/Test-Informed-Simulation-Count-Algorithm-TISCA/results/E1/module_b_joint_operating_characteristics_smoke.csv"",""verdict"":""/home/hugo_souto/Stuff/Submitted_Research/TISCA_paper/Test-Informed-Simulation-Count-Algorithm-TISCA/results/E1/module_b_joint_verdict_smoke.md""}",
B_0657,400657,completed,laptopvanHugo,2026-08-08T14:37:55.113978+00:00,2026-08-08T14:37:55.828152+00:00,0.7141895710010431,0,1,"{""covariance"":""/home/hugo_souto/Stuff/Submitted_Research/TISCA_paper/Test-Informed-Simulation-Count-Algorithm-TISCA/results/E1/module_b_joint_covariance_smoke.csv"",""manifest"":""/home/hugo_souto/Stuff/Submitted_Research/TISCA_paper/Test-Informed-Simulation-Count-Algorithm-TISCA/results/E1/module_b_joint_manifest_smoke.csv"",""operating_characteristics"":""/home/hugo_souto/Stuff/Submitted_Research/TISCA_paper/Test-Informed-Simulation-Count-Algorithm-TISCA/results/E1/module_b_joint_operating_characteristics_smoke.csv"",""verdict"":""/home/hugo_souto/Stuff/Submitted_Research/TISCA_paper/Test-Informed-Simulation-Count-Algorithm-TISCA/results/E1/module_b_joint_verdict_smoke.md""}",
