cell_id,module,family,K,rho,seed,extension,covariance_source,declared_parameters,contrast_map,declared_loss_covariance,implied_sigma_D,implied_corr_D,min_eigenvalue,loss_min_eigenvalue,diagnostic_n,diagnostic_seed,achieved_empirical_cov_D,achieved_empirical_corr_D,exact_contrast_mapping,shared_control_column,repeated_benchmark_columns,empirical_extension_is_synthetic
B_0025,B_joint,normal,1,0.6,400025,common-control normal factor,exact factor covariance,"{""benchmark_residual_corr"":0.0,""rho_input"":0.6,""rho_latent"":0.6,""sigma_a"":1.0,""sigma_b"":1.0}","[[1.0,-1.0]]","[[1.0,0.6],[0.6,1.0]]",[[0.8]],[[1.0]],0.8,0.4,10000,5.889863330322756e+18,[[0.7958776844357194]],[[1.0]],True,True,False,False
B_0027,B_joint,normal,1,0.6,400027,common-control normal factor,exact factor covariance,"{""benchmark_residual_corr"":0.0,""rho_input"":0.6,""rho_latent"":0.6,""sigma_a"":1.0,""sigma_b"":1.0}","[[1.0,-1.0]]","[[1.0,0.6],[0.6,1.0]]",[[0.8]],[[1.0]],0.8,0.4,10000,1.6474208142177974e+19,[[0.8026432708096441]],[[1.0]],True,True,False,False
B_0065,B_joint,normal,1,0.6,400065,common-control normal factor,exact factor covariance,"{""benchmark_residual_corr"":0.0,""rho_input"":0.6,""rho_latent"":0.6,""sigma_a"":1.0,""sigma_b"":1.0}","[[1.0,-1.0]]","[[1.0,0.6],[0.6,1.0]]",[[0.8]],[[1.0]],0.8,0.4,10000,1.298317177886418e+19,[[0.7889571105267986]],[[1.0]],True,True,False,False
B_0067,B_joint,normal,1,0.6,400067,common-control normal factor,exact factor covariance,"{""benchmark_residual_corr"":0.0,""rho_input"":0.6,""rho_latent"":0.6,""sigma_a"":1.0,""sigma_b"":1.0}","[[1.0,-1.0]]","[[1.0,0.6],[0.6,1.0]]",[[0.8]],[[1.0]],0.8,0.4,10000,1.643067136457668e+17,[[0.8026539891141559]],[[1.0]],True,True,False,False
B_0105,B_joint,normal,1,0.6,400105,common-control normal factor,exact factor covariance,"{""benchmark_residual_corr"":0.0,""rho_input"":0.6,""rho_latent"":0.6,""sigma_a"":1.0,""sigma_b"":1.0}","[[1.0,-1.0]]","[[1.0,0.6],[0.6,1.0]]",[[0.8]],[[1.0]],0.8,0.4,10000,1.526681620072568e+19,[[0.8092557570871068]],[[1.0]],True,True,False,False
B_0107,B_joint,normal,1,0.6,400107,common-control normal factor,exact factor covariance,"{""benchmark_residual_corr"":0.0,""rho_input"":0.6,""rho_latent"":0.6,""sigma_a"":1.0,""sigma_b"":1.0}","[[1.0,-1.0]]","[[1.0,0.6],[0.6,1.0]]",[[0.8]],[[1.0]],0.8,0.4,10000,1.486119235887576e+19,[[0.8202829641181245]],[[1.0]],True,True,False,False
B_0145,B_joint,normal,1,0.6,400145,common-control normal factor,exact factor covariance,"{""benchmark_residual_corr"":0.0,""rho_input"":0.6,""rho_latent"":0.6,""sigma_a"":1.0,""sigma_b"":1.0}","[[1.0,-1.0]]","[[1.0,0.6],[0.6,1.0]]",[[0.8]],[[1.0]],0.8,0.4,10000,1.3697692988790217e+19,[[0.8118118957443327]],[[1.0]],True,True,False,False
B_0147,B_joint,normal,1,0.6,400147,common-control normal factor,exact factor covariance,"{""benchmark_residual_corr"":0.0,""rho_input"":0.6,""rho_latent"":0.6,""sigma_a"":1.0,""sigma_b"":1.0}","[[1.0,-1.0]]","[[1.0,0.6],[0.6,1.0]]",[[0.8]],[[1.0]],0.8,0.4,10000,3.901637829197016e+18,[[0.809213299220766]],[[1.0]],True,True,False,False
B_0185,B_joint,normal,1,0.6,400185,common-control normal factor,exact factor covariance,"{""benchmark_residual_corr"":0.0,""rho_input"":0.6,""rho_latent"":0.6,""sigma_a"":1.0,""sigma_b"":1.0}","[[1.0,-1.0]]","[[1.0,0.6],[0.6,1.0]]",[[0.8]],[[1.0]],0.8,0.4,10000,1.2303872858081665e+19,[[0.8072512708870923]],[[1.0]],True,True,False,False
B_0187,B_joint,normal,1,0.6,400187,common-control normal factor,exact factor covariance,"{""benchmark_residual_corr"":0.0,""rho_input"":0.6,""rho_latent"":0.6,""sigma_a"":1.0,""sigma_b"":1.0}","[[1.0,-1.0]]","[[1.0,0.6],[0.6,1.0]]",[[0.8]],[[1.0]],0.8,0.4,10000,1.107825448533806e+19,[[0.7984366727061855]],[[1.0]],True,True,False,False
B_0225,B_joint,normal,3,0.6,400225,common-control normal factor,exact factor covariance,"{""benchmark_residual_corr"":0.0,""rho_input"":0.6,""rho_latent"":0.6,""sigma_a"":1.0,""sigma_b"":1.0}","[[1.0,-1.0,-0.0,-0.0],[1.0,-0.0,-1.0,-0.0],[1.0,-0.0,-0.0,-1.0]]","[[1.0,0.6,0.6,0.6],[0.6,1.0,0.36,0.36],[0.6,0.36,1.0,0.36],[0.6,0.36,0.36,1.0]]","[[0.8,0.16000000000000003,0.16000000000000003],[0.16000000000000003,0.8,0.16000000000000003],[0.16000000000000003,0.16000000000000003,0.8]]","[[1.0,0.20000000000000007,0.20000000000000007],[0.20000000000000007,1.0,0.20000000000000007],[0.20000000000000007,0.20000000000000007,1.0]]",0.6400000000000001,0.2601818332105985,10000,1.709755436346713e+19,"[[0.7957173961048921,0.15056585746808304,0.151499631342368],[0.15056585746808304,0.8008996985234972,0.1524985900355394],[0.151499631342368,0.1524985900355394,0.7872846479844481]]","[[1.0,0.18860708820388133,0.19141072059888084],[0.18860708820388133,1.0,0.19204847894315472],[0.19141072059888084,0.19204847894315472,1.0]]",True,True,False,False
B_0227,B_joint,normal,3,0.6,400227,common-control normal factor,exact factor covariance,"{""benchmark_residual_corr"":0.0,""rho_input"":0.6,""rho_latent"":0.6,""sigma_a"":1.0,""sigma_b"":1.0}","[[1.0,-1.0,-0.0,-0.0],[1.0,-0.0,-1.0,-0.0],[1.0,-0.0,-0.0,-1.0]]","[[1.0,0.6,0.6,0.6],[0.6,1.0,0.36,0.36],[0.6,0.36,1.0,0.36],[0.6,0.36,0.36,1.0]]","[[0.8,0.16000000000000003,0.16000000000000003],[0.16000000000000003,0.8,0.16000000000000003],[0.16000000000000003,0.16000000000000003,0.8]]","[[1.0,0.20000000000000007,0.20000000000000007],[0.20000000000000007,1.0,0.20000000000000007],[0.20000000000000007,0.20000000000000007,1.0]]",0.6400000000000001,0.2601818332105985,10000,1.3237942006986705e+19,"[[0.7983425456364538,0.15048505738249163,0.15990288519757112],[0.15048505738249163,0.8021467741656456,0.1559889670887639],[0.15990288519757112,0.1559889670887639,0.817575112159121]]","[[1.0,0.18804934293821518,0.1979237138212777],[0.18804934293821518,1.0,0.1926207769771407],[0.1979237138212777,0.1926207769771407,1.0]]",True,True,False,False
B_0265,B_joint,normal,3,0.6,400265,common-control normal factor,exact factor covariance,"{""benchmark_residual_corr"":0.0,""rho_input"":0.6,""rho_latent"":0.6,""sigma_a"":1.0,""sigma_b"":1.0}","[[1.0,-1.0,-0.0,-0.0],[1.0,-0.0,-1.0,-0.0],[1.0,-0.0,-0.0,-1.0]]","[[1.0,0.6,0.6,0.6],[0.6,1.0,0.36,0.36],[0.6,0.36,1.0,0.36],[0.6,0.36,0.36,1.0]]","[[0.8,0.16000000000000003,0.16000000000000003],[0.16000000000000003,0.8,0.16000000000000003],[0.16000000000000003,0.16000000000000003,0.8]]","[[1.0,0.20000000000000007,0.20000000000000007],[0.20000000000000007,1.0,0.20000000000000007],[0.20000000000000007,0.20000000000000007,1.0]]",0.6400000000000001,0.2601818332105985,10000,1.7239643443772312e+19,"[[0.8027567184189841,0.17794412771534332,0.17412894000155185],[0.17794412771534332,0.8147877435070263,0.16322372755993972],[0.17412894000155185,0.16322372755993972,0.8110792731928611]]","[[1.0,0.22002368919471946,0.2157979576651624],[0.22002368919471946,1.0,0.2007841360678304],[0.2157979576651624,0.2007841360678304,1.0]]",True,True,False,False
B_0267,B_joint,normal,3,0.6,400267,common-control normal factor,exact factor covariance,"{""benchmark_residual_corr"":0.0,""rho_input"":0.6,""rho_latent"":0.6,""sigma_a"":1.0,""sigma_b"":1.0}","[[1.0,-1.0,-0.0,-0.0],[1.0,-0.0,-1.0,-0.0],[1.0,-0.0,-0.0,-1.0]]","[[1.0,0.6,0.6,0.6],[0.6,1.0,0.36,0.36],[0.6,0.36,1.0,0.36],[0.6,0.36,0.36,1.0]]","[[0.8,0.16000000000000003,0.16000000000000003],[0.16000000000000003,0.8,0.16000000000000003],[0.16000000000000003,0.16000000000000003,0.8]]","[[1.0,0.20000000000000007,0.20000000000000007],[0.20000000000000007,1.0,0.20000000000000007],[0.20000000000000007,0.20000000000000007,1.0]]",0.6400000000000001,0.2601818332105985,10000,1.46572792159233e+19,"[[0.8226868196758557,0.15575216791319382,0.1634603592706946],[0.15575216791319382,0.7980057072738861,0.14417196191652826],[0.1634603592706946,0.14417196191652826,0.8166557594815828]]","[[1.0,0.1922267537739732,0.19942319262822902],[0.1922267537739732,1.0,0.17859047612412585],[0.19942319262822902,0.17859047612412585,1.0]]",True,True,False,False
B_0305,B_joint,normal,3,0.6,400305,common-control normal factor,exact factor covariance,"{""benchmark_residual_corr"":0.0,""rho_input"":0.6,""rho_latent"":0.6,""sigma_a"":1.0,""sigma_b"":1.0}","[[1.0,-1.0,-0.0,-0.0],[1.0,-0.0,-1.0,-0.0],[1.0,-0.0,-0.0,-1.0]]","[[1.0,0.6,0.6,0.6],[0.6,1.0,0.36,0.36],[0.6,0.36,1.0,0.36],[0.6,0.36,0.36,1.0]]","[[0.8,0.16000000000000003,0.16000000000000003],[0.16000000000000003,0.8,0.16000000000000003],[0.16000000000000003,0.16000000000000003,0.8]]","[[1.0,0.20000000000000007,0.20000000000000007],[0.20000000000000007,1.0,0.20000000000000007],[0.20000000000000007,0.20000000000000007,1.0]]",0.6400000000000001,0.2601818332105985,10000,5.564718047686855e+18,"[[0.8024319732576887,0.16977650066628253,0.14938980762094653],[0.16977650066628253,0.8146134031387171,0.16345306355213188],[0.14938980762094653,0.16345306355213188,0.8031982784999306]]","[[1.0,0.209989553299329,0.18608247380902657],[0.209989553299329,1.0,0.20207189054074856],[0.18608247380902657,0.20207189054074856,1.0]]",True,True,False,False
B_0307,B_joint,normal,3,0.6,400307,common-control normal factor,exact factor covariance,"{""benchmark_residual_corr"":0.0,""rho_input"":0.6,""rho_latent"":0.6,""sigma_a"":1.0,""sigma_b"":1.0}","[[1.0,-1.0,-0.0,-0.0],[1.0,-0.0,-1.0,-0.0],[1.0,-0.0,-0.0,-1.0]]","[[1.0,0.6,0.6,0.6],[0.6,1.0,0.36,0.36],[0.6,0.36,1.0,0.36],[0.6,0.36,0.36,1.0]]","[[0.8,0.16000000000000003,0.16000000000000003],[0.16000000000000003,0.8,0.16000000000000003],[0.16000000000000003,0.16000000000000003,0.8]]","[[1.0,0.20000000000000007,0.20000000000000007],[0.20000000000000007,1.0,0.20000000000000007],[0.20000000000000007,0.20000000000000007,1.0]]",0.6400000000000001,0.2601818332105985,10000,1.087519295969083e+19,"[[0.8008840556464029,0.16006525307370081,0.17082141395404904],[0.16006525307370081,0.8098194944549844,0.1626794910178649],[0.17082141395404904,0.1626794910178649,0.7957164732069951]]","[[1.0,0.19875502992292304,0.21398252801422615],[0.19875502992292304,1.0,0.20265602355513834],[0.21398252801422615,0.20265602355513834,1.0]]",True,True,False,False
B_0345,B_joint,normal,3,0.6,400345,common-control normal factor,exact factor covariance,"{""benchmark_residual_corr"":0.0,""rho_input"":0.6,""rho_latent"":0.6,""sigma_a"":1.0,""sigma_b"":1.0}","[[1.0,-1.0,-0.0,-0.0],[1.0,-0.0,-1.0,-0.0],[1.0,-0.0,-0.0,-1.0]]","[[1.0,0.6,0.6,0.6],[0.6,1.0,0.36,0.36],[0.6,0.36,1.0,0.36],[0.6,0.36,0.36,1.0]]","[[0.8,0.16000000000000003,0.16000000000000003],[0.16000000000000003,0.8,0.16000000000000003],[0.16000000000000003,0.16000000000000003,0.8]]","[[1.0,0.20000000000000007,0.20000000000000007],[0.20000000000000007,1.0,0.20000000000000007],[0.20000000000000007,0.20000000000000007,1.0]]",0.6400000000000001,0.2601818332105985,10000,2.412264357673624e+18,"[[0.7984411093236332,0.16303928953772834,0.16746091576671507],[0.16303928953772834,0.8011097996422637,0.17193241724099223],[0.16746091576671507,0.17193241724099223,0.814180694762593]]","[[1.0,0.20385661442715863,0.20769766634279435],[0.20385661442715863,1.0,0.21288808073794954],[0.20769766634279435,0.21288808073794954,1.0]]",True,True,False,False
B_0347,B_joint,normal,3,0.6,400347,common-control normal factor,exact factor covariance,"{""benchmark_residual_corr"":0.0,""rho_input"":0.6,""rho_latent"":0.6,""sigma_a"":1.0,""sigma_b"":1.0}","[[1.0,-1.0,-0.0,-0.0],[1.0,-0.0,-1.0,-0.0],[1.0,-0.0,-0.0,-1.0]]","[[1.0,0.6,0.6,0.6],[0.6,1.0,0.36,0.36],[0.6,0.36,1.0,0.36],[0.6,0.36,0.36,1.0]]","[[0.8,0.16000000000000003,0.16000000000000003],[0.16000000000000003,0.8,0.16000000000000003],[0.16000000000000003,0.16000000000000003,0.8]]","[[1.0,0.20000000000000007,0.20000000000000007],[0.20000000000000007,1.0,0.20000000000000007],[0.20000000000000007,0.20000000000000007,1.0]]",0.6400000000000001,0.2601818332105985,10000,3.672627117493669e+18,"[[0.8196673506388619,0.1575562034145232,0.13721616591258004],[0.1575562034145232,0.8019832592004793,0.16083305885788757],[0.13721616591258004,0.16083305885788757,0.786786310694641]]","[[1.0,0.19432739888629866,0.17086694886958245],[0.19432739888629866,1.0,0.20247167369311106],[0.17086694886958245,0.20247167369311106,1.0]]",True,True,False,False
B_0385,B_joint,normal,3,0.6,400385,common-control normal factor,exact factor covariance,"{""benchmark_residual_corr"":0.0,""rho_input"":0.6,""rho_latent"":0.6,""sigma_a"":1.0,""sigma_b"":1.0}","[[1.0,-1.0,-0.0,-0.0],[1.0,-0.0,-1.0,-0.0],[1.0,-0.0,-0.0,-1.0]]","[[1.0,0.6,0.6,0.6],[0.6,1.0,0.36,0.36],[0.6,0.36,1.0,0.36],[0.6,0.36,0.36,1.0]]","[[0.8,0.16000000000000003,0.16000000000000003],[0.16000000000000003,0.8,0.16000000000000003],[0.16000000000000003,0.16000000000000003,0.8]]","[[1.0,0.20000000000000007,0.20000000000000007],[0.20000000000000007,1.0,0.20000000000000007],[0.20000000000000007,0.20000000000000007,1.0]]",0.6400000000000001,0.2601818332105985,10000,1.6621060978593382e+19,"[[0.8054327459647781,0.15889203655387918,0.17772270066963655],[0.15889203655387918,0.8174115144189142,0.1721637935378248],[0.17772270066963655,0.1721637935378248,0.7868166798211814]]","[[1.0,0.1958245398688923,0.2232500084055538],[0.1958245398688923,1.0,0.21467658051705826],[0.2232500084055538,0.21467658051705826,1.0]]",True,True,False,False
B_0387,B_joint,normal,3,0.6,400387,common-control normal factor,exact factor covariance,"{""benchmark_residual_corr"":0.0,""rho_input"":0.6,""rho_latent"":0.6,""sigma_a"":1.0,""sigma_b"":1.0}","[[1.0,-1.0,-0.0,-0.0],[1.0,-0.0,-1.0,-0.0],[1.0,-0.0,-0.0,-1.0]]","[[1.0,0.6,0.6,0.6],[0.6,1.0,0.36,0.36],[0.6,0.36,1.0,0.36],[0.6,0.36,0.36,1.0]]","[[0.8,0.16000000000000003,0.16000000000000003],[0.16000000000000003,0.8,0.16000000000000003],[0.16000000000000003,0.16000000000000003,0.8]]","[[1.0,0.20000000000000007,0.20000000000000007],[0.20000000000000007,1.0,0.20000000000000007],[0.20000000000000007,0.20000000000000007,1.0]]",0.6400000000000001,0.2601818332105985,10000,1.7178888232348953e+19,"[[0.799265975482752,0.15313239464159334,0.17868956059096452],[0.15313239464159334,0.7912286282407368,0.16091393143370947],[0.17868956059096452,0.16091393143370947,0.7958858825205057]]","[[1.0,0.19256192325562743,0.22404131727045834],[0.19256192325562743,1.0,0.20277632539525103],[0.22404131727045834,0.20277632539525103,1.0]]",True,True,False,False
B_0425,B_joint,normal,6,0.6,400425,common-control normal factor,exact factor covariance,"{""benchmark_residual_corr"":0.0,""rho_input"":0.6,""rho_latent"":0.6,""sigma_a"":1.0,""sigma_b"":1.0}","[[1.0,-1.0,-0.0,-0.0,-0.0,-0.0,-0.0],[1.0,-0.0,-1.0,-0.0,-0.0,-0.0,-0.0],[1.0,-0.0,-0.0,-1.0,-0.0,-0.0,-0.0],[1.0,-0.0,-0.0,-0.0,-1.0,-0.0,-0.0],[1.0,-0.0,-0.0,-0.0,-0.0,-1.0,-0.0],[1.0,-0.0,-0.0,-0.0,-0.0,-0.0,-1.0]]","[[1.0,0.6,0.6,0.6,0.6,0.6,0.6],[0.6,1.0,0.36,0.36,0.36,0.36,0.36],[0.6,0.36,1.0,0.36,0.36,0.36,0.36],[0.6,0.36,0.36,1.0,0.36,0.36,0.36],[0.6,0.36,0.36,0.36,1.0,0.36,0.36],[0.6,0.36,0.36,0.36,0.36,1.0,0.36],[0.6,0.36,0.36,0.36,0.36,0.36,1.0]]","[[0.8,0.16000000000000003,0.16000000000000003,0.16000000000000003,0.16000000000000003,0.16000000000000003],[0.16000000000000003,0.8,0.16000000000000003,0.16000000000000003,0.16000000000000003,0.16000000000000003],[0.16000000000000003,0.16000000000000003,0.8,0.16000000000000003,0.16000000000000003,0.16000000000000003],[0.16000000000000003,0.16000000000000003,0.16000000000000003,0.8,0.16000000000000003,0.16000000000000003],[0.16000000000000003,0.16000000000000003,0.16000000000000003,0.16000000000000003,0.8,0.16000000000000003],[0.16000000000000003,0.16000000000000003,0.16000000000000003,0.16000000000000003,0.16000000000000003,0.8]]","[[1.0,0.20000000000000007,0.20000000000000007,0.20000000000000007,0.20000000000000007,0.20000000000000007],[0.20000000000000007,1.0,0.20000000000000007,0.20000000000000007,0.20000000000000007,0.20000000000000007],[0.20000000000000007,0.20000000000000007,1.0,0.20000000000000007,0.20000000000000007,0.20000000000000007],[0.20000000000000007,0.20000000000000007,0.20000000000000007,1.0,0.20000000000000007,0.20000000000000007],[0.20000000000000007,0.20000000000000007,0.20000000000000007,0.20000000000000007,1.0,0.20000000000000007],[0.20000000000000007,0.20000000000000007,0.20000000000000007,0.20000000000000007,0.20000000000000007,1.0]]",0.6399999999999999,0.1766312060385915,10000,5.563792227607985e+18,"[[0.8140675863648485,0.17322431552226936,0.16708876460115693,0.16598834894961043,0.15625737114549526,0.15350312212244344],[0.17322431552226936,0.8018429384572545,0.15042804395461476,0.1563766538967135,0.17176936736336176,0.17067120327901708],[0.16708876460115693,0.15042804395461476,0.8004865609756884,0.15234434775199174,0.17092279180633815,0.15880665711688566],[0.16598834894961043,0.1563766538967135,0.15234434775199174,0.799614941413345,0.1599941273943575,0.16061730405802474],[0.15625737114549526,0.17176936736336176,0.17092279180633815,0.1599941273943575,0.7780998273017699,0.15632010092591997],[0.15350312212244344,0.17067120327901708,0.15880665711688566,0.16061730405802474,0.15632010092591997,0.798010470654935]]","[[1.0,0.21440453546367236,0.20698553394496633,0.20573440427673342,0.19633269255195496,0.19045074979383686],[0.21440453546367236,1.0,0.18776175300255066,0.19529306040171224,0.21746201216585997,0.21335916404019276],[0.20698553394496633,0.18776175300255066,1.0,0.19041838299254574,0.21657349036958495,0.1986952049307097],[0.20573440427673342,0.19529306040171224,0.19041838299254574,1.0,0.20283641792032617,0.20107014302992934],[0.19633269255195496,0.21746201216585997,0.21657349036958495,0.20283641792032617,1.0,0.19837770991756967],[0.19045074979383686,0.21335916404019276,0.1986952049307097,0.20107014302992934,0.19837770991756967,1.0]]",True,True,False,False
B_0427,B_joint,normal,6,0.6,400427,common-control normal factor,exact factor covariance,"{""benchmark_residual_corr"":0.0,""rho_input"":0.6,""rho_latent"":0.6,""sigma_a"":1.0,""sigma_b"":1.0}","[[1.0,-1.0,-0.0,-0.0,-0.0,-0.0,-0.0],[1.0,-0.0,-1.0,-0.0,-0.0,-0.0,-0.0],[1.0,-0.0,-0.0,-1.0,-0.0,-0.0,-0.0],[1.0,-0.0,-0.0,-0.0,-1.0,-0.0,-0.0],[1.0,-0.0,-0.0,-0.0,-0.0,-1.0,-0.0],[1.0,-0.0,-0.0,-0.0,-0.0,-0.0,-1.0]]","[[1.0,0.6,0.6,0.6,0.6,0.6,0.6],[0.6,1.0,0.36,0.36,0.36,0.36,0.36],[0.6,0.36,1.0,0.36,0.36,0.36,0.36],[0.6,0.36,0.36,1.0,0.36,0.36,0.36],[0.6,0.36,0.36,0.36,1.0,0.36,0.36],[0.6,0.36,0.36,0.36,0.36,1.0,0.36],[0.6,0.36,0.36,0.36,0.36,0.36,1.0]]","[[0.8,0.16000000000000003,0.16000000000000003,0.16000000000000003,0.16000000000000003,0.16000000000000003],[0.16000000000000003,0.8,0.16000000000000003,0.16000000000000003,0.16000000000000003,0.16000000000000003],[0.16000000000000003,0.16000000000000003,0.8,0.16000000000000003,0.16000000000000003,0.16000000000000003],[0.16000000000000003,0.16000000000000003,0.16000000000000003,0.8,0.16000000000000003,0.16000000000000003],[0.16000000000000003,0.16000000000000003,0.16000000000000003,0.16000000000000003,0.8,0.16000000000000003],[0.16000000000000003,0.16000000000000003,0.16000000000000003,0.16000000000000003,0.16000000000000003,0.8]]","[[1.0,0.20000000000000007,0.20000000000000007,0.20000000000000007,0.20000000000000007,0.20000000000000007],[0.20000000000000007,1.0,0.20000000000000007,0.20000000000000007,0.20000000000000007,0.20000000000000007],[0.20000000000000007,0.20000000000000007,1.0,0.20000000000000007,0.20000000000000007,0.20000000000000007],[0.20000000000000007,0.20000000000000007,0.20000000000000007,1.0,0.20000000000000007,0.20000000000000007],[0.20000000000000007,0.20000000000000007,0.20000000000000007,0.20000000000000007,1.0,0.20000000000000007],[0.20000000000000007,0.20000000000000007,0.20000000000000007,0.20000000000000007,0.20000000000000007,1.0]]",0.6399999999999999,0.1766312060385915,10000,9.890907344697274e+18,"[[0.7919432598826728,0.16525644039495893,0.16577248505434614,0.16854157793227117,0.14139243557178194,0.1659796477636874],[0.16525644039495893,0.781387459454576,0.14905421721186093,0.157127766203233,0.14082075610630096,0.16858670870258158],[0.16577248505434614,0.14905421721186093,0.797005447440884,0.15884471625965577,0.14259603339200158,0.17916666341150853],[0.16854157793227117,0.157127766203233,0.15884471625965577,0.7893787595712224,0.14082580545995893,0.16833906942233134],[0.14139243557178194,0.14082075610630096,0.14259603339200158,0.14082580545995893,0.7920030580558903,0.16784005167299015],[0.1659796477636874,0.16858670870258158,0.17916666341150853,0.16833906942233134,0.16784005167299015,0.8021715838237385]]","[[1.0,0.21007682348104534,0.20865786991609184,0.21316568984190398,0.17853185309532293,0.20824480134285647],[0.21007682348104534,1.0,0.18887757785282538,0.20006770937036053,0.17900700408418233,0.21293962106290074],[0.20865786991609184,0.18887757785282538,1.0,0.20026239705808707,0.17947888826815614,0.22407475197244842],[0.21316568984190398,0.20006770937036053,0.20026239705808707,1.0,0.17810499375022784,0.21154782628464233],[0.17853185309532293,0.17900700408418233,0.17947888826815614,0.17810499375022784,1.0,0.21057098981722228],[0.20824480134285647,0.21293962106290074,0.22407475197244842,0.21154782628464233,0.21057098981722228,1.0]]",True,True,False,False
B_0465,B_joint,normal,6,0.6,400465,common-control normal factor,exact factor covariance,"{""benchmark_residual_corr"":0.0,""rho_input"":0.6,""rho_latent"":0.6,""sigma_a"":1.0,""sigma_b"":1.0}","[[1.0,-1.0,-0.0,-0.0,-0.0,-0.0,-0.0],[1.0,-0.0,-1.0,-0.0,-0.0,-0.0,-0.0],[1.0,-0.0,-0.0,-1.0,-0.0,-0.0,-0.0],[1.0,-0.0,-0.0,-0.0,-1.0,-0.0,-0.0],[1.0,-0.0,-0.0,-0.0,-0.0,-1.0,-0.0],[1.0,-0.0,-0.0,-0.0,-0.0,-0.0,-1.0]]","[[1.0,0.6,0.6,0.6,0.6,0.6,0.6],[0.6,1.0,0.36,0.36,0.36,0.36,0.36],[0.6,0.36,1.0,0.36,0.36,0.36,0.36],[0.6,0.36,0.36,1.0,0.36,0.36,0.36],[0.6,0.36,0.36,0.36,1.0,0.36,0.36],[0.6,0.36,0.36,0.36,0.36,1.0,0.36],[0.6,0.36,0.36,0.36,0.36,0.36,1.0]]","[[0.8,0.16000000000000003,0.16000000000000003,0.16000000000000003,0.16000000000000003,0.16000000000000003],[0.16000000000000003,0.8,0.16000000000000003,0.16000000000000003,0.16000000000000003,0.16000000000000003],[0.16000000000000003,0.16000000000000003,0.8,0.16000000000000003,0.16000000000000003,0.16000000000000003],[0.16000000000000003,0.16000000000000003,0.16000000000000003,0.8,0.16000000000000003,0.16000000000000003],[0.16000000000000003,0.16000000000000003,0.16000000000000003,0.16000000000000003,0.8,0.16000000000000003],[0.16000000000000003,0.16000000000000003,0.16000000000000003,0.16000000000000003,0.16000000000000003,0.8]]","[[1.0,0.20000000000000007,0.20000000000000007,0.20000000000000007,0.20000000000000007,0.20000000000000007],[0.20000000000000007,1.0,0.20000000000000007,0.20000000000000007,0.20000000000000007,0.20000000000000007],[0.20000000000000007,0.20000000000000007,1.0,0.20000000000000007,0.20000000000000007,0.20000000000000007],[0.20000000000000007,0.20000000000000007,0.20000000000000007,1.0,0.20000000000000007,0.20000000000000007],[0.20000000000000007,0.20000000000000007,0.20000000000000007,0.20000000000000007,1.0,0.20000000000000007],[0.20000000000000007,0.20000000000000007,0.20000000000000007,0.20000000000000007,0.20000000000000007,1.0]]",0.6399999999999999,0.1766312060385915,10000,1.360362647335814e+18,"[[0.7868143509815082,0.16553894670509728,0.1582505323143289,0.17002682371302597,0.1498418624282156,0.1682970274886757],[0.16553894670509728,0.8056866926416266,0.15740083532121463,0.16356593035890674,0.1568555361946093,0.16849156610552207],[0.1582505323143289,0.15740083532121463,0.8091165991575313,0.16809695933407068,0.17263433007791015,0.1595546419545666],[0.17002682371302597,0.16356593035890674,0.16809695933407068,0.8171882581614465,0.15843614695672023,0.16938061780710295],[0.1498418624282156,0.1568555361946093,0.17263433007791015,0.15843614695672023,0.793731958802145,0.16257944524986656],[0.1682970274886757,0.16849156610552207,0.1595546419545666,0.16938061780710295,0.16257944524986656,0.8079204104189136]]","[[1.0,0.20791267016420173,0.19833688487471732,0.21204119670769575,0.1896094998067268,0.2110843420939761],[0.20791267016420173,1.0,0.19494781956697388,0.2015805816804047,0.19614616568631432,0.20883860417500918],[0.19833688487471732,0.19494781956697388,1.0,0.20672511553160527,0.21541933199184973,0.19734203319424973],[0.21204119670769575,0.2015805816804047,0.20672511553160527,1.0,0.19672351684086822,0.20845790259698976],[0.1896094998067268,0.19614616568631432,0.21541933199184973,0.19672351684086822,1.0,0.203022613386648],[0.2110843420939761,0.20883860417500918,0.19734203319424973,0.20845790259698976,0.203022613386648,1.0]]",True,True,False,False
B_0467,B_joint,normal,6,0.6,400467,common-control normal factor,exact factor covariance,"{""benchmark_residual_corr"":0.0,""rho_input"":0.6,""rho_latent"":0.6,""sigma_a"":1.0,""sigma_b"":1.0}","[[1.0,-1.0,-0.0,-0.0,-0.0,-0.0,-0.0],[1.0,-0.0,-1.0,-0.0,-0.0,-0.0,-0.0],[1.0,-0.0,-0.0,-1.0,-0.0,-0.0,-0.0],[1.0,-0.0,-0.0,-0.0,-1.0,-0.0,-0.0],[1.0,-0.0,-0.0,-0.0,-0.0,-1.0,-0.0],[1.0,-0.0,-0.0,-0.0,-0.0,-0.0,-1.0]]","[[1.0,0.6,0.6,0.6,0.6,0.6,0.6],[0.6,1.0,0.36,0.36,0.36,0.36,0.36],[0.6,0.36,1.0,0.36,0.36,0.36,0.36],[0.6,0.36,0.36,1.0,0.36,0.36,0.36],[0.6,0.36,0.36,0.36,1.0,0.36,0.36],[0.6,0.36,0.36,0.36,0.36,1.0,0.36],[0.6,0.36,0.36,0.36,0.36,0.36,1.0]]","[[0.8,0.16000000000000003,0.16000000000000003,0.16000000000000003,0.16000000000000003,0.16000000000000003],[0.16000000000000003,0.8,0.16000000000000003,0.16000000000000003,0.16000000000000003,0.16000000000000003],[0.16000000000000003,0.16000000000000003,0.8,0.16000000000000003,0.16000000000000003,0.16000000000000003],[0.16000000000000003,0.16000000000000003,0.16000000000000003,0.8,0.16000000000000003,0.16000000000000003],[0.16000000000000003,0.16000000000000003,0.16000000000000003,0.16000000000000003,0.8,0.16000000000000003],[0.16000000000000003,0.16000000000000003,0.16000000000000003,0.16000000000000003,0.16000000000000003,0.8]]","[[1.0,0.20000000000000007,0.20000000000000007,0.20000000000000007,0.20000000000000007,0.20000000000000007],[0.20000000000000007,1.0,0.20000000000000007,0.20000000000000007,0.20000000000000007,0.20000000000000007],[0.20000000000000007,0.20000000000000007,1.0,0.20000000000000007,0.20000000000000007,0.20000000000000007],[0.20000000000000007,0.20000000000000007,0.20000000000000007,1.0,0.20000000000000007,0.20000000000000007],[0.20000000000000007,0.20000000000000007,0.20000000000000007,0.20000000000000007,1.0,0.20000000000000007],[0.20000000000000007,0.20000000000000007,0.20000000000000007,0.20000000000000007,0.20000000000000007,1.0]]",0.6399999999999999,0.1766312060385915,10000,5.826735905350785e+18,"[[0.8020801858284129,0.15316724414084365,0.15154760745597864,0.15329019845027247,0.14720231869933753,0.1710843726922423],[0.15316724414084365,0.7926199907043175,0.1477396965772322,0.16746202570985186,0.15818490438378335,0.1688867146632258],[0.15154760745597864,0.1477396965772322,0.7670265112868107,0.15160684587237744,0.14554436570938742,0.15675905557521258],[0.15329019845027247,0.16746202570985186,0.15160684587237744,0.8073061168530511,0.1440996356344767,0.15181873668176618],[0.14720231869933753,0.15818490438378335,0.14554436570938742,0.1440996356344767,0.8005406609131529,0.1582518708342823],[0.1710843726922423,0.1688867146632258,0.15675905557521258,0.15181873668176618,0.1582518708342823,0.8055554256797348]]","[[1.0,0.19209873001254218,0.1932124034485975,0.19049622374652167,0.18370207391036333,0.21284023718589914],[0.19209873001254218,1.0,0.18947831086214117,0.20934601970603464,0.19858243326296715,0.21135633192584533],[0.1932124034485975,0.18947831086214117,1.0,0.19266130755333444,0.1857370367501492,0.19942506269123145],[0.19049622374652167,0.20934601970603464,0.19266130755333444,1.0,0.17924706920115058,0.18826020971529284],[0.18370207391036333,0.19858243326296715,0.1857370367501492,0.17924706920115058,1.0,0.19706497457552477],[0.21284023718589914,0.21135633192584533,0.19942506269123145,0.18826020971529284,0.19706497457552477,1.0]]",True,True,False,False
B_0505,B_joint,normal,6,0.6,400505,common-control normal factor,exact factor covariance,"{""benchmark_residual_corr"":0.0,""rho_input"":0.6,""rho_latent"":0.6,""sigma_a"":1.0,""sigma_b"":1.0}","[[1.0,-1.0,-0.0,-0.0,-0.0,-0.0,-0.0],[1.0,-0.0,-1.0,-0.0,-0.0,-0.0,-0.0],[1.0,-0.0,-0.0,-1.0,-0.0,-0.0,-0.0],[1.0,-0.0,-0.0,-0.0,-1.0,-0.0,-0.0],[1.0,-0.0,-0.0,-0.0,-0.0,-1.0,-0.0],[1.0,-0.0,-0.0,-0.0,-0.0,-0.0,-1.0]]","[[1.0,0.6,0.6,0.6,0.6,0.6,0.6],[0.6,1.0,0.36,0.36,0.36,0.36,0.36],[0.6,0.36,1.0,0.36,0.36,0.36,0.36],[0.6,0.36,0.36,1.0,0.36,0.36,0.36],[0.6,0.36,0.36,0.36,1.0,0.36,0.36],[0.6,0.36,0.36,0.36,0.36,1.0,0.36],[0.6,0.36,0.36,0.36,0.36,0.36,1.0]]","[[0.8,0.16000000000000003,0.16000000000000003,0.16000000000000003,0.16000000000000003,0.16000000000000003],[0.16000000000000003,0.8,0.16000000000000003,0.16000000000000003,0.16000000000000003,0.16000000000000003],[0.16000000000000003,0.16000000000000003,0.8,0.16000000000000003,0.16000000000000003,0.16000000000000003],[0.16000000000000003,0.16000000000000003,0.16000000000000003,0.8,0.16000000000000003,0.16000000000000003],[0.16000000000000003,0.16000000000000003,0.16000000000000003,0.16000000000000003,0.8,0.16000000000000003],[0.16000000000000003,0.16000000000000003,0.16000000000000003,0.16000000000000003,0.16000000000000003,0.8]]","[[1.0,0.20000000000000007,0.20000000000000007,0.20000000000000007,0.20000000000000007,0.20000000000000007],[0.20000000000000007,1.0,0.20000000000000007,0.20000000000000007,0.20000000000000007,0.20000000000000007],[0.20000000000000007,0.20000000000000007,1.0,0.20000000000000007,0.20000000000000007,0.20000000000000007],[0.20000000000000007,0.20000000000000007,0.20000000000000007,1.0,0.20000000000000007,0.20000000000000007],[0.20000000000000007,0.20000000000000007,0.20000000000000007,0.20000000000000007,1.0,0.20000000000000007],[0.20000000000000007,0.20000000000000007,0.20000000000000007,0.20000000000000007,0.20000000000000007,1.0]]",0.6399999999999999,0.1766312060385915,10000,1.4304082442974398e+19,"[[0.7862904593248822,0.13196646353456384,0.1605251250590131,0.153354380738741,0.13666018399772648,0.1360730004093057],[0.13196646353456384,0.7945509535684162,0.1575194294108785,0.15937996646251287,0.16562359206996166,0.15481909610245723],[0.1605251250590131,0.1575194294108785,0.8081624017450155,0.16962153668285931,0.15441274729476345,0.15695629839261832],[0.153354380738741,0.15937996646251287,0.16962153668285931,0.8067453191899766,0.1677702280035767,0.14758219098793018],[0.13666018399772648,0.16562359206996166,0.15441274729476345,0.1677702280035767,0.7945361200883662,0.15597234160632706],[0.1360730004093057,0.15481909610245723,0.15695629839261832,0.14758219098793018,0.15597234160632706,0.7948109401851735]]","[[1.0,0.1669595243892004,0.2013734418246403,0.19254686699227347,0.17289947535036276,0.17212681783693326],[0.1669595243892004,1.0,0.1965730302127466,0.1990694549540957,0.20845124829572367,0.19481918974181442],[0.2013734418246403,0.1965730302127466,1.0,0.21006971455880696,0.1926979109211852,0.19583824511252565],[0.19254686699227347,0.1990694549540957,0.21006971455880696,1.0,0.20955105177255057,0.18430359570198757],[0.17289947535036276,0.20845124829572367,0.1926979109211852,0.20955105177255057,1.0,0.19627222755388202],[0.17212681783693326,0.19481918974181442,0.19583824511252565,0.18430359570198757,0.19627222755388202,1.0]]",True,True,False,False
B_0507,B_joint,normal,6,0.6,400507,common-control normal factor,exact factor covariance,"{""benchmark_residual_corr"":0.0,""rho_input"":0.6,""rho_latent"":0.6,""sigma_a"":1.0,""sigma_b"":1.0}","[[1.0,-1.0,-0.0,-0.0,-0.0,-0.0,-0.0],[1.0,-0.0,-1.0,-0.0,-0.0,-0.0,-0.0],[1.0,-0.0,-0.0,-1.0,-0.0,-0.0,-0.0],[1.0,-0.0,-0.0,-0.0,-1.0,-0.0,-0.0],[1.0,-0.0,-0.0,-0.0,-0.0,-1.0,-0.0],[1.0,-0.0,-0.0,-0.0,-0.0,-0.0,-1.0]]","[[1.0,0.6,0.6,0.6,0.6,0.6,0.6],[0.6,1.0,0.36,0.36,0.36,0.36,0.36],[0.6,0.36,1.0,0.36,0.36,0.36,0.36],[0.6,0.36,0.36,1.0,0.36,0.36,0.36],[0.6,0.36,0.36,0.36,1.0,0.36,0.36],[0.6,0.36,0.36,0.36,0.36,1.0,0.36],[0.6,0.36,0.36,0.36,0.36,0.36,1.0]]","[[0.8,0.16000000000000003,0.16000000000000003,0.16000000000000003,0.16000000000000003,0.16000000000000003],[0.16000000000000003,0.8,0.16000000000000003,0.16000000000000003,0.16000000000000003,0.16000000000000003],[0.16000000000000003,0.16000000000000003,0.8,0.16000000000000003,0.16000000000000003,0.16000000000000003],[0.16000000000000003,0.16000000000000003,0.16000000000000003,0.8,0.16000000000000003,0.16000000000000003],[0.16000000000000003,0.16000000000000003,0.16000000000000003,0.16000000000000003,0.8,0.16000000000000003],[0.16000000000000003,0.16000000000000003,0.16000000000000003,0.16000000000000003,0.16000000000000003,0.8]]","[[1.0,0.20000000000000007,0.20000000000000007,0.20000000000000007,0.20000000000000007,0.20000000000000007],[0.20000000000000007,1.0,0.20000000000000007,0.20000000000000007,0.20000000000000007,0.20000000000000007],[0.20000000000000007,0.20000000000000007,1.0,0.20000000000000007,0.20000000000000007,0.20000000000000007],[0.20000000000000007,0.20000000000000007,0.20000000000000007,1.0,0.20000000000000007,0.20000000000000007],[0.20000000000000007,0.20000000000000007,0.20000000000000007,0.20000000000000007,1.0,0.20000000000000007],[0.20000000000000007,0.20000000000000007,0.20000000000000007,0.20000000000000007,0.20000000000000007,1.0]]",0.6399999999999999,0.1766312060385915,10000,1.1459748101556951e+19,"[[0.8154548867244649,0.18024726634245114,0.17271313055441492,0.1685275903818424,0.1695033264414227,0.17052351982445635],[0.18024726634245114,0.7997082641532121,0.15740730973808975,0.17226308278500083,0.16766150772807273,0.16677018673820884],[0.17271313055441492,0.15740730973808975,0.7784116775361717,0.16114377236964375,0.15031005244359477,0.16753022825632613],[0.1685275903818424,0.17226308278500083,0.16114377236964375,0.7980463576201778,0.15253483658174166,0.1620415280839959],[0.1695033264414227,0.16766150772807273,0.15031005244359477,0.15253483658174166,0.8000474116330414,0.1507974267559053],[0.17052351982445635,0.16677018673820884,0.16753022825632613,0.1620415280839959,0.1507974267559053,0.8323082386250577]]","[[1.0,0.22320448916592014,0.21678075030206317,0.20890891887480462,0.20985551813044834,0.20698659574927342],[0.22320448916592014,1.0,0.19950529799967384,0.21563157899785454,0.20960889720030942,0.20441394805350319],[0.21678075030206317,0.19950529799967384,1.0,0.20445361560373215,0.19046952241358392,0.20813562055717152],[0.20890891887480462,0.21563157899785454,0.20445361560373215,1.0,0.1908961277427414,0.1988246256217956],[0.20985551813044834,0.20960889720030942,0.19046952241358392,0.1908961277427414,1.0,0.18479659792977823],[0.20698659574927342,0.20441394805350319,0.20813562055717152,0.1988246256217956,0.18479659792977823,1.0]]",True,True,False,False
B_0545,B_joint,normal,6,0.6,400545,common-control normal factor,exact factor covariance,"{""benchmark_residual_corr"":0.0,""rho_input"":0.6,""rho_latent"":0.6,""sigma_a"":1.0,""sigma_b"":1.0}","[[1.0,-1.0,-0.0,-0.0,-0.0,-0.0,-0.0],[1.0,-0.0,-1.0,-0.0,-0.0,-0.0,-0.0],[1.0,-0.0,-0.0,-1.0,-0.0,-0.0,-0.0],[1.0,-0.0,-0.0,-0.0,-1.0,-0.0,-0.0],[1.0,-0.0,-0.0,-0.0,-0.0,-1.0,-0.0],[1.0,-0.0,-0.0,-0.0,-0.0,-0.0,-1.0]]","[[1.0,0.6,0.6,0.6,0.6,0.6,0.6],[0.6,1.0,0.36,0.36,0.36,0.36,0.36],[0.6,0.36,1.0,0.36,0.36,0.36,0.36],[0.6,0.36,0.36,1.0,0.36,0.36,0.36],[0.6,0.36,0.36,0.36,1.0,0.36,0.36],[0.6,0.36,0.36,0.36,0.36,1.0,0.36],[0.6,0.36,0.36,0.36,0.36,0.36,1.0]]","[[0.8,0.16000000000000003,0.16000000000000003,0.16000000000000003,0.16000000000000003,0.16000000000000003],[0.16000000000000003,0.8,0.16000000000000003,0.16000000000000003,0.16000000000000003,0.16000000000000003],[0.16000000000000003,0.16000000000000003,0.8,0.16000000000000003,0.16000000000000003,0.16000000000000003],[0.16000000000000003,0.16000000000000003,0.16000000000000003,0.8,0.16000000000000003,0.16000000000000003],[0.16000000000000003,0.16000000000000003,0.16000000000000003,0.16000000000000003,0.8,0.16000000000000003],[0.16000000000000003,0.16000000000000003,0.16000000000000003,0.16000000000000003,0.16000000000000003,0.8]]","[[1.0,0.20000000000000007,0.20000000000000007,0.20000000000000007,0.20000000000000007,0.20000000000000007],[0.20000000000000007,1.0,0.20000000000000007,0.20000000000000007,0.20000000000000007,0.20000000000000007],[0.20000000000000007,0.20000000000000007,1.0,0.20000000000000007,0.20000000000000007,0.20000000000000007],[0.20000000000000007,0.20000000000000007,0.20000000000000007,1.0,0.20000000000000007,0.20000000000000007],[0.20000000000000007,0.20000000000000007,0.20000000000000007,0.20000000000000007,1.0,0.20000000000000007],[0.20000000000000007,0.20000000000000007,0.20000000000000007,0.20000000000000007,0.20000000000000007,1.0]]",0.6399999999999999,0.1766312060385915,10000,4.577291461629246e+16,"[[0.8048392907925542,0.15550020135109519,0.16292576737193123,0.157445469634399,0.1636898102355117,0.17111567685921925],[0.15550020135109519,0.7955622999715466,0.1600998186341029,0.1699005169727102,0.1468397458970492,0.17368299735563963],[0.16292576737193123,0.1600998186341029,0.8196285212945008,0.16405789377412475,0.15631255919414203,0.1677802763557338],[0.157445469634399,0.1699005169727102,0.16405789377412475,0.8035819309248102,0.16350114543943575,0.1723648278887683],[0.1636898102355117,0.1468397458970492,0.15631255919414203,0.16350114543943575,0.8035334829965133,0.17088431102595777],[0.17111567685921925,0.17368299735563963,0.1677802763557338,0.1723648278887683,0.17088431102595777,0.8136095810761479]]","[[1.0,0.19432974176000614,0.20059802788523648,0.1957764739942749,0.20354717121713517,0.21145949346263215],[0.19432974176000614,1.0,0.19826461515989552,0.21249196940124573,0.18365575327477798,0.2158798864612548],[0.20059802788523648,0.19826461515989552,1.0,0.202149894493835,0.19261200545480772,0.20545861067064125],[0.1957764739942749,0.21249196940124573,0.202149894493835,1.0,0.2034715666310358,0.21316973315717702],[0.20354717121713517,0.18365575327477798,0.19261200545480772,0.2034715666310358,1.0,0.2113450962140386],[0.21145949346263215,0.2158798864612548,0.20545861067064125,0.21316973315717702,0.2113450962140386,1.0]]",True,True,False,False
B_0547,B_joint,normal,6,0.6,400547,common-control normal factor,exact factor covariance,"{""benchmark_residual_corr"":0.0,""rho_input"":0.6,""rho_latent"":0.6,""sigma_a"":1.0,""sigma_b"":1.0}","[[1.0,-1.0,-0.0,-0.0,-0.0,-0.0,-0.0],[1.0,-0.0,-1.0,-0.0,-0.0,-0.0,-0.0],[1.0,-0.0,-0.0,-1.0,-0.0,-0.0,-0.0],[1.0,-0.0,-0.0,-0.0,-1.0,-0.0,-0.0],[1.0,-0.0,-0.0,-0.0,-0.0,-1.0,-0.0],[1.0,-0.0,-0.0,-0.0,-0.0,-0.0,-1.0]]","[[1.0,0.6,0.6,0.6,0.6,0.6,0.6],[0.6,1.0,0.36,0.36,0.36,0.36,0.36],[0.6,0.36,1.0,0.36,0.36,0.36,0.36],[0.6,0.36,0.36,1.0,0.36,0.36,0.36],[0.6,0.36,0.36,0.36,1.0,0.36,0.36],[0.6,0.36,0.36,0.36,0.36,1.0,0.36],[0.6,0.36,0.36,0.36,0.36,0.36,1.0]]","[[0.8,0.16000000000000003,0.16000000000000003,0.16000000000000003,0.16000000000000003,0.16000000000000003],[0.16000000000000003,0.8,0.16000000000000003,0.16000000000000003,0.16000000000000003,0.16000000000000003],[0.16000000000000003,0.16000000000000003,0.8,0.16000000000000003,0.16000000000000003,0.16000000000000003],[0.16000000000000003,0.16000000000000003,0.16000000000000003,0.8,0.16000000000000003,0.16000000000000003],[0.16000000000000003,0.16000000000000003,0.16000000000000003,0.16000000000000003,0.8,0.16000000000000003],[0.16000000000000003,0.16000000000000003,0.16000000000000003,0.16000000000000003,0.16000000000000003,0.8]]","[[1.0,0.20000000000000007,0.20000000000000007,0.20000000000000007,0.20000000000000007,0.20000000000000007],[0.20000000000000007,1.0,0.20000000000000007,0.20000000000000007,0.20000000000000007,0.20000000000000007],[0.20000000000000007,0.20000000000000007,1.0,0.20000000000000007,0.20000000000000007,0.20000000000000007],[0.20000000000000007,0.20000000000000007,0.20000000000000007,1.0,0.20000000000000007,0.20000000000000007],[0.20000000000000007,0.20000000000000007,0.20000000000000007,0.20000000000000007,1.0,0.20000000000000007],[0.20000000000000007,0.20000000000000007,0.20000000000000007,0.20000000000000007,0.20000000000000007,1.0]]",0.6399999999999999,0.1766312060385915,10000,1.4298747882925443e+19,"[[0.7838295406961656,0.14879745135051084,0.1428876903490116,0.15280453287725565,0.1550650486942457,0.15064802291884305],[0.14879745135051084,0.7949452235915323,0.15297778283711236,0.14764104157831837,0.14502844268317325,0.16020595862416573],[0.1428876903490116,0.15297778283711236,0.7780047229375433,0.15249121496179435,0.1484307876215587,0.15232193161826926],[0.15280453287725565,0.14764104157831837,0.15249121496179435,0.7996285567885276,0.1622400208062623,0.15315609566383329],[0.1550650486942457,0.14502844268317325,0.1484307876215587,0.1622400208062623,0.8114381566962852,0.152854081370236],[0.15064802291884305,0.16020595862416573,0.15232193161826926,0.15315609566383329,0.152854081370236,0.7764119438390739]]","[[1.0,0.18850204970210002,0.18297547620299834,0.1930106513494968,0.19443542486277804,0.19311078047635244],[0.18850204970210002,1.0,0.194521962935387,0.1851801154535591,0.18057468605012086,0.20392194230632402],[0.18297547620299834,0.194521962935387,1.0,0.19333458930567615,0.1868121687469574,0.19598607611536337],[0.1930106513494968,0.1851801154535591,0.19333458930567615,1.0,0.2014123666857982,0.1943766240375847],[0.19443542486277804,0.18057468605012086,0.1868121687469574,0.2014123666857982,1.0,0.19257647039625855],[0.19311078047635244,0.20392194230632402,0.19598607611536337,0.1943766240375847,0.19257647039625855,1.0]]",True,True,False,False
B_0585,B_joint,normal,6,0.6,400585,common-control normal factor,exact factor covariance,"{""benchmark_residual_corr"":0.0,""rho_input"":0.6,""rho_latent"":0.6,""sigma_a"":1.0,""sigma_b"":1.0}","[[1.0,-1.0,-0.0,-0.0,-0.0,-0.0,-0.0],[1.0,-0.0,-1.0,-0.0,-0.0,-0.0,-0.0],[1.0,-0.0,-0.0,-1.0,-0.0,-0.0,-0.0],[1.0,-0.0,-0.0,-0.0,-1.0,-0.0,-0.0],[1.0,-0.0,-0.0,-0.0,-0.0,-1.0,-0.0],[1.0,-0.0,-0.0,-0.0,-0.0,-0.0,-1.0]]","[[1.0,0.6,0.6,0.6,0.6,0.6,0.6],[0.6,1.0,0.36,0.36,0.36,0.36,0.36],[0.6,0.36,1.0,0.36,0.36,0.36,0.36],[0.6,0.36,0.36,1.0,0.36,0.36,0.36],[0.6,0.36,0.36,0.36,1.0,0.36,0.36],[0.6,0.36,0.36,0.36,0.36,1.0,0.36],[0.6,0.36,0.36,0.36,0.36,0.36,1.0]]","[[0.8,0.16000000000000003,0.16000000000000003,0.16000000000000003,0.16000000000000003,0.16000000000000003],[0.16000000000000003,0.8,0.16000000000000003,0.16000000000000003,0.16000000000000003,0.16000000000000003],[0.16000000000000003,0.16000000000000003,0.8,0.16000000000000003,0.16000000000000003,0.16000000000000003],[0.16000000000000003,0.16000000000000003,0.16000000000000003,0.8,0.16000000000000003,0.16000000000000003],[0.16000000000000003,0.16000000000000003,0.16000000000000003,0.16000000000000003,0.8,0.16000000000000003],[0.16000000000000003,0.16000000000000003,0.16000000000000003,0.16000000000000003,0.16000000000000003,0.8]]","[[1.0,0.20000000000000007,0.20000000000000007,0.20000000000000007,0.20000000000000007,0.20000000000000007],[0.20000000000000007,1.0,0.20000000000000007,0.20000000000000007,0.20000000000000007,0.20000000000000007],[0.20000000000000007,0.20000000000000007,1.0,0.20000000000000007,0.20000000000000007,0.20000000000000007],[0.20000000000000007,0.20000000000000007,0.20000000000000007,1.0,0.20000000000000007,0.20000000000000007],[0.20000000000000007,0.20000000000000007,0.20000000000000007,0.20000000000000007,1.0,0.20000000000000007],[0.20000000000000007,0.20000000000000007,0.20000000000000007,0.20000000000000007,0.20000000000000007,1.0]]",0.6399999999999999,0.1766312060385915,10000,1.0010137689899514e+19,"[[0.7883404261860453,0.1473174535788839,0.15453364560038155,0.14046409314659997,0.15873601436642634,0.14399423739848213],[0.1473174535788839,0.7743941759069204,0.1468558223680608,0.1409520345701337,0.1555802673442391,0.16387471124978356],[0.15453364560038155,0.1468558223680608,0.7908884956065628,0.1446787603225984,0.16816008288903392,0.16130821272148327],[0.14046409314659997,0.1409520345701337,0.1446787603225984,0.7908029176958714,0.16387003174756723,0.1466163466335454],[0.15873601436642634,0.1555802673442391,0.16816008288903392,0.16387003174756723,0.8095253897964022,0.16639219070417283],[0.14399423739848213,0.16387471124978356,0.16130821272148327,0.1466163466335454,0.16639219070417283,0.8085586857769519]]","[[1.0,0.18854554073522914,0.19570797446875407,0.1778993205055858,0.1987025019235583,0.18035676621074],[0.18854554073522914,1.0,0.18765169924471226,0.18011761121086628,0.1964980465124041,0.20709762910844381],[0.19570797446875407,0.18765169924471226,1.0,0.1829418296357656,0.2101599935291765,0.20171726762107448],[0.1778993205055858,0.18011761121086628,0.1829418296357656,1.0,0.2048095338634898,0.1833548865436103],[0.1987025019235583,0.1964980465124041,0.2101599935291765,0.2048095338634898,1.0,0.20566572888436407],[0.18035676621074,0.20709762910844381,0.20171726762107448,0.1833548865436103,0.20566572888436407,1.0]]",True,True,False,False
B_0587,B_joint,normal,6,0.6,400587,common-control normal factor,exact factor covariance,"{""benchmark_residual_corr"":0.0,""rho_input"":0.6,""rho_latent"":0.6,""sigma_a"":1.0,""sigma_b"":1.0}","[[1.0,-1.0,-0.0,-0.0,-0.0,-0.0,-0.0],[1.0,-0.0,-1.0,-0.0,-0.0,-0.0,-0.0],[1.0,-0.0,-0.0,-1.0,-0.0,-0.0,-0.0],[1.0,-0.0,-0.0,-0.0,-1.0,-0.0,-0.0],[1.0,-0.0,-0.0,-0.0,-0.0,-1.0,-0.0],[1.0,-0.0,-0.0,-0.0,-0.0,-0.0,-1.0]]","[[1.0,0.6,0.6,0.6,0.6,0.6,0.6],[0.6,1.0,0.36,0.36,0.36,0.36,0.36],[0.6,0.36,1.0,0.36,0.36,0.36,0.36],[0.6,0.36,0.36,1.0,0.36,0.36,0.36],[0.6,0.36,0.36,0.36,1.0,0.36,0.36],[0.6,0.36,0.36,0.36,0.36,1.0,0.36],[0.6,0.36,0.36,0.36,0.36,0.36,1.0]]","[[0.8,0.16000000000000003,0.16000000000000003,0.16000000000000003,0.16000000000000003,0.16000000000000003],[0.16000000000000003,0.8,0.16000000000000003,0.16000000000000003,0.16000000000000003,0.16000000000000003],[0.16000000000000003,0.16000000000000003,0.8,0.16000000000000003,0.16000000000000003,0.16000000000000003],[0.16000000000000003,0.16000000000000003,0.16000000000000003,0.8,0.16000000000000003,0.16000000000000003],[0.16000000000000003,0.16000000000000003,0.16000000000000003,0.16000000000000003,0.8,0.16000000000000003],[0.16000000000000003,0.16000000000000003,0.16000000000000003,0.16000000000000003,0.16000000000000003,0.8]]","[[1.0,0.20000000000000007,0.20000000000000007,0.20000000000000007,0.20000000000000007,0.20000000000000007],[0.20000000000000007,1.0,0.20000000000000007,0.20000000000000007,0.20000000000000007,0.20000000000000007],[0.20000000000000007,0.20000000000000007,1.0,0.20000000000000007,0.20000000000000007,0.20000000000000007],[0.20000000000000007,0.20000000000000007,0.20000000000000007,1.0,0.20000000000000007,0.20000000000000007],[0.20000000000000007,0.20000000000000007,0.20000000000000007,0.20000000000000007,1.0,0.20000000000000007],[0.20000000000000007,0.20000000000000007,0.20000000000000007,0.20000000000000007,0.20000000000000007,1.0]]",0.6399999999999999,0.1766312060385915,10000,1.5423196046797328e+19,"[[0.7758977135540451,0.14102391714761048,0.16332733673612876,0.14563072831121912,0.15704070088429983,0.16170917046863656],[0.14102391714761048,0.7867392765012092,0.14521740369953762,0.1467997609743297,0.1551461249387488,0.15085977663676553],[0.16332733673612876,0.14521740369953762,0.8004145844968673,0.158557953739655,0.1534120753271451,0.14605281541799683],[0.14563072831121912,0.1467997609743297,0.158557953739655,0.8051366424005721,0.14458128594769856,0.15847871699826666],[0.15704070088429983,0.1551461249387488,0.1534120753271451,0.14458128594769856,0.803201257748109,0.1557875195066545],[0.16170917046863656,0.15085977663676553,0.14605281541799683,0.15847871699826666,0.1557875195066545,0.783408699068726]]","[[1.0,0.18049913359593664,0.20725219920556598,0.1842536031187935,0.19892886232742638,0.2074140723132318],[0.18049913359593664,1.0,0.18299775216017725,0.18444850364629725,0.19517011893730046,0.19216038026603044],[0.20725219920556598,0.18299775216017725,1.0,0.19751302462117132,0.19133299000861484,0.1844413284593783],[0.1842536031187935,0.18444850364629725,0.19751302462117132,1.0,0.17978981980596603,0.1995455079610325],[0.19892886232742638,0.19517011893730046,0.19133299000861484,0.17978981980596603,1.0,0.19639312362395175],[0.2074140723132318,0.19216038026603044,0.1844413284593783,0.1995455079610325,0.19639312362395175,1.0]]",True,True,False,False
B_0589,B_joint,empirical_copula,6,0.6,400589,synthetic K-benchmark empirical-marginal Gaussian-copula extension,deterministic numerical population approximation (n=100000),"{""benchmark_residual_corr"":0.0,""rho_input"":0.6,""rho_latent"":0.6,""sigma_a"":1.0,""sigma_b"":1.0}","[[1.0,-1.0,-0.0,-0.0,-0.0,-0.0,-0.0],[1.0,-0.0,-1.0,-0.0,-0.0,-0.0,-0.0],[1.0,-0.0,-0.0,-1.0,-0.0,-0.0,-0.0],[1.0,-0.0,-0.0,-0.0,-1.0,-0.0,-0.0],[1.0,-0.0,-0.0,-0.0,-0.0,-1.0,-0.0],[1.0,-0.0,-0.0,-0.0,-0.0,-0.0,-1.0]]","[[0.628191100812725,0.5362805482424734,0.531995721592988,0.532456212172787,0.5326523267738065,0.5356180736088227,0.5295690913458806],[0.5362805482424734,1.3883765024212287,0.46648652701381665,0.4719486218591823,0.46919466438333346,0.4702275226296809,0.46101106657471497],[0.531995721592988,0.46648652701381665,1.37744920037789,0.46008081415659074,0.4650576498889043,0.4700132709437743,0.45947011495826545],[0.532456212172787,0.4719486218591823,0.46008081415659074,1.376152693204482,0.47045897292598504,0.4674017970450789,0.46022776474643823],[0.5326523267738065,0.46919466438333346,0.4650576498889043,0.47045897292598504,1.3770975606766598,0.46808893065990537,0.46363450791555794],[0.5356180736088227,0.4702275226296809,0.4700132709437743,0.4674017970450789,0.46808893065990537,1.3863283985090362,0.46637021842687665],[0.5295690913458806,0.46101106657471497,0.45947011495826545,0.46022776474643823,0.46363450791555794,0.46637021842687665,1.3687234532542019]]","[[0.9440065067490069,0.026401357991080232,0.03140296225664685,0.02845289017977859,0.026520001591109787,0.023352527799085976],[0.026401357991080232,0.9416488580046389,0.023819981203540674,0.028600702334834804,0.030590576554688553,0.026096402832121834],[0.03140296225664685,0.023819981203540674,0.939431369671633,0.03354153479211652,0.027518612076194104,0.02639356204049559],[0.02845289017977859,0.028600702334834804,0.03354153479211652,0.9399840079417718,0.028009631090001152,0.02960419060859587],[0.026520001591109787,0.030590576554688553,0.027518612076194104,0.028009631090001152,0.9432833521041157,0.029374154284898313],[0.023352527799085976,0.026096402832121834,0.02639356204049559,0.02960419060859587,0.029374154284898313,0.9377763713751657]]","[[1.0,0.028002337140497154,0.03334652584019525,0.03020498756362544,0.02810379488189355,0.02481971332276556],[0.028002337140497154,1.0,0.025325871171163562,0.030399887297392975,0.03245802463512331,0.02777067990852099],[0.03334652584019525,0.025325871171163562,1.0,0.03569358497511155,0.02923296806955348,0.028120033516600217],[0.03020498756362544,0.030399887297392975,0.03569358497511155,1.0,0.02974582862584145,0.0315314045331249],[0.02810379488189355,0.03245802463512331,0.02923296806955348,0.02974582862584145,1.0,0.03123162948972777],[0.02481971332276556,0.02777067990852099,0.028120033516600217,0.0315314045331249,0.03123162948972777,1.0]]",0.9044507559478732,0.1491787142836957,10000,9.86886410356977e+18,"[[0.9193462318978675,0.03536270552145089,0.025336930840183645,0.02572692464724521,0.018353752979689688,0.0398427276720012],[0.03536270552145089,0.9533331302171959,0.016777729304001635,0.023874897806449736,0.00851921718917781,0.020106886487209267],[0.025336930840183645,0.016777729304001635,0.925344331526888,0.005430815910392213,0.03584886991625039,0.031945004796761926],[0.02572692464724521,0.023874897806449736,0.005430815910392213,0.9209592351742962,0.015561398562624765,0.03617021030049102],[0.018353752979689688,0.00851921718917781,0.03584886991625039,0.015561398562624765,0.938856737136446,0.024657866405476486],[0.0398427276720012,0.020106886487209267,0.031945004796761926,0.03617021030049102,0.024657866405476486,0.9286555600554315]]","[[1.0,0.03777318375638074,0.02747026008780579,0.027959417596324698,0.019755392769179207,0.04312034045617344],[0.03777318375638074,1.0,0.017863195681468026,0.025479973662300665,0.009004874901131348,0.021369538912356118],[0.02747026008780579,0.017863195681468026,1.0,0.005882923399898185,0.0384613143760298,0.03446068782471612],[0.027959417596324698,0.025479973662300665,0.005882923399898185,1.0,0.016735117230273377,0.03911141230947027],[0.019755392769179207,0.009004874901131348,0.0384613143760298,0.016735117230273377,1.0,0.026407573674153483],[0.04312034045617344,0.021369538912356118,0.03446068782471612,0.03911141230947027,0.026407573674153483,1.0]]",True,True,False,True
B_0657,B_joint,empirical,6,,400657,synthetic Gaussian-copula extension of two-column empirical source,deterministic numerical population approximation (n=100000),"{""benchmark_residual_corr"":0.0,""rho_input"":null,""rho_latent"":0.6302366434338837,""sigma_a"":1.0,""sigma_b"":1.0}","[[1.0,-1.0,-0.0,-0.0,-0.0,-0.0,-0.0],[1.0,-0.0,-1.0,-0.0,-0.0,-0.0,-0.0],[1.0,-0.0,-0.0,-1.0,-0.0,-0.0,-0.0],[1.0,-0.0,-0.0,-0.0,-1.0,-0.0,-0.0],[1.0,-0.0,-0.0,-0.0,-0.0,-1.0,-0.0],[1.0,-0.0,-0.0,-0.0,-0.0,-0.0,-1.0]]","[[0.6229167939760921,0.5603114808682085,0.556717574880562,0.5518398177149211,0.5568142437798878,0.5545631562679306,0.558898057875277],[0.5603114808682085,1.3769516771327568,0.5160367354995996,0.5047319255719291,0.514758076081481,0.506789219078966,0.5202655555361374],[0.556717574880562,0.5160367354995996,1.3721280519192762,0.5093373677885445,0.5082777160875327,0.5085238337675874,0.5138806059602594],[0.5518398177149211,0.5047319255719291,0.5093373677885445,1.363491944412985,0.5057806025660085,0.5055877425532282,0.5053232321198016],[0.5568142437798878,0.514758076081481,0.5082777160875327,0.5057806025660085,1.376418708217281,0.5056385955924418,0.5045860152562611],[0.5545631562679306,0.506789219078966,0.5085238337675874,0.5055877425532282,0.5056385955924418,1.3678837972012117,0.507488966276236],[0.558898057875277,0.5202655555361374,0.5138806059602594,0.5053232321198016,0.5045860152562611,0.507488966276236,1.379647414007933]]","[[0.879245509372432,0.0219244737269213,0.015497420964891706,0.020549145409476943,0.014831375918919032,0.023972810768744024],[0.0219244737269213,0.8816096961342444,0.023696769169153642,0.017662691403175113,0.02015989659518691,0.021181767180512567],[0.015497420964891706,0.023696769169153642,0.8827291029592349,0.020043335047291833,0.022101562546468667,0.01750215050569559],[0.020549145409476943,0.017662691403175113,0.020043335047291833,0.8857070146335976,0.017177989520715586,0.01179050757718847],[0.014831375918919032,0.02015989659518691,0.022101562546468667,0.017177989520715586,0.8816742786414425,0.01694454610912044],[0.023972810768744024,0.021181767180512567,0.01750215050569559,0.01179050757718847,0.01694454610912044,0.884768092233471]]","[[1.0,0.02490209691254735,0.01759100403096529,0.023285933010940393,0.016845048965003797,0.027179981185304698],[0.02490209691254735,1.0,0.026861931450819977,0.019988198791290292,0.022866307296048098,0.023983319062275923],[0.01759100403096529,0.026861931450819977,1.0,0.022667896527774126,0.025052736496184697,0.019804458190067854],[0.023285933010940393,0.019988198791290292,0.022667896527774126,1.0,0.0194389680417628,0.01331903418404336],[0.016845048965003797,0.022866307296048098,0.025052736496184697,0.0194389680417628,1.0,0.019184970172302373],[0.027179981185304698,0.023983319062275923,0.019804458190067854,0.01331903418404336,0.019184970172302373,1.0]]",0.8532696903137321,0.1321126957190069,10000,8.129207824533522e+18,"[[0.8609065765336769,0.004795483956926801,0.03608442467109754,0.026754819919769527,0.01873507689407116,0.005381785092999993],[0.004795483956926801,0.8873284584000788,-0.005710342152790969,0.028696986016621257,0.01939199440457616,0.029209743431126214],[0.03608442467109754,-0.005710342152790969,0.8904406436659186,0.042822953823341114,0.00447529136686866,0.01718435025198724],[0.026754819919769527,0.028696986016621257,0.042822953823341114,0.8878889429866135,0.02071299917638787,0.02223362910967085],[0.01873507689407116,0.01939199440457616,0.00447529136686866,0.02071299917638787,0.8901656040583948,0.027672287442721835],[0.005381785092999993,0.029209743431126214,0.01718435025198724,0.02223362910967085,0.027672287442721835,0.8712204739984883]]","[[1.0,0.005486712758005746,0.04121347980418922,0.03060163956688193,0.02140139400736583,0.006214186772704914],[0.005486712758005746,1.0,-0.006424176116302992,0.03233067389325525,0.021819503667109816,0.0332216731093795],[0.04121347980418922,-0.006424176116302992,1.0,0.04816092385672646,0.005026705287568831,0.01951041880736489],[0.03060163956688193,0.03233067389325525,0.04816092385672646,1.0,0.023298515998988804,0.025279413650827757],[0.02140139400736583,0.021819503667109816,0.005026705287568831,0.023298515998988804,1.0,0.03142285339242652],[0.006214186772704914,0.0332216731093795,0.01951041880736489,0.025279413650827757,0.03142285339242652,1.0]]",True,True,False,True
