cell_id,module,family,K,correction,rho,theta,design,R,J0,Jmax,alpha,alpha_adj,marginal_level_or_power,marginal_mcse,fwer,fwer_mcse,conjunctive_power,conjunctive_power_mcse,disjunctive_power,disjunctive_power_mcse,fdr,fdr_mcse,E_J,sd_J,q05_J,q50_J,q95_J,P_J_eq_Jmax,ci_coverage,bias,rmse,mean_wall,seed,theta_vector,marginal_estimand,marginal_by_contrast,marginal_mcse_by_contrast,mean_fdp,ci_coverage_mcse,bootstrap_B,benchmark_residual_corr,n_true_alternatives,n_true_nulls,planning_target_met_all,marginal_contrast_1,marginal_contrast_1_mcse,marginal_contrast_2,marginal_contrast_2_mcse,marginal_contrast_3,marginal_contrast_3_mcse,marginal_contrast_4,marginal_contrast_4_mcse,marginal_contrast_5,marginal_contrast_5_mcse,marginal_contrast_6,marginal_contrast_6_mcse,cell_index,module_cell,theta_mult,B,alpha_plan,alpha_note,source_module,projected_R
B_0025,B_joint,normal,1,none,0.6,0.0,D4,200,50,1000,0.05,0.05,0.055,0.016120638945153507,0.055,0.016120638945153507,,,,,,,33.26,5.480182478713642,25.0,33.0,42.0,0.0,0.945,-0.002024386616038345,0.16291681651958947,0.00024458637499265025,400025,[0.0],level,[0.055],[0.016120638945153507],,0.016120638945153514,99,0.0,0,1,1.0,0.055,0.016120638945153507,,,,,,,,,,,25,B,0.0,999,0.05,no multiplicity control (caller declared acceptance),B,2000
B_0027,B_joint,normal,1,none,0.6,0.5,D4,200,50,1000,0.05,0.05,0.89,0.022124646889837583,,,0.89,0.022124646889837583,0.89,0.022124646889837583,,,32.945,6.184818105651936,23.950000000000003,33.0,43.0,0.0,0.96,-0.0007649957277861552,0.15616997372589053,0.0002602974600085872,400027,[0.5],power,[0.89],[0.022124646889837583],,0.013856406460551024,99,0.0,1,0,1.0,0.89,0.022124646889837583,,,,,,,,,,,27,B,1.0,999,0.05,no multiplicity control (caller declared acceptance),B,2000
B_0065,B_joint,normal,1,bonferroni,0.6,0.0,D4,200,50,1000,0.05,0.05,0.05,0.015411035007422441,0.05,0.015411035007422441,,,,,,,32.185,5.893282192462872,23.0,32.0,42.04999999999998,0.0,0.95,0.009552614847987771,0.15837525664745228,0.00035976173499875587,400065,[0.0],level,[0.05],[0.015411035007422441],,0.015411035007422448,99,0.0,0,1,1.0,0.05,0.015411035007422441,,,,,,,,,,,65,B,0.0,999,0.05,plan every contrast at alpha/K = 0.05000/1,B,2000
B_0067,B_joint,normal,1,bonferroni,0.6,0.5,D4,200,50,1000,0.05,0.05,0.85,0.025248762345905194,,,0.85,0.025248762345905194,0.85,0.025248762345905194,,,32.62,5.82971697426213,24.950000000000003,33.0,43.04999999999998,0.0,0.955,-0.013702605781271986,0.1561728072515015,0.00027516130499861903,400067,[0.5],power,[0.85],[0.025248762345905194],,0.014658615214269054,99,0.0,1,0,1.0,0.85,0.025248762345905194,,,,,,,,,,,67,B,1.0,999,0.05,plan every contrast at alpha/K = 0.05000/1,B,2000
B_0105,B_joint,normal,1,holm,0.6,0.0,D4,200,50,1000,0.05,0.05,0.035,0.012995191418367026,0.035,0.012995191418367026,,,,,,,32.535,6.064550684098535,23.0,32.0,43.0,0.0,0.965,0.004637482767589914,0.1471964679929576,0.00021479003500644468,400105,[0.0],level,[0.035],[0.012995191418367026],,0.012995191418367032,99,0.0,0,1,1.0,0.035,0.012995191418367026,,,,,,,,,,,105,B,0.0,999,0.05,plan every contrast at alpha/K = 0.05000/1,B,2000
B_0107,B_joint,normal,1,holm,0.6,0.5,D4,200,50,1000,0.05,0.05,0.805,0.028015620642777128,,,0.805,0.028015620642777128,0.805,0.028015620642777128,,,32.975,6.309070850767172,24.0,33.0,44.0,0.0,0.935,-0.00583590454243746,0.16554081817676988,0.00031174308500339973,400107,[0.5],power,[0.805],[0.028015620642777128],,0.01743201078476031,99,0.0,1,0,1.0,0.805,0.028015620642777128,,,,,,,,,,,107,B,1.0,999,0.05,plan every contrast at alpha/K = 0.05000/1,B,2000
B_0145,B_joint,normal,1,bh,0.6,0.0,D4,200,50,1000,0.05,0.05,0.015,0.008595056718835542,0.015,0.008595056718835542,,,,,0.015,0.008595056718835542,32.67,5.713239011278978,24.0,33.0,43.0,0.0,0.985,-0.014435794038377777,0.14759804068194912,0.00029147612998713156,400145,[0.0],level,[0.015],[0.008595056718835542],0.015,0.008595056718835545,99,0.0,0,1,1.0,0.015,0.008595056718835542,,,,,,,,,,,145,B,0.0,999,0.05,BH: plan at alpha*r/K with r = 1 pre-declared expected rejections (r = 1 reduces to Bonferroni).,B,2000
B_0147,B_joint,normal,1,bh,0.6,0.5,D4,200,50,1000,0.05,0.05,0.865,0.024163505540380516,,,0.865,0.024163505540380516,0.865,0.024163505540380516,0.0,0.0,32.92,5.651866948186236,23.950000000000003,33.0,42.04999999999998,0.0,0.955,0.014262597766775924,0.15776003235647462,0.00034458058000382154,400147,[0.5],power,[0.865],[0.024163505540380516],0.0,0.014658615214269054,99,0.0,1,0,1.0,0.865,0.024163505540380516,,,,,,,,,,,147,B,1.0,999,0.05,BH: plan at alpha*r/K with r = 1 pre-declared expected rejections (r = 1 reduces to Bonferroni).,B,2000
B_0185,B_joint,normal,1,romano_wolf,0.6,0.0,D4,200,50,1000,0.05,0.05,0.05,0.015411035007422441,0.05,0.015411035007422441,,,,,,,33.4,6.319810123729984,23.950000000000003,33.0,44.0,0.0,0.95,0.013106659054699798,0.16937507891294218,0.00022352965499521815,400185,[0.0],level,[0.05],[0.015411035007422441],,0.015411035007422448,99,0.0,0,1,1.0,0.05,0.015411035007422441,,,,,,,,,,,185,B,0.0,999,0.05,Romano-Wolf power is planned by simulation from Sigma_D (§4.4); use this alpha at the stepdown.,B,2000
B_0187,B_joint,normal,1,romano_wolf,0.6,0.5,D4,200,50,1000,0.05,0.05,0.81,0.02773986301336039,,,0.81,0.02773986301336039,0.81,0.02773986301336039,,,32.61,6.272790447639711,23.0,32.0,44.0,0.0,0.925,-0.02121322290420922,0.16932751249813538,0.00024216927498855513,400187,[0.5],power,[0.81],[0.02773986301336039],,0.01862458053218917,99,0.0,1,0,1.0,0.81,0.02773986301336039,,,,,,,,,,,187,B,1.0,999,0.05,Romano-Wolf power is planned by simulation from Sigma_D (§4.4); use this alpha at the stepdown.,B,2000
B_0225,B_joint,normal,3,none,0.6,0.0,D4,200,50,1000,0.05,0.05,0.065,0.017432010784760317,0.175,0.026867731575255845,,,,,,,38.27,5.457755949105823,30.0,38.0,48.0,0.0,0.935,-0.0005512319179091169,0.15711088604872564,0.0005489564149866055,400225,"[0.0,0.0,0.0]",level,"[0.08,0.055,0.06]","[0.01918332609325088,0.016120638945153507,0.016792855623746664]",,0.01743201078476031,99,0.0,0,3,1.0,0.08,0.01918332609325088,0.055,0.016120638945153507,0.06,0.016792855623746664,,,,,,,225,B,0.0,999,0.05,no multiplicity control (caller declared acceptance),B,2000
B_0227,B_joint,normal,3,none,0.6,0.5,D4,200,50,1000,0.05,0.05,0.9166666666666666,0.019543398999264293,,,0.78,0.029291637031753616,0.995,0.004987484335815003,,,38.035,5.298469118528483,30.0,38.0,47.04999999999998,0.0,0.95,0.002336504612836181,0.14837900829829254,0.0005330324999886216,400227,"[0.5,0.5,0.5]",power,"[0.905,0.915,0.93]","[0.02073342711661533,0.019719913792915014,0.01804161855266871]",,0.015411035007422448,99,0.0,3,0,1.0,0.905,0.02073342711661533,0.915,0.019719913792915014,0.93,0.01804161855266871,,,,,,,227,B,1.0,999,0.05,no multiplicity control (caller declared acceptance),B,2000
B_0265,B_joint,normal,3,bonferroni,0.6,0.0,D4,200,50,1000,0.05,0.016666666666666666,0.016666666666666666,0.009052317076000179,0.05,0.015411035007422441,,,,,,,50.13,6.46939718984698,39.95,50.0,61.04999999999998,0.0,0.9833333333333333,-0.0024707489559824686,0.13074468993275742,0.0005568186849995982,400265,"[0.0,0.0,0.0]",level,"[0.02,0.01,0.02]","[0.009899494936611665,0.007035623639735145,0.009899494936611665]",,0.009052317076000193,99,0.0,0,3,1.0,0.02,0.009899494936611665,0.01,0.007035623639735145,0.02,0.009899494936611665,,,,,,,265,B,0.0,999,0.016666666666666666,plan every contrast at alpha/K = 0.05000/3,B,2000
B_0267,B_joint,normal,3,bonferroni,0.6,0.5,D4,200,50,1000,0.05,0.016666666666666666,0.92,0.019183326093250873,,,0.78,0.029291637031753616,1.0,0.0,,,50.785,6.708112625768891,40.0,50.0,63.04999999999998,0.0,0.9816666666666667,0.008680833610601306,0.126673107355888,0.0005686329200034379,400267,"[0.5,0.5,0.5]",power,"[0.895,0.93,0.935]","[0.021676600286945368,0.01804161855266871,0.01743201078476031]",,0.009486100943544245,99,0.0,3,0,1.0,0.895,0.021676600286945368,0.93,0.01804161855266871,0.935,0.01743201078476031,,,,,,,267,B,1.0,999,0.016666666666666666,plan every contrast at alpha/K = 0.05000/3,B,2000
B_0305,B_joint,normal,3,holm,0.6,0.0,D4,200,50,1000,0.05,0.016666666666666666,0.011666666666666667,0.007592942629690928,0.035,0.012995191418367026,,,,,,,51.1,7.076722405181653,41.0,50.0,63.0,0.0,0.9883333333333333,-0.0024202041843521933,0.1233684599258998,0.0005704193349993147,400305,"[0.0,0.0,0.0]",level,"[0.02,0.015,0.0]","[0.009899494936611665,0.008595056718835542,0.0]",,0.007592942629690943,99,0.0,0,3,1.0,0.02,0.009899494936611665,0.015,0.008595056718835542,0.0,0.0,,,,,,,305,B,0.0,999,0.016666666666666666,plan every contrast at alpha/K = 0.05000/3,B,2000
B_0307,B_joint,normal,3,holm,0.6,0.5,D4,200,50,1000,0.05,0.016666666666666666,0.9616666666666666,0.013576429738500654,,,0.92,0.019183326093250873,0.995,0.004987484335815003,,,51.025,6.2533491026808985,41.0,51.0,61.04999999999998,0.0,0.98,-0.0007720130508860168,0.12955146438492804,0.0005457523000040965,400307,"[0.5,0.5,0.5]",power,"[0.94,0.975,0.97]","[0.01679285562374667,0.011039701082909813,0.012062338081814825]",,0.009899494936611668,99,0.0,3,0,1.0,0.94,0.01679285562374667,0.975,0.011039701082909813,0.97,0.012062338081814825,,,,,,,307,B,1.0,999,0.016666666666666666,plan every contrast at alpha/K = 0.05000/3,B,2000
B_0345,B_joint,normal,3,bh,0.6,0.0,D4,200,50,1000,0.05,0.016666666666666666,0.023333333333333334,0.010674476307737277,0.06,0.016792855623746664,,,,,0.06,0.016792855623746664,50.93,6.390234737472483,42.0,51.0,62.0,0.0,0.98,0.005893819654192918,0.12394811070737026,0.00060483742499855,400345,"[0.0,0.0,0.0]",level,"[0.02,0.025,0.025]","[0.009899494936611665,0.011039701082909808,0.011039701082909808]",0.06,0.009899494936611668,99,0.0,0,3,1.0,0.02,0.009899494936611665,0.025,0.011039701082909808,0.025,0.011039701082909808,,,,,,,345,B,0.0,999,0.016666666666666666,BH: plan at alpha*r/K with r = 1 pre-declared expected rejections (r = 1 reduces to Bonferroni).,B,2000
B_0347,B_joint,normal,3,bh,0.6,0.5,D4,200,50,1000,0.05,0.016666666666666666,0.9833333333333334,0.009052317076000163,,,0.96,0.013856406460551024,0.995,0.004987484335815003,0.0,0.0,50.92,6.901709933052824,41.0,50.0,63.0,0.0,0.99,0.0060348442132423024,0.12577787566401052,0.0005624604849981551,400347,"[0.5,0.5,0.5]",power,"[0.995,0.975,0.98]","[0.004987484335815003,0.011039701082909813,0.009899494936611668]",0.0,0.007035623639735147,99,0.0,3,0,1.0,0.995,0.004987484335815003,0.975,0.011039701082909813,0.98,0.009899494936611668,,,,,,,347,B,1.0,999,0.016666666666666666,BH: plan at alpha*r/K with r = 1 pre-declared expected rejections (r = 1 reduces to Bonferroni).,B,2000
B_0385,B_joint,normal,3,romano_wolf,0.6,0.0,D4,200,50,1000,0.05,0.05,0.024999999999999998,0.011039701082909808,0.05,0.015411035007422441,,,,,,,38.045,4.797184069847644,31.0,37.5,46.0,0.0,0.935,0.006460529545503381,0.15590326737692195,0.00349969480501386,400385,"[0.0,0.0,0.0]",level,"[0.025,0.02,0.03]","[0.011039701082909808,0.009899494936611665,0.012062338081814818]",,0.01743201078476031,99,0.0,0,3,1.0,0.025,0.011039701082909808,0.02,0.009899494936611665,0.03,0.012062338081814818,,,,,,,385,B,0.0,999,0.05,Romano-Wolf power is planned by simulation from Sigma_D (§4.4); use this alpha at the stepdown.,B,2000
B_0387,B_joint,normal,3,romano_wolf,0.6,0.5,D4,200,50,1000,0.05,0.05,0.8649999999999999,0.024163505540380527,,,0.725,0.031573327350787724,0.975,0.011039701082909813,,,37.515,5.013958017375096,30.0,37.0,46.0,0.0,0.9466666666666667,0.004476429789492021,0.15097642954143187,0.003161125070000708,400387,"[0.5,0.5,0.5]",power,"[0.85,0.87,0.875]","[0.025248762345905194,0.02378024390118823,0.023385358667337135]",,0.015888500383750646,99,0.0,3,0,1.0,0.85,0.025248762345905194,0.87,0.02378024390118823,0.875,0.023385358667337135,,,,,,,387,B,1.0,999,0.05,Romano-Wolf power is planned by simulation from Sigma_D (§4.4); use this alpha at the stepdown.,B,2000
B_0425,B_joint,normal,6,none,0.6,0.0,D4,200,50,1000,0.05,0.05,0.03666666666666666,0.013289511319499717,0.19,0.027739863013360393,,,,,,,40.86,4.92954358942083,33.95,40.5,49.0,0.0,0.9633333333333334,0.006431278378863248,0.13552568112560076,0.0008852349200060417,400425,"[0.0,0.0,0.0,0.0,0.0,0.0]",level,"[0.025,0.05,0.05,0.045,0.02,0.03]","[0.011039701082909808,0.015411035007422441,0.015411035007422441,0.014658615214269049,0.009899494936611665,0.012062338081814818]",,0.01328951131949971,99,0.0,0,6,1.0,0.025,0.011039701082909808,0.05,0.015411035007422441,0.05,0.015411035007422441,0.045,0.014658615214269049,0.02,0.009899494936611665,0.03,0.012062338081814818,425,B,0.0,999,0.05,no multiplicity control (caller declared acceptance),B,2000
B_0427,B_joint,normal,6,none,0.6,0.5,D4,200,50,1000,0.05,0.05,0.9291666666666667,0.018140558456428816,,,0.69,0.032703210851535665,1.0,0.0,,,40.26,4.437611970418324,34.0,40.0,47.0,0.0,0.9458333333333333,-0.005258100140364815,0.14316991744975696,0.0008476379199964867,400427,"[0.5,0.5,0.5,0.5,0.5,0.5]",power,"[0.91,0.94,0.935,0.935,0.94,0.915]","[0.02023610634484806,0.01679285562374667,0.01743201078476031,0.01743201078476031,0.01679285562374667,0.019719913792915014]",,0.016005099013890686,99,0.0,6,0,1.0,0.91,0.02023610634484806,0.94,0.01679285562374667,0.935,0.01743201078476031,0.935,0.01743201078476031,0.94,0.01679285562374667,0.915,0.019719913792915014,427,B,1.0,999,0.05,no multiplicity control (caller declared acceptance),B,2000
B_0465,B_joint,normal,6,bonferroni,0.6,0.0,D4,200,50,1000,0.05,0.008333333333333333,0.009166666666666667,0.006738931253874344,0.055,0.016120638945153507,,,,,,,62.735,7.25015689485407,51.95,61.0,75.04999999999998,0.0,0.9908333333333333,-0.006225597461324178,0.11579361170397827,0.0009743361250002635,400465,"[0.0,0.0,0.0,0.0,0.0,0.0]",level,"[0.005,0.0,0.015,0.015,0.005,0.015]","[0.004987484335815001,0.0,0.008595056718835542,0.008595056718835542,0.004987484335815001,0.008595056718835542]",,0.006738931253874341,99,0.0,0,6,1.0,0.005,0.004987484335815001,0.0,0.0,0.015,0.008595056718835542,0.015,0.008595056718835542,0.005,0.004987484335815001,0.015,0.008595056718835542,465,B,0.0,999,0.008333333333333333,plan every contrast at alpha/K = 0.05000/6,B,2000
B_0467,B_joint,normal,6,bonferroni,0.6,0.5,D4,200,50,1000,0.05,0.008333333333333333,0.9483333333333333,0.015652032171929352,,,0.735,0.031206970375222264,1.0,0.0,,,63.01,6.797786404411365,52.0,63.0,75.0,0.0,0.9908333333333333,0.0031783670923514664,0.11414342090345489,0.0009150078399943596,400467,"[0.5,0.5,0.5,0.5,0.5,0.5]",power,"[0.935,0.96,0.93,0.93,0.96,0.975]","[0.01743201078476031,0.013856406460551024,0.01804161855266871,0.01804161855266871,0.013856406460551024,0.011039701082909813]",,0.006738931253874341,99,0.0,6,0,1.0,0.935,0.01743201078476031,0.96,0.013856406460551024,0.93,0.01804161855266871,0.93,0.01804161855266871,0.96,0.013856406460551024,0.975,0.011039701082909813,467,B,1.0,999,0.008333333333333333,plan every contrast at alpha/K = 0.05000/6,B,2000
B_0505,B_joint,normal,6,holm,0.6,0.0,D4,200,50,1000,0.05,0.008333333333333333,0.006666666666666667,0.005754225500544023,0.035,0.012995191418367026,,,,,,,63.185,7.653807875822334,53.0,62.0,77.04999999999998,0.0,0.9933333333333333,0.0051580398530604536,0.1112164760128261,0.0007833147899873438,400505,"[0.0,0.0,0.0,0.0,0.0,0.0]",level,"[0.01,0.005,0.01,0.0,0.005,0.01]","[0.007035623639735145,0.004987484335815001,0.007035623639735145,0.0,0.004987484335815001,0.007035623639735145]",,0.005754225500544041,99,0.0,0,6,1.0,0.01,0.007035623639735145,0.005,0.004987484335815001,0.01,0.007035623639735145,0.0,0.0,0.005,0.004987484335815001,0.01,0.007035623639735145,505,B,0.0,999,0.008333333333333333,plan every contrast at alpha/K = 0.05000/6,B,2000
B_0507,B_joint,normal,6,holm,0.6,0.5,D4,200,50,1000,0.05,0.008333333333333333,0.9875000000000002,0.007856128181235286,,,0.95,0.015411035007422448,1.0,0.0,,,62.18,7.826084589371623,50.0,62.0,76.0,0.0,0.9933333333333333,0.002112254652475701,0.11394374071551798,0.0008850643550067616,400507,"[0.5,0.5,0.5,0.5,0.5,0.5]",power,"[0.985,0.985,0.985,0.995,0.99,0.985]","[0.008595056718835545,0.008595056718835545,0.008595056718835545,0.004987484335815003,0.007035623639735147,0.008595056718835545]",,0.005754225500544041,99,0.0,6,0,1.0,0.985,0.008595056718835545,0.985,0.008595056718835545,0.985,0.008595056718835545,0.995,0.004987484335815003,0.99,0.007035623639735147,0.985,0.008595056718835545,507,B,1.0,999,0.008333333333333333,plan every contrast at alpha/K = 0.05000/6,B,2000
B_0545,B_joint,normal,6,bh,0.6,0.0,D4,200,50,1000,0.05,0.008333333333333333,0.009166666666666667,0.006738931253874344,0.045,0.014658615214269049,,,,,0.045,0.014658615214269049,62.77,8.025403416651404,52.0,61.0,78.0,0.0,0.9916666666666667,-0.006495404662829604,0.11206485574654423,0.0008954552949944627,400545,"[0.0,0.0,0.0,0.0,0.0,0.0]",level,"[0.01,0.025,0.01,0.005,0.0,0.005]","[0.007035623639735145,0.011039701082909808,0.007035623639735145,0.004987484335815001,0.0,0.004987484335815001]",0.045,0.0064280202585589525,99,0.0,0,6,1.0,0.01,0.007035623639735145,0.025,0.011039701082909808,0.01,0.007035623639735145,0.005,0.004987484335815001,0.0,0.0,0.005,0.004987484335815001,545,B,0.0,999,0.008333333333333333,BH: plan at alpha*r/K with r = 1 pre-declared expected rejections (r = 1 reduces to Bonferroni).,B,2000
B_0547,B_joint,normal,6,bh,0.6,0.5,D4,200,50,1000,0.05,0.008333333333333333,0.9866666666666667,0.008110350040397618,,,0.925,0.01862458053218917,1.0,0.0,0.0,0.0,63.095,7.015409824094385,53.0,63.0,75.0,0.0,0.9891666666666666,0.00449518745172288,0.11552041123549606,0.0007506059799925424,400547,"[0.5,0.5,0.5,0.5,0.5,0.5]",power,"[0.985,0.985,0.98,0.985,0.985,1.0]","[0.008595056718835545,0.008595056718835545,0.009899494936611668,0.008595056718835545,0.008595056718835545,0.0]",0.0,0.0073198265765734676,99,0.0,6,0,1.0,0.985,0.008595056718835545,0.985,0.008595056718835545,0.98,0.009899494936611668,0.985,0.008595056718835545,0.985,0.008595056718835545,1.0,0.0,547,B,1.0,999,0.008333333333333333,BH: plan at alpha*r/K with r = 1 pre-declared expected rejections (r = 1 reduces to Bonferroni).,B,2000
B_0585,B_joint,normal,6,romano_wolf,0.6,0.0,D4,200,50,1000,0.05,0.05,0.007500000000000001,0.006100717170956216,0.045,0.014658615214269049,,,,,,,40.765,4.742338558137746,34.0,41.0,49.04999999999998,0.0,0.9408333333333333,-0.004012899967869995,0.14540551185151696,0.0030811610300042957,400585,"[0.0,0.0,0.0,0.0,0.0,0.0]",level,"[0.02,0.005,0.005,0.005,0.01,0.0]","[0.009899494936611665,0.004987484335815001,0.004987484335815001,0.004987484335815001,0.007035623639735145,0.0]",,0.016683220945342397,99,0.0,0,6,1.0,0.02,0.009899494936611665,0.005,0.004987484335815001,0.005,0.004987484335815001,0.005,0.004987484335815001,0.01,0.007035623639735145,0.0,0.0,585,B,0.0,999,0.05,Romano-Wolf power is planned by simulation from Sigma_D (§4.4); use this alpha at the stepdown.,B,2000
B_0587,B_joint,normal,6,romano_wolf,0.6,0.5,D4,200,50,1000,0.05,0.05,0.8366666666666666,0.026139582586142768,,,0.605,0.03456696399743547,0.995,0.004987484335815003,,,40.475,4.803058921145982,33.0,40.0,49.0,0.0,0.9433333333333334,-0.007196710576004267,0.1415534949128021,0.0029500834949976705,400587,"[0.5,0.5,0.5,0.5,0.5,0.5]",power,"[0.84,0.85,0.815,0.835,0.83,0.85]","[0.025922962793631443,0.025248762345905194,0.027456784225396828,0.02624642832844119,0.026561249970586856,0.025248762345905194]",,0.016348632290738505,99,0.0,6,0,1.0,0.84,0.025922962793631443,0.85,0.025248762345905194,0.815,0.027456784225396828,0.835,0.02624642832844119,0.83,0.026561249970586856,0.85,0.025248762345905194,587,B,1.0,999,0.05,Romano-Wolf power is planned by simulation from Sigma_D (§4.4); use this alpha at the stepdown.,B,2000
B_0589,B_joint,empirical_copula,6,romano_wolf,0.6,0.0,D4,200,50,1000,0.05,0.05,0.007500000000000001,0.006100717170956216,0.04,0.013856406460551017,,,,,,,51.055,8.11492298176637,39.0,51.0,64.04999999999998,0.0,0.9483333333333334,0.0009025101809328735,0.13331448424513384,0.0031177244799982873,400589,"[0.0,0.0,0.0,0.0,0.0,0.0]",level,"[0.01,0.0,0.01,0.005,0.01,0.01]","[0.007035623639735145,0.0,0.007035623639735145,0.004987484335815001,0.007035623639735145,0.007035623639735145]",,0.015652032171929335,99,0.0,0,6,1.0,0.01,0.007035623639735145,0.0,0.0,0.01,0.007035623639735145,0.005,0.004987484335815001,0.01,0.007035623639735145,0.01,0.007035623639735145,589,B,0.0,999,0.05,Romano-Wolf power is planned by simulation from Sigma_D (§4.4); use this alpha at the stepdown.,B,2000
B_0657,B_joint,empirical,6,romano_wolf,,0.0,D4,200,50,1000,0.05,0.05,0.006666666666666667,0.005754225500544023,0.04,0.013856406460551017,,,,,,,47.94,8.262953467132682,38.0,46.0,62.0,0.0,0.945,0.0034842239048088223,0.13609577054680624,0.0033102036799937196,400657,"[0.0,0.0,0.0,0.0,0.0,0.0]",level,"[0.01,0.0,0.005,0.005,0.015,0.005]","[0.007035623639735145,0.0,0.004987484335815001,0.004987484335815001,0.008595056718835542,0.004987484335815001]",,0.016120638945153514,99,0.0,0,6,1.0,0.01,0.007035623639735145,0.0,0.0,0.005,0.004987484335815001,0.005,0.004987484335815001,0.015,0.008595056718835542,0.005,0.004987484335815001,657,B,0.0,999,0.05,Romano-Wolf power is planned by simulation from Sigma_D (§4.4); use this alpha at the stepdown.,B,2000
